grupo,categoria,Tipo_Consultoria,Titulo,Ano_inicio,Mes_inicio,Ano_fin,Mes_fin,Idioma,Ciudad,Disponibilidad,Duracion,Num_contrato,Institucion_Prestadora_servicio
CONTAS,Consultorías científico-tecnológicas,Consultoría científica,ADAPTACIÓN DEL SISTEMA CONTABLE-FINANCIERO DE LA EMPRESA COOPERATIVA MULTIACTIVA LUIS AMIGO, 2018, 6, 2018, 10,Español,MEDELLÍN,Restringido,0,N° 003,COOPERATIVA MULTIACTIVA LUIS AMIGÓ COOPERAMIGÓ
URBANITAS,Consultorías científico-tecnológicas,Consultoría científica,"Apoyar la creaci¿n e implementaci¿n de mecanismos y dispositivos tecnol¿gicos para la promoci¿n de la lectura y el acceso a la informaci¿n a trav¿s de medios digitales, en el sistema de Bibliotecas P¿blicas de Medell¿", 2017, 3, 2017, 5,Español,MEDELLÍN,Restringido,3,342 de 2017,Biblioteca Pública Piloto De Medellín Para América Latina
URBANITAS,Consultorías científico-tecnológicas,Consultoría científica,Distribución local de contenidos digitales, 2019, 8, 2019, 8,Español,MEDELLÍN,No restringido,1,035,Interbooks SAS
URBANITAS,Consultorías científico-tecnológicas,Consultoría científica,Distribución local de contenidos digitales en bibliotecas, 2019, 10, 2019, 11,Español,MEDELLÍN,No restringido,1,02,Taller libre SAS
URBANITAS,Consultorías científico-tecnológicas,Consultoría científica,"Asesoría y presentación del proyecto ""La Prevención del suicidio es una posibilidad de todos y todas"": Identificar las señales de alerta en la prevención del suicidio", 2018, 10, 2018, 10,Español,ANDES,Restringido,0,1,Secretaria de Salud y Bienestar Social del Municipio de Andes (Antioquia)
URBANITAS,Consultorías científico-tecnológicas,Consultoría científica,Consolidación de la ruta de atención local del evento suicida -Andes, 2019, 2, 2019, 2,Español,ANDES,No restringido,1,53213,Secretaria de Salud y Bienestar Social del Municipio de Andes (Antioquia)
URBANITAS,Consultorías científico-tecnológicas,Consultoría científica,Gestión de marca y posicionamiento en medios digitales, 2019, 7, 2020, 5,Español,PUERTO CARREÑO,Restringido,0,395,UNIVERSIDAD CATOLICA LUIS AMIGO
URBANITAS,Consultorías científico-tecnológicas,Consultoría científica,Montaje del sistema de investigación institucional, 2020, 1, 2020, 1,Español,SOPETRÁN,No restringido,1,--,UNIVERSIDAD CATOLICA LUIS AMIGO
URBANITAS,Consultorías científico-tecnológicas,Consultoría científica,¿C¿mo hacer un mercadeo estrat¿gico sin altas inversiones de dinero?, 2017, 8, 2017, 11,Español,MEDELLÍN,Restringido,0,0000,UNIVERSIDAD CATOLICA LUIS AMIGO
URBANITAS,Consultorías científico-tecnológicas,Consultoría científica,"Mediaci¿n, acompa¿amiento y educaci¿n en sostenibilidad para un corredor de exportaciones", 2018, 1, 2018, 11,Español,MEDELLÍN,Restringido,10,Convenio 16 de marzo de 2018,UNIVERSIDAD CATOLICA LUIS AMIGO
URBANITAS,Consultorías científico-tecnológicas,Consultoría científica,Construcción de rutas de atención del comportamiento suicida, 2018, 10, 2018, 10,Español,ANDES,Restringido,0,1,Secretaria de Salud y Bienestar Social del Municipio de Andes (Antioquia)
URBANITAS,Consultorías científico-tecnológicas,Consultoría científica,Cómo informar sobre el suicidio. Prevención del comportamiento suicida., 2018, 10, 2018, 10,Español,ENVIGADO,Restringido,0,1,MUNICIPIO DE ENVIGADO
URBANITAS,Consultorías científico-tecnológicas,Consultoría científica,Cómo identificar señales de alerta y generar estrategias de intervención en el comportamiento suicida, 2018, 10, 2018, 10,Español,ENVIGADO,Restringido,0,1,MUNICIPIO DE ENVIGADO
URBANITAS,Consultorías científico-tecnológicas,Consultoría científica,Conformación de grupos psicoterapéuticos para la atención de personas afectadas por la problemática del intento suicida y suicidio consumado, 2018, 10, 2018, 10,Español,LA UNIÓN,Restringido,0,1,Municipalidad de La Unión
URBANITAS,Consultorías científico-tecnológicas,Consultoría científica,Métodos y aplicaciones de investigación para proyectos ministeriales, 2019, 4, 2019, 11,Español,MEDELLÍN,No restringido,0,Convenio Concilio Asambleas de Dios  - Universidad Católica Luis Amigó,UNIVERSIDAD CATOLICA LUIS AMIGO
URBANITAS,Consultorías científico-tecnológicas,Consultoría científica,Consolidación de la ruta de atención local del evento suicida - Andes, 2019, 2, 2019, 2,Español,ANDES,No restringido,1,53213,Secretaria de Salud y Bienestar Social del Municipio de Andes (Antioquia)
URBANITAS,Consultorías científico-tecnológicas,Consultoría científica,Lineamientos técnicos para una atención humanizada y efectiva del evento suicida, 2020, 3, 2020, 3,Español,ANDES,Restringido,0,53213,Alcaldía de Andes
URBANITAS,Consultorías científico-tecnológicas,Consultoría científica,"Apoyo al apoyo, qrupos de apoyo.", 2020, 7, 2020, 7,Español,ANDES,Restringido,0,53213,Alcaldía de Andes
URBANITAS,Consultorías científico-tecnológicas,Consultoría científica,"Apoyo al apoyo, Telepsicología en época de la Pandemia.", 2020, 4, 2020, 4,Español,ANDES,Restringido,0,53213,Alcaldía de Andes
URBANITAS,Consultorías científico-tecnológicas,Consultoría científica,"Apoyo al apoyo, intervención en crisis en la Pandemia.", 2020, 5, 2020, 5,Español,ANDES,Restringido,0,53213,Alcaldía de Andes
FARMACODEPENDENCIA Y OTRAS ADICCIONES,Consultorías científico-tecnológicas,Consultoría científica,ACOMPAÑAMIENTO 4 EN LA RUTA DE ATENCIÓN EN FASE II LA UNION, 2019, 6, 2019, 6,Español,LA UNIÓN,No restringido,1,53213,Municipalidad de La Unión
FARMACODEPENDENCIA Y OTRAS ADICCIONES,Consultorías científico-tecnológicas,Consultoría científica,"SENSIBILIZACIÓN CON LOS MEDIOS DE COMUNICACIÓN Y ORGANIZACIONES DE ""CÓMO INFORMAR SUICIDIO"" PARA SU PREVENCIÓN EN LA UNION FASE II", 2019, 6, 2019, 6,Español,LA UNIÓN,No restringido,0,53213,Municipalidad de La Unión
FARMACODEPENDENCIA Y OTRAS ADICCIONES,Consultorías científico-tecnológicas,Consultoría científica,IMPORTANCIA DE LA AUTOPSIA PSICOLOGICA EN LA RECOLECCIÓN DE INFORMACIÓN PARA LA PREVENCIÓN DE LA CONDUCTA SUICIDA EN FASE II LA UNION, 2019, 7, 2019, 7,Español,LA UNIÓN,No restringido,1,53213,Municipalidad de La Unión
FARMACODEPENDENCIA Y OTRAS ADICCIONES,Consultorías científico-tecnológicas,Consultoría científica,UNA MIRADA PSICO-JURIDICA DE LA CONDUCTA SUICIDA EN FASE II LA UNION, 2019, 8, 2019, 8,Español,LA UNIÓN,No restringido,1,53213,Municipalidad de La Unión
FARMACODEPENDENCIA Y OTRAS ADICCIONES,Consultorías científico-tecnológicas,Consultoría científica,COSTOS SOCIOECONOMICOS DE LA CONDUCTA SUICIDA EN FASE II LA UNION, 2019, 8, 2019, 8,Español,LA UNIÓN,No restringido,1,53213,Municipalidad de La Unión
FARMACODEPENDENCIA Y OTRAS ADICCIONES,Consultorías científico-tecnológicas,Consultoría científica,CONSULTORIA EN EL PROTOCOLO DE AUTOPSIA PSICO SOCIO PATOLOGICS (PAPSI) EN FASE II LA UNION, 2019, 8, 2019, 8,Español,LA UNIÓN,No restringido,1,53213,Municipalidad de La Unión
FARMACODEPENDENCIA Y OTRAS ADICCIONES,Consultorías científico-tecnológicas,Consultoría científica,CONSULTORIA EN FACTORES PROTECTORES PSICO-ESPIRITUALES DE LA CONDUCTA SUICIDA-ESPIRIEDUCACIÓN EN LA UNION FASE II, 2019, 9, 2019, 9,Español,LA UNIÓN,No restringido,1,53213,Municipalidad de La Unión
FARMACODEPENDENCIA Y OTRAS ADICCIONES,Consultorías científico-tecnológicas,Consultoría científica,PROGRAMA RADIAL PARA DIFUNDIR A TRAVES DE LOS MEDIOS ESTRATEGIAS QUE VAN ORIENTADAS A LA PREVENCION DE LA CONDUCTA SUICIDA LA UNION EN FASE II, 2019, 7, 2019, 7,Español,LA UNIÓN,No restringido,1,53213,Municipalidad de La Unión
FARMACODEPENDENCIA Y OTRAS ADICCIONES,Consultorías científico-tecnológicas,Consultoría científica,PROGRAMATELEVISIVO DIFUNDIR A TRAVES DE LOS MEDIOS DE COMUNICACION ESTRATEGIAS ORIENTADAS A LA PREVENCION DE LA CONDUCTA SUICIDA LA UNION FASE II, 2019, 5, 2019, 5,Español,LA UNIÓN,No restringido,1,53213,Municipalidad de La Unión
FARMACODEPENDENCIA Y OTRAS ADICCIONES,Consultorías científico-tecnológicas,Consultoría científica,lineamientos técnicos para una atención humanizada y efectiva del evento suicida. Municipio de Andes en Fase III, 2020, 3, 2020, 3,Español,ANDES,No restringido,1,53213,Secretaria de Salud y Bienestar Social del Municipio de Andes (Antioquia)
FARMACODEPENDENCIA Y OTRAS ADICCIONES,Consultorías científico-tecnológicas,Consultoría científica,"Apoyo al apoyo, qrupos de apoyo. Municipio de Andes en Fase III", 2020, 7, 2020, 7,Español,ANDES,No restringido,1,53213,Secretaria de Salud y Bienestar Social del Municipio de Andes (Antioquia)
FARMACODEPENDENCIA Y OTRAS ADICCIONES,Consultorías científico-tecnológicas,Consultoría científica,"Apoyo al apoyo, Telepsicología en época de la Pandemia. Municipio de Andes en FASE III", 2020, 4, 2020, 4,Español,ANDES,No restringido,1,53213,Secretaria de Salud y Bienestar Social del Municipio de Andes (Antioquia)
FARMACODEPENDENCIA Y OTRAS ADICCIONES,Consultorías científico-tecnológicas,Consultoría científica,"Apoyo al apoyo, intervención en crisis en la Pandemia. Municipio de Andes en Fase III", 2020, 5, 2020, 5,Español,ANDES,No restringido,1,53213,Secretaria de Salud y Bienestar Social del Municipio de Andes (Antioquia)
FARMACODEPENDENCIA Y OTRAS ADICCIONES,Consultorías científico-tecnológicas,Consultoría científica,POSTVENCION. Intervención del comportamiento suicida en Envigado Fase III, 2020, 6, 2020, 6,Español,ENVIGADO,No restringido,1,53213,MUNICIPIO DE ENVIGADO
FARMACODEPENDENCIA Y OTRAS ADICCIONES,Consultorías científico-tecnológicas,Consultoría científica,IMPORTANCIA DE LOS GRUPOS DE INTERVENCION EN MUNICIPIO DE ENVIGADO FASE III, 2020, 7, 2020, 7,Español,ENVIGADO,No restringido,1,53213,MUNICIPIO DE ENVIGADO
FARMACODEPENDENCIA Y OTRAS ADICCIONES,Consultorías científico-tecnológicas,Consultoría científica,POSTVENCION.Intervención Familiar sobrevivientes del suicidio ENVIGADO EN FASE III, 2020, 6, 2020, 6,Español,ENVIGADO,No restringido,1,53213,MUNICIPIO DE ENVIGADO
FARMACODEPENDENCIA Y OTRAS ADICCIONES,Consultorías científico-tecnológicas,Consultoría científica,RUTAS DE ATENCION DE LA CONDUCTA SUICIDA EN LOS DIFERENTES ESCENARIOS EN EL MUNICIPIO DE LA UNION FASE III, 2020, 7, 2020, 7,Español,LA UNIÓN,No restringido,1,53213,Municipalidad de La Unión
FARMACODEPENDENCIA Y OTRAS ADICCIONES,Consultorías científico-tecnológicas,Consultoría científica,PRIMEROS AUXILIOS PSICOLOGICOS MUNICIPIO LA UNION EN FASE III, 2020, 7, 2020, 7,Español,LA UNIÓN,No restringido,1,53213,Municipalidad de La Unión
FARMACODEPENDENCIA Y OTRAS ADICCIONES,Consultorías científico-tecnológicas,Consultoría científica,ESPIRIEDUCACION EL COMPONENTE ESPIRITUAL EN LA CONDUCTA SUICIDA MUNICIPIO LA UNION EN FASE III, 2020, 4, 2020, 4,Español,LA UNIÓN,No restringido,1,53213,Municipalidad de La Unión
FARMACODEPENDENCIA Y OTRAS ADICCIONES,Consultorías científico-tecnológicas,Consultoría científica,PRIMER ENCUENTRO DE GRUPO DE CIUDAD RIONEGRO EN FASE III, 2020, 2, 2020, 2,Español,RIONEGRO,No restringido,1,53213,Alcaldía de Rionegro
FARMACODEPENDENCIA Y OTRAS ADICCIONES,Consultorías científico-tecnológicas,Consultoría científica,SEGUNDO ENCUENTRO CONSOLIDACION DE PROPUESTA DE CULTURA DE SALUD RIONEGRO EN FASE III, 2020, 2, 2020, 2,Español,RIONEGRO,No restringido,1,53213,Municipio de Rionegro
FARMACODEPENDENCIA Y OTRAS ADICCIONES,Consultorías científico-tecnológicas,Consultoría científica,TERCER ENCUENTRO DE GRUPO DE CIUDAD EN RIONEGRO. AVANCE EN LA PROPUESTA EN FASE III, 2020, 2, 2020, 2,Español,RIONEGRO,No restringido,1,53213,Alcaldía de Rionegro
FARMACODEPENDENCIA Y OTRAS ADICCIONES,Consultorías científico-tecnológicas,Consultoría científica,CUARTO ENCUENTRO INVITADOS QUE ENRIQUECEN LA REVISION Y TRAZABILIDAD DE PROPUESTAS RIONEGRO FASE III, 2020, 2, 2020, 2,Español,RIONEGRO,No restringido,1,53213,Alcaldía de Rionegro
FARMACODEPENDENCIA Y OTRAS ADICCIONES,Consultorías científico-tecnológicas,Consultoría científica,QUINTO ENCUENTRO: CONSOLIDACION DE PROPUESTA DE ESTE COMITE EN RIONEGRO FASE III, 2020, 3, 2020, 3,Español,RIONEGRO,No restringido,1,53213,Alcaldía de Rionegro
FARMACODEPENDENCIA Y OTRAS ADICCIONES,Consultorías científico-tecnológicas,Consultoría científica,PRIMER ENCUENTRO DE GRUPO DE CIUDAD RIONEGRO EN MAYO FASE III, 2020, 5, 2020, 5,Español,RIONEGRO,No restringido,1,53213,Alcaldía de Rionegro
FARMACODEPENDENCIA Y OTRAS ADICCIONES,Consultorías científico-tecnológicas,Consultoría científica,MESA DE COMUNICACION Y SALUD MENTAL ¿COMO INFORMAR SUICIDIO? RIONEGRO EN FASE III, 2020, 5, 2020, 5,Español,RIONEGRO,No restringido,0,53213,Alcaldía de Rionegro
FARMACODEPENDENCIA Y OTRAS ADICCIONES,Consultorías científico-tecnológicas,Consultoría científica,II MESA REGIONAL DE COMUNICADORES PARA PENSAR CAMPAÑAS DE PREVENCION DEL SUICIDIO EN EL MARCO DEL CONFINAMIENTO.COMUNICADORES Y EQUIPO SALUD MENTAL RIONEGRO FASE III, 2020, 7, 2020, 7,Español,RIONEGRO,No restringido,1,53213,Alcaldía de Rionegro
FARMACODEPENDENCIA Y OTRAS ADICCIONES,Consultorías científico-tecnológicas,Consultoría científica,III MESA REGIONAL DE COMUNICADORES DE ANTIOQUIA PARA LA SOCIALIZACION DEL PROTOCOLO¿COMO INFORMAR SUICIO? RIONEGRO FASE III, 2020, 9, 2020, 9,Español,RIONEGRO,No restringido,1,53213,Alcaldía de Rionegro
FARMACODEPENDENCIA Y OTRAS ADICCIONES,Consultorías científico-tecnológicas,Consultoría científica,Consolidación de la ruta de atención local del evento suicida-Andes, 2019, 2, 2019, 2,Español,ANDES,No restringido,1,53213,Secretaria de Salud y Bienestar Social del Municipio de Andes (Antioquia)
FARMACODEPENDENCIA Y OTRAS ADICCIONES,Consultorías científico-tecnológicas,Consultoría científica,¿CÓMO INFORMAR SUICIDIO? EN FASE II ANDES, 2019, 4, 2019, 4,Español,ANDES,No restringido,1,53213,Secretaria de Salud y Bienestar Social del Municipio de Andes (Antioquia)
FARMACODEPENDENCIA Y OTRAS ADICCIONES,Consultorías científico-tecnológicas,Consultoría científica,ESPIRIEDUCACION EN FASE II ANDES, 2019, 6, 2019, 6,Español,ANDES,No restringido,1,53213,Secretaria de Salud y Bienestar Social del Municipio de Andes (Antioquia)
FARMACODEPENDENCIA Y OTRAS ADICCIONES,Consultorías científico-tecnológicas,Consultoría científica,MIRADA PSICOJURÍDICA Y COSTO SOCIOECONÓMICO DEL COMPORTAMIENTO SUICIDA EN ANDES FASE II, 2019, 9, 2019, 9,Español,ANDES,No restringido,1,53213,Secretaria de Salud y Bienestar Social del Municipio de Andes (Antioquia)
FARMACODEPENDENCIA Y OTRAS ADICCIONES,Consultorías científico-tecnológicas,Consultoría científica,"EL COMPORTAMIENTO SUICIDA, INTEGRACIÓN SECTORIAL EN ANDES FASE II", 2019, 11, 2019, 11,Español,ANDES,No restringido,1,53213,Secretaria de Salud y Bienestar Social del Municipio de Andes (Antioquia)
FARMACODEPENDENCIA Y OTRAS ADICCIONES,Consultorías científico-tecnológicas,Consultoría científica,"CAPACITACION LA MIRADA PSICOJURIDICA DEL COMPORTAMIENTO SUICIDA ""UNA RESPONSABILIDAD DE TODOS Y TODAS"" ENVIGADO EN FASE II", 2019, 8, 2019, 8,Español,ENVIGADO,No restringido,1,53213,MUNICIPIO DE ENVIGADO
FARMACODEPENDENCIA Y OTRAS ADICCIONES,Consultorías científico-tecnológicas,Consultoría científica,"CAPACITACION SOBRE LA IMPORTANCIA DE LOS VINCULOS COMO UN FACTOR PROTECTOR, PARA LA PREVENCION DEL SUICIDIO EN ENVIGADO FASE II", 2019, 9, 2019, 9,Español,ENVIGADO,No restringido,1,53213,MUNICIPIO DE ENVIGADO
FARMACODEPENDENCIA Y OTRAS ADICCIONES,Consultorías científico-tecnológicas,Consultoría científica,"CAPACITACION SOBRE LA IMPORTANCIA DE LOS GRUPOS DE INTERVENCION PSICOPERAPEUTICA ""SOBREVIVIENTES DEL SUICIDIO"" ENVIGADO FASE II", 2019, 9, 2019, 9,Español,ENVIGADO,No restringido,1,53213,
FARMACODEPENDENCIA Y OTRAS ADICCIONES,Consultorías científico-tecnológicas,Consultoría científica,CAPACITACION LA MIRADA PSICOSOCIAL DE LA PROBLEMATICA DEL SUICIDIO EN ENVIGADO EN FASE II, 2019, 9, 2019, 9,Español,ENVIGADO,Restringido,1,53213,MUNICIPIO DE ENVIGADO
FARMACODEPENDENCIA Y OTRAS ADICCIONES,Consultorías científico-tecnológicas,Consultoría científica,CAPACITACION SOBRE LA COMPRENSION PSICOPATOLOGICA DEL SUICIDIO ENVIGADO EN FASE II, 2019, 10, 2019, 10,Español,ENVIGADO,No restringido,1,53213,MUNICIPIO DE ENVIGADO
FARMACODEPENDENCIA Y OTRAS ADICCIONES,Consultorías científico-tecnológicas,Consultoría científica,PREVENCION DEL SUICIDIO EN EL CONTEXTO ESCOLAR.UNA ESTRATEGIA DE VIDA EN ENVIGADO FASE II, 2019, 8, 2019, 8,Español,ENVIGADO,No restringido,1,53213,MUNICIPIO DE ENVIGADO
FARMACODEPENDENCIA Y OTRAS ADICCIONES,Consultorías científico-tecnológicas,Consultoría científica,CATEDRA ABIERTA U. DE A. EN FASE II RIONEGRO, 2019, 4, 2019, 4,Español,RIONEGRO,No restringido,1,53213,Municipio de Rionegro
FARMACODEPENDENCIA Y OTRAS ADICCIONES,Consultorías científico-tecnológicas,Consultoría científica,CURSO DE PREVENCIÓN DEL COMPORTAMIENTO SUICIDA EN FASE II RIONEGRO, 2019, 8, 2019, 8,Español,RIONEGRO,No restringido,1,53213,Alcaldía de Rionegro
FARMACODEPENDENCIA Y OTRAS ADICCIONES,Consultorías científico-tecnológicas,Consultoría científica,CAPACITACION EN PREVENCION DEL COMPORTAMIENTO SUICIDA EN EL ENTORNO ESCOLAR EN RIONEGRO FASE II, 2019, 8, 2019, 8,Español,RIONEGRO,No restringido,1,53213,Alcaldía de Rionegro
FARMACODEPENDENCIA Y OTRAS ADICCIONES,Consultorías científico-tecnológicas,Consultoría científica,2 FASE DE CAPACITACIÓN AL CLERO(SACERDOTES DE LA DIÓCESIS SONSON RIONEGRO DEL ORIENTE ANTIOQUEÑO) EN FASE II, 2019, 9, 2019, 9,Español,RIONEGRO,No restringido,1,53213,Alcaldía de Rionegro
FARMACODEPENDENCIA Y OTRAS ADICCIONES,Consultorías científico-tecnológicas,Consultoría científica,FORO DE PREVENCION DEL COMPORTAMIENTO SUICIDA DEL ORIENTE ANTIOQUEÑO EN FASE II ANDES, 2019, 9, 2019, 9,Español,RIONEGRO,No restringido,1,53213,Alcaldía de Rionegro
FARMACODEPENDENCIA Y OTRAS ADICCIONES,Consultorías científico-tecnológicas,Consultoría científica,FORO DE PREVENCION DEL COMPORTAMIENTO SUICIDA DEL ORIENTE ANTIOQUEÑO EN FASE II RIONEGRO, 2019, 9, 2019, 9,Español,RIONEGRO,Restringido,1,53213,Alcaldía de Rionegro
FARMACODEPENDENCIA Y OTRAS ADICCIONES,Consultorías científico-tecnológicas,Consultoría científica,SENSIBILIZACION Y FORMACION A OS LIDERES ESPIRITUALES DE IGLESIAS CRISTIANAS EN RIONEGRO EN LA DETECION DE SEÑALES DE ALERTA DEL COMPORTAMIENTO SUICIDA EN FASE II, 2019, 9, 2019, 9,Español,RIONEGRO,Restringido,0,53213,Municipio de Rionegro
FARMACODEPENDENCIA Y OTRAS ADICCIONES,Consultorías científico-tecnológicas,Consultoría científica,CURSO DE PREVENCIÓN DEL COMPORTAMIENTO SUICIDA EN FASE II RIONEGRO, 2019, 9, 2019, 9,Español,RIONEGRO,Restringido,1,53213,Alcaldía de Rionegro
FARMACODEPENDENCIA Y OTRAS ADICCIONES,Consultorías científico-tecnológicas,Consultoría científica,CURSO DE PREVENCION DEL COMPORTAMIENTO SUICIDA, 2019, 9, 2019, 9,Español,RIONEGRO,No restringido,1,53213,Alcaldía de Rionegro
FARMACODEPENDENCIA Y OTRAS ADICCIONES,Consultorías científico-tecnológicas,Consultoría científica,PROTOCOLO DE COMO INFORMAR SUICIDIO EN FASE II LA UNION, 2019, 4, 2019, 4,Español,LA UNIÓN,No restringido,1,53213,Municipalidad de La Unión
FARMACODEPENDENCIA Y OTRAS ADICCIONES,Consultorías científico-tecnológicas,Consultoría científica,ACOMPAÑAMIENTO EN LA CONSTRUCCION DE LA RUTA DE ATENCION A LA CONDUCTA SUICIDA EN LA UNION FASE II, 2019, 5, 2019, 5,Español,LA UNIÓN,No restringido,0,53213,Municipalidad de La Unión
FARMACODEPENDENCIA Y OTRAS ADICCIONES,Consultorías científico-tecnológicas,Consultoría científica,INTERVENCIÓN EN CRISIS Y LOS FACTORES DE RIESGO ASOCIADOS AL COMPORTAMIENTO SUICIDA EN LA UNION FASE II, 2019, 5, 2019, 5,Español,LA UNIÓN,No restringido,1,53213,Municipalidad de La Unión
FARMACODEPENDENCIA Y OTRAS ADICCIONES,Consultorías científico-tecnológicas,Consultoría científica,ACOMPAÑAMIENTO 3 EN LA CONSTRUCCIÓN DE LA RUTA DE ATENCIÓN A LA CONDUCTA SUICIDA EN LA UNION FASE II, 2019, 6, 2019, 6,Español,LA UNIÓN,No restringido,1,53213,Municipalidad de La Unión
FARMACODEPENDENCIA Y OTRAS ADICCIONES,Consultorías científico-tecnológicas,Consultoría científica,Cómo identificar señales de alerta y generar estrategias de intervención para la prevención del comportamiento suicida, 2018, 10, 2018, 10,Español,ANDES,Restringido,1,Convenio de cooperación interinstitucional,Secretaria de Salud y Bienestar Social del Municipio de Andes (Antioquia)
FARMACODEPENDENCIA Y OTRAS ADICCIONES,Consultorías científico-tecnológicas,Consultoría científica,"Asesoría y presentación del proyecto ""La prevención del suicidio es una posibilidad de todos y todas""", 2018, 5, 2018, 5,Español,LA UNIÓN,No restringido,0,05020201105,Municipalidad de La Unión
FARMACODEPENDENCIA Y OTRAS ADICCIONES,Consultorías científico-tecnológicas,Consultoría científica,Espirieducación, 2019, 6, 2019, 6,Español,ANDES,No restringido,1,53213,Secretaria de Salud y Bienestar Social del Municipio de Andes (Antioquia)
FARMACODEPENDENCIA Y OTRAS ADICCIONES,Consultorías científico-tecnológicas,Consultoría científica,Mirada psicojurídica y socioeconómica del suicidio, 2019, 9, 2019, 9,Español,ANDES,No restringido,1,53213,Secretaria de Salud y Bienestar Social del Municipio de Andes (Antioquia)
FARMACODEPENDENCIA Y OTRAS ADICCIONES,Consultorías científico-tecnológicas,Consultoría científica,Consolidación de la ruta de atención, 2019, 2, 2019, 2,Español,ANDES,Restringido,1,53213,Secretaria de Salud y Bienestar Social del Municipio de Andes (Antioquia)
FARMACODEPENDENCIA Y OTRAS ADICCIONES,Consultorías científico-tecnológicas,Consultoría científica,Informar suicidio, 2019, 4, 2019, 4,Español,ANDES,No restringido,1,53213,Secretaria de Salud y Bienestar Social del Municipio de Andes (Antioquia)
FARMACODEPENDENCIA Y OTRAS ADICCIONES,Consultorías científico-tecnológicas,Consultoría científica,Suicidio Integración sectorial., 2019, 11, 2019, 11,Español,ANDES,Restringido,1,53213,Secretaria de Salud y Bienestar Social del Municipio de Andes (Antioquia)
FARMACODEPENDENCIA Y OTRAS ADICCIONES,Consultorías científico-tecnológicas,Consultoría científica,"Conformación de grupos psicoterapeuticos, para la atención de personas afectadas por la problemática del intento suicida y del suicidio consumado", 2018, 10, 0, 10,Español,MEDELLÍN,Restringido,0,05020201105,Municipalidad de La Unión
FARMACODEPENDENCIA Y OTRAS ADICCIONES,Consultorías científico-tecnológicas,Consultoría científica,Prevención del suicidio en el contexto escolar. Una estrategia para la vida., 2019, 8, 2019, 8,Español,ENVIGADO,No restringido,1,53213,MUNICIPIO DE ENVIGADO
FARMACODEPENDENCIA Y OTRAS ADICCIONES,Consultorías científico-tecnológicas,Consultoría científica,"Capacitación sobre la importancia de los grupos de intervención psicoterapéutica. ""Sobrevivientes del suicidio""", 2019, 9, 2019, 9,Español,ENVIGADO,No restringido,1,53213,MUNICIPIO DE ENVIGADO
FARMACODEPENDENCIA Y OTRAS ADICCIONES,Consultorías científico-tecnológicas,Consultoría científica,Capacitación sobre la importancia de los vinculos como un factor protector para la prevención del suicidio, 2019, 9, 2019, 9,Español,ENVIGADO,No restringido,1,53213,MUNICIPIO DE ENVIGADO
FARMACODEPENDENCIA Y OTRAS ADICCIONES,Consultorías científico-tecnológicas,Consultoría científica,Capacitación sobre la mirada psicosocial de la problemática del suicidio, 2019, 9, 2019, 9,Español,ENVIGADO,Restringido,1,53213,MUNICIPIO DE ENVIGADO
FARMACODEPENDENCIA Y OTRAS ADICCIONES,Consultorías científico-tecnológicas,Consultoría científica,Capacitación sobre la comprensión psicopatológica del suicidio, 2019, 10, 2019, 10,Español,ENVIGADO,No restringido,1,53213,MUNICIPIO DE ENVIGADO
FARMACODEPENDENCIA Y OTRAS ADICCIONES,Consultorías científico-tecnológicas,Consultoría científica,"Capacitación sobre la mirada psicojurídica del comportamiento suicida ""una responsabilidad de todos y todas""", 2019, 1, 2019, 1,Español,ENVIGADO,No restringido,1,53213,MUNICIPIO DE ENVIGADO
FARMACODEPENDENCIA Y OTRAS ADICCIONES,Consultorías científico-tecnológicas,Consultoría científica,Acompañamiento ruta de atención para la atención del comportamiento suicida, 2019, 5, 2019, 5,Español,LA UNIÓN,No restringido,1,53213,Municipalidad de La Unión
FARMACODEPENDENCIA Y OTRAS ADICCIONES,Consultorías científico-tecnológicas,Consultoría científica,Cómo informar suicidio, 2019, 4, 2019, 4,Español,LA UNIÓN,No restringido,1,53213,Municipalidad de La Unión
FARMACODEPENDENCIA Y OTRAS ADICCIONES,Consultorías científico-tecnológicas,Consultoría científica,Costos socioeconómicos de la conducta suicida, 2019, 8, 2019, 8,Español,LA UNIÓN,No restringido,1,53213,Municipalidad de La Unión
FARMACODEPENDENCIA Y OTRAS ADICCIONES,Consultorías científico-tecnológicas,Consultoría científica,Factores protectores del comportamiento suicida, 2019, 9, 2019, 9,Español,LA UNIÓN,No restringido,1,53215,Municipalidad de La Unión
FARMACODEPENDENCIA Y OTRAS ADICCIONES,Consultorías científico-tecnológicas,Consultoría científica,RUTAS DE ATENCIÓN DEL COMPORTAMIENTO SUICIDA, 2018, 9, 0, 1,Español,ANDES,Restringido,0,05020201105,UNIVERSIDAD CATOLICA LUIS AMIGO
FARMACODEPENDENCIA Y OTRAS ADICCIONES,Consultorías científico-tecnológicas,Consultoría científica,Importancia recolección de información de autopsia psicológica, 2019, 7, 2019, 7,Español,LA UNIÓN,No restringido,1,53213,Municipalidad de La Unión
FARMACODEPENDENCIA Y OTRAS ADICCIONES,Consultorías científico-tecnológicas,Consultoría científica,Intervención en crisis y factores de riesgo asociados al comportamiento suicida, 2019, 5, 2019, 5,Español,LA UNIÓN,Restringido,1,53213,Municipalidad de La Unión
FARMACODEPENDENCIA Y OTRAS ADICCIONES,Consultorías científico-tecnológicas,Consultoría científica,Mirada psicojurídica del suicidio, 2019, 8, 2019, 8,Español,LA UNIÓN,No restringido,1,53213,Municipalidad de La Unión
FARMACODEPENDENCIA Y OTRAS ADICCIONES,Consultorías científico-tecnológicas,Consultoría científica,Lineamientos técnicos para una atención humanizada y efectiva del evento suicida. Municipio de Andes en Fase III, 2020, 3, 2020, 3,Español,ANDES,No restringido,1,53213,Secretaria de Salud y Bienestar Social del Municipio de Andes (Antioquia)
FARMACODEPENDENCIA Y OTRAS ADICCIONES,Consultorías científico-tecnológicas,Consultoría científica,"Apoyo al apoyo, qrupos de apoyo. Municipio de Andes en fase III", 2020, 7, 2020, 7,Español,ANDES,No restringido,1,53213,Secretaria de Salud y Bienestar Social del Municipio de Andes (Antioquia)
FARMACODEPENDENCIA Y OTRAS ADICCIONES,Consultorías científico-tecnológicas,Consultoría científica,"Apoyo al apoyo, Telepsicología en época de la Pandemia. Municipio de Andes en Fase III", 2020, 4, 2020, 4,Español,ANDES,No restringido,1,53213,Secretaria de Salud y Bienestar Social del Municipio de Andes (Antioquia)
FARMACODEPENDENCIA Y OTRAS ADICCIONES,Consultorías científico-tecnológicas,Consultoría científica,"2Apoyo al apoyo, intervención en crisis en la Pandemia. Municipio de Andes Fase III", 2020, 5, 2020, 5,Español,ANDES,No restringido,1,53213,Secretaria de Salud y Bienestar Social del Municipio de Andes (Antioquia)
FARMACODEPENDENCIA Y OTRAS ADICCIONES,Consultorías científico-tecnológicas,Consultoría científica,SEÑALES DE ALERTA Y SUICIDIO, 2018, 10, 0, 1,Español,ANDES,Restringido,0,05020201105,UNIVERSIDAD CATOLICA LUIS AMIGO
FARMACODEPENDENCIA Y OTRAS ADICCIONES,Consultorías científico-tecnológicas,Consultoría científica,"POSTVENCION,INTERVENCION DEL COMPORTAMIENTO SUICIDA MUNICIPIO DE ENVIGADO EN FASE III", 2020, 6, 2020, 6,Español,ENVIGADO,No restringido,1,53213,MUNICIPIO DE ENVIGADO
FARMACODEPENDENCIA Y OTRAS ADICCIONES,Consultorías científico-tecnológicas,Consultoría científica,IMPORTANCIA DE LOS GRUPOS DE INTERVENCION EN MUNICIPIO DE ENVIGADO EN FASE III, 2020, 7, 2020, 7,Español,ENVIGADO,No restringido,1,53213,MUNICIPIO DE ENVIGADO
FARMACODEPENDENCIA Y OTRAS ADICCIONES,Consultorías científico-tecnológicas,Consultoría científica,"POSTVENCION, INTERVENCION FAMILIAR, SOBREVIVIENTES DEL SUICIDO MUNICIPIO DE ENVIGADO EN FASE III", 2020, 7, 2020, 7,Español,ENVIGADO,No restringido,1,53213,MUNICIPIO DE ENVIGADO
FARMACODEPENDENCIA Y OTRAS ADICCIONES,Consultorías científico-tecnológicas,Consultoría científica,RUTAS DE ATENCION EN LA CONDUCTA SUICIDA EN LOS DIFERENTES ESCENARIOS EN MUNICIPIO LA UNION EN FASE III, 2020, 7, 2020, 7,Español,LA UNIÓN,No restringido,1,53213,Municipalidad de La Unión
FARMACODEPENDENCIA Y OTRAS ADICCIONES,Consultorías científico-tecnológicas,Consultoría científica,PRIMEROS AUXILIOS PSICOLOGICOS EN MUNICIPIO DE LA UNION EN FASE III, 2020, 7, 2020, 7,Español,LA UNIÓN,Restringido,1,53213,Municipalidad de La Unión
FARMACODEPENDENCIA Y OTRAS ADICCIONES,Consultorías científico-tecnológicas,Consultoría científica,ESPIRIEDUCACION EL COMPORTAMIENTO ESPIRITUAL EN LA CONDUCTA SUICIDA MUNICIPIO DE LA UNION EN FASE III, 2020, 4, 2020, 4,Español,LA UNIÓN,No restringido,1,53213,Municipalidad de La Unión
FARMACODEPENDENCIA Y OTRAS ADICCIONES,Consultorías científico-tecnológicas,Consultoría científica,PRIMER ENCUENTRO DE GRUPO DE CIUDAD EN RIONEGRO EN FASE III, 2020, 2, 2020, 2,Español,RIONEGRO,No restringido,1,53213,Alcaldía de Rionegro
FARMACODEPENDENCIA Y OTRAS ADICCIONES,Consultorías científico-tecnológicas,Consultoría científica,CONSTRUCCIÓN DE LAS RUTAS DE ATENCIÓN, 2018, 10, 0, 1,Español,ANDES,No restringido,0,05020201105,UNIVERSIDAD CATOLICA LUIS AMIGO
FARMACODEPENDENCIA Y OTRAS ADICCIONES,Consultorías científico-tecnológicas,Consultoría científica,SEGUNDO ENCUENTRO DE CONSOLIDACION DE PROPUESTA CULTURA SALUD MUNICIPIO RIONEGRO EN FASE III, 2020, 2, 2020, 2,Español,RIONEGRO,No restringido,1,53213,Alcaldía de Rionegro
FARMACODEPENDENCIA Y OTRAS ADICCIONES,Consultorías científico-tecnológicas,Consultoría científica,TERCER ENCUENTRO DE GRUPO DE CIUDAD AVANCE EN LA PROPUESTA RIONEGRO EN FASE III, 2020, 2, 2020, 2,Español,RIONEGRO,No restringido,1,53213,Alcaldía de Rionegro
FARMACODEPENDENCIA Y OTRAS ADICCIONES,Consultorías científico-tecnológicas,Consultoría científica,CUARTO ENCUENTRO INVITADOS QUE ENRIQUECEN LA REVISION Y TRAZABILIDAD DE LAS PROPUESTAS RIONEGRO EN FASE III, 2020, 2, 2020, 2,Español,RIONEGRO,No restringido,1,53213,Alcaldía de Rionegro
FARMACODEPENDENCIA Y OTRAS ADICCIONES,Consultorías científico-tecnológicas,Consultoría científica,PRIMER ENCUENTRO DE GRUPO DE CIUDAD CAPACITAR GRUPO PSICOSOCIAL LINEA ATENCION 24 HORAS EN RIONEGRO FASE III, 2020, 5, 2020, 5,Español,RIONEGRO,No restringido,1,53213,Alcaldía de Rionegro
FARMACODEPENDENCIA Y OTRAS ADICCIONES,Consultorías científico-tecnológicas,Consultoría científica,MESA DE COMUNICACION Y SALUD MENTAL MUNICIPIO DE RIONEGRO EN FASE III, 2020, 5, 2020, 5,Español,RIONEGRO,No restringido,1,53213,Alcaldía de Rionegro
FARMACODEPENDENCIA Y OTRAS ADICCIONES,Consultorías científico-tecnológicas,Consultoría científica,SEGUNDA MESA REGIONAL DE COMUNICADORES PARA PENSAR CAMPAÑAS DE PREVENCION DEL SUICIDIO EN EL MARCO DEL CONFINAMIENTO RIONEGRO FASE III, 2020, 7, 2020, 7,Español,RIONEGRO,No restringido,0,53213,Alcaldía de Rionegro
FARMACODEPENDENCIA Y OTRAS ADICCIONES,Consultorías científico-tecnológicas,Consultoría científica,TERCERA MESA REGIONAL DE COMUNICADORES ANTIOQUIA PARA SOCIALIZAR PROTOCOLO DE COMO INFORMAR SUICIDIO EN RIONEGRO FASE III, 2020, 9, 2020, 9,Español,RIONEGRO,No restringido,1,53213,Alcaldía de Rionegro
FARMACODEPENDENCIA Y OTRAS ADICCIONES,Consultorías científico-tecnológicas,Consultoría científica,PRIMER ENCUENTRO DE GRUPO DE CIUDAD RIONEGRO EN MAYO FASE III, 2020, 5, 2020, 5,Español,RIONEGRO,No restringido,1,53213,Alcaldía de Rionegro
FARMACODEPENDENCIA Y OTRAS ADICCIONES,Consultorías científico-tecnológicas,Consultoría científica,MESA DE COMUNICACION Y SALUD MENTAL ¿COMO INFORMAR SUICIDIO? RIONEGRO EN FASE III, 2020, 5, 2020, 5,Español,RIONEGRO,No restringido,1,53213,Alcaldía de Rionegro
FARMACODEPENDENCIA Y OTRAS ADICCIONES,Consultorías científico-tecnológicas,Consultoría científica,II MESA REGIONAL DE COMUNICADORES PARA PENSAR CAMPAÑAS DE PREVENCION DEL SUICIDIO EN EL MARCO DEL CONFINAMIENTO.COMUNICADORES Y EQUIPO SALUD MENTAL RIONEGRO FASE III, 2020, 7, 2020, 7,Español,RIONEGRO,No restringido,1,53213,Alcaldía de Rionegro
FARMACODEPENDENCIA Y OTRAS ADICCIONES,Consultorías científico-tecnológicas,Consultoría científica,III MESA REGIONAL DE COMUNICADORES DE ANTIOQUIA PARA LA SOCIALIZACION DEL PROTOCOLO¿COMO INFORMAR SUICIO? RIONEGRO FASE III, 2020, 9, 2020, 9,Español,RIONEGRO,No restringido,1,53213,Alcaldía de Rionegro
FARMACODEPENDENCIA Y OTRAS ADICCIONES,Consultorías científico-tecnológicas,Consultoría científica,DISEÑO PEDAGOGICO Y EJECUCION DE LOS MODULOS DE REHABILITACION BASADA EN LA COMUNIDAD, 2020, 9, 2020, 11,Español,MEDELLÍN,No restringido,3,650049,UNIVERSIDAD DE ANTIOQUIA
FARMACODEPENDENCIA Y OTRAS ADICCIONES,Consultorías científico-tecnológicas,Consultoría científica,lineamientos técnicos para una atención humanizada y efectiva del evento suicida en Municipio de Andes fase III, 2020, 3, 2020, 3,Español,ANDES,No restringido,1,53213,Secretaria de Salud y Bienestar Social del Municipio de Andes (Antioquia)
FARMACODEPENDENCIA Y OTRAS ADICCIONES,Consultorías científico-tecnológicas,Consultoría científica,"Apoyo al apoyo, qrupos de apoyo. Municipio de Andes en Fase III", 2020, 7, 2020, 7,Español,ANDES,No restringido,1,53213,Secretaria de Salud y Bienestar Social del Municipio de Andes (Antioquia)
FARMACODEPENDENCIA Y OTRAS ADICCIONES,Consultorías científico-tecnológicas,Consultoría científica,"Apoyo al apoyo, Telepsicología en época de la Pandemia. Municipio de Andes FASE III", 2020, 4, 2020, 4,Español,ANDES,No restringido,1,53213,Secretaria de Salud y Bienestar Social del Municipio de Andes (Antioquia)
FARMACODEPENDENCIA Y OTRAS ADICCIONES,Consultorías científico-tecnológicas,Consultoría científica,"Apoyo al apoyo, intervención en crisis en la Pandemia. Municipio de Andes en Fase III", 2020, 5, 2020, 5,Español,ANDES,No restringido,1,53213,Secretaria de Salud y Bienestar Social del Municipio de Andes (Antioquia)
FARMACODEPENDENCIA Y OTRAS ADICCIONES,Consultorías científico-tecnológicas,Consultoría científica,POSTVENCION. Intervención del comportamiento suicida en Envigado Fase III, 2020, 6, 2020, 6,Español,ENVIGADO,No restringido,1,53213,MUNICIPIO DE ENVIGADO
FARMACODEPENDENCIA Y OTRAS ADICCIONES,Consultorías científico-tecnológicas,Consultoría científica,IMPORTANCIA DE LOS GRUPOS DE INTERVENCION EN MUNICIPIO DE ENVIGADO FASE III, 2020, 7, 2020, 7,Español,ENVIGADO,No restringido,1,53213,MUNICIPIO DE ENVIGADO
FARMACODEPENDENCIA Y OTRAS ADICCIONES,Consultorías científico-tecnológicas,Consultoría científica,POSTVENCION.Intervención Familiar sobrevivientes del suicidio ENVIGADO EN FASE III, 2020, 6, 2020, 6,Español,ENVIGADO,No restringido,1,53213,MUNICIPIO DE ENVIGADO
FARMACODEPENDENCIA Y OTRAS ADICCIONES,Consultorías científico-tecnológicas,Consultoría científica,PRIMER ENCUENTRO DE GRUPO DE CIUDAD RIONEGRO EN FASE III, 2020, 2, 2020, 2,Español,RIONEGRO,No restringido,1,53213,Alcaldía de Rionegro
FARMACODEPENDENCIA Y OTRAS ADICCIONES,Consultorías científico-tecnológicas,Consultoría científica,SEGUNDO ENCUENTRO CONSOLIDACION DE PROPUESTA DE CULTURA DE SALUD RIONEGRO EN FASE III, 2020, 2, 2020, 2,Español,RIONEGRO,Restringido,1,53213,Alcaldía de Rionegro
FARMACODEPENDENCIA Y OTRAS ADICCIONES,Consultorías científico-tecnológicas,Consultoría científica,TERCER ENCUENTRO DE GRUPO DE CIUDAD EN RIONEGRO. AVANCE EN LA PROPUESTA EN FASE III, 2020, 2, 2020, 2,Español,RIONEGRO,No restringido,1,53213,Alcaldía de Rionegro
FARMACODEPENDENCIA Y OTRAS ADICCIONES,Consultorías científico-tecnológicas,Consultoría científica,CUARTO ENCUENTRO INVITADOS QUE ENRIQUECEN LA REVISION Y TRAZABILIDAD DE PROPUESTAS RIONEGRO FASE III, 2020, 2, 2020, 2,Español,RIONEGRO,No restringido,1,53213,Alcaldía de Rionegro
FARMACODEPENDENCIA Y OTRAS ADICCIONES,Consultorías científico-tecnológicas,Consultoría científica,QUINTO ENCUENTRO: CONSOLIDACION DE PROPUESTA DE ESTE COMITE EN RIONEGRO FASE III, 2020, 3, 2020, 3,Español,RIONEGRO,No restringido,1,53213,Alcaldía de Rionegro
FARMACODEPENDENCIA Y OTRAS ADICCIONES,Consultorías científico-tecnológicas,Consultoría científica,Revisi¿n metodol¿gica de los proyectos que atienden a la poblaci¿n habitante de calle, 2017, 2, 2017, 2,Español,MEDELLÍN,No restringido,1,4600068693,Fundación Salva Terra
FARMACODEPENDENCIA Y OTRAS ADICCIONES,Consultorías científico-tecnológicas,Consultoría científica,consolidación de la ruta de atención local del evento suicida-Andes en FASE II, 2019, 2, 2019, 2,Español,ANDES,No restringido,1,53213,Secretaria de Salud y Bienestar Social del Municipio de Andes (Antioquia)
FARMACODEPENDENCIA Y OTRAS ADICCIONES,Consultorías científico-tecnológicas,Consultoría científica,ESPIRIEDUCACIÓN EN ANDES FASE II, 2019, 6, 2019, 6,Español,ANDES,No restringido,1,53213,Secretaria de Salud y Bienestar Social del Municipio de Andes (Antioquia)
FARMACODEPENDENCIA Y OTRAS ADICCIONES,Consultorías científico-tecnológicas,Consultoría científica,MIRADA PSICOJURÍDICA Y COSTO SOCIOECONÓMICO DEL COMPORTAMIENTO SUICIDA EN ANDES FASE II, 2019, 9, 2019, 9,Español,ANDES,No restringido,1,53213,Secretaria de Salud y Bienestar Social del Municipio de Andes (Antioquia)
FARMACODEPENDENCIA Y OTRAS ADICCIONES,Consultorías científico-tecnológicas,Consultoría científica,¿Como informar suicidio? EN ANDES FASE II, 2019, 4, 2019, 4,Español,ANDES,No restringido,1,53213,Secretaria de Salud y Bienestar Social del Municipio de Andes (Antioquia)
FARMACODEPENDENCIA Y OTRAS ADICCIONES,Consultorías científico-tecnológicas,Consultoría científica,"EL COMPORTAMIENTO SUICIDA, INTEGRACIÓN SECTORIAL EN ANDES FASE II", 2019, 11, 2019, 11,Español,ANDES,No restringido,1,53213,Secretaria de Salud y Bienestar Social del Municipio de Andes (Antioquia)
FARMACODEPENDENCIA Y OTRAS ADICCIONES,Consultorías científico-tecnológicas,Consultoría científica,CATEDRA ABIERTA U. DE A. EN FASE II, 2020, 4, 2019, 4,Español,RIONEGRO,No restringido,1,53213,Alcaldía de Rionegro
FARMACODEPENDENCIA Y OTRAS ADICCIONES,Consultorías científico-tecnológicas,Consultoría científica,CURSO DE PREVENCIÓN DEL COMPORTAMIENTO SUICIDA EN FASE II, 2019, 8, 2019, 8,Español,RIONEGRO,No restringido,1,53213,Alcaldía de Rionegro
FARMACODEPENDENCIA Y OTRAS ADICCIONES,Consultorías científico-tecnológicas,Consultoría científica,CAPACITACIÓN EN PREVENCIÓN DEL COMPORTAMIENTO SUICIDA EN EL ENTORNO ESCOLAR EN FASE II, 2019, 8, 2019, 8,Español,RIONEGRO,Restringido,1,53213,Alcaldía de Rionegro
FARMACODEPENDENCIA Y OTRAS ADICCIONES,Consultorías científico-tecnológicas,Consultoría científica,2 FASE DE CAPACITACIÓN AL CLERO(SACERDOTES DE LA DIÓCESIS SONSON RIONEGRO DEL ORIENTE ANTIOQUEÑO) EN FASE II, 2019, 9, 2019, 9,Español,RIONEGRO,No restringido,1,53213,Alcaldía de Rionegro
FARMACODEPENDENCIA Y OTRAS ADICCIONES,Consultorías científico-tecnológicas,Consultoría científica,FORO DE PREVENCION DEL COMPORTAMIENTO SUICIDA DEL ORIENTE ANTIOQUEÑO EN FASE II, 2019, 9, 2019, 9,Español,RIONEGRO,No restringido,1,53213,Alcaldía de Rionegro
FARMACODEPENDENCIA Y OTRAS ADICCIONES,Consultorías científico-tecnológicas,Consultoría científica,SENSIBILIZACION Y FORMACION A OS LIDERES ESPIRITUALES DE IGLESIAS CRISTIANAS EN RIONEGRO EN LA DETECION DE SEÑALES DE ALERTA DEL COMPORTAMIENTO SUICIDA EN FASE II, 2019, 9, 2019, 9,Español,RIONEGRO,No restringido,1,53213,Alcaldía de Rionegro
FARMACODEPENDENCIA Y OTRAS ADICCIONES,Consultorías científico-tecnológicas,Consultoría científica,CURSO DE PREVENCIÓN DEL COMPORTAMIENTO SUICIDA FORMAR LOS EQUIPOS PSICOSOCIALES DEL ORIENTE ANTIOQUEÑO LIDERADO POR RIONEGRO EN FASE II, 2019, 9, 2019, 9,Español,RIONEGRO,No restringido,1,53213,Alcaldía de Rionegro
FARMACODEPENDENCIA Y OTRAS ADICCIONES,Consultorías científico-tecnológicas,Consultoría científica,CURSO DE PREVENCIÓN DEL COMPORTAMIENTO SUICIDA EN FASE II, 2019, 9, 2019, 9,Español,RIONEGRO,No restringido,1,53213,Alcaldía de Rionegro
FARMACODEPENDENCIA Y OTRAS ADICCIONES,Consultorías científico-tecnológicas,Consultoría científica,PROTOCOLO COMO INFORMAR SUICIDIO EN LA UNION FASE II, 2019, 4, 2019, 4,Español,LA UNIÓN,No restringido,1,53213,Municipalidad de La Unión
FARMACODEPENDENCIA Y OTRAS ADICCIONES,Consultorías científico-tecnológicas,Consultoría científica,ACOMPAÑAMIENTO EN LA CONSTRUCCIÓN DE LA RUTA DE ATENCIÓN A LA CONDUCTA SUICIDA EN LA UNION FASE II, 2019, 5, 2019, 5,Español,LA UNIÓN,No restringido,1,53213,Municipalidad de La Unión
FARMACODEPENDENCIA Y OTRAS ADICCIONES,Consultorías científico-tecnológicas,Consultoría científica,INTERVENCIÓN EN CRISIS Y LOS FACTORES DE RIESGO ASOCIADOS AL COMPORTAMIENTO SUICIDA EN LA UNION FASE II, 2019, 5, 2019, 5,Español,LA UNIÓN,No restringido,1,53213,Municipalidad de La Unión
FARMACODEPENDENCIA Y OTRAS ADICCIONES,Consultorías científico-tecnológicas,Consultoría científica,ACOMPAÑAMIENTO 3 EN LA CONSTRUCCIÓN DE LA RUTA DE ATENCIÓN A LA CONDUCTA SUICIDA EN LA UNION FASE II, 2019, 6, 2019, 6,Español,LA UNIÓN,No restringido,1,53213,Municipalidad de La Unión
FARMACODEPENDENCIA Y OTRAS ADICCIONES,Consultorías científico-tecnológicas,Consultoría científica,ACOMPAÑAMIENTO 4 EN LA RUTA DE ATENCIÓN EN LA UNION FASE II, 2019, 6, 2019, 6,Español,LA UNIÓN,No restringido,1,53213,Municipalidad de La Unión
FARMACODEPENDENCIA Y OTRAS ADICCIONES,Consultorías científico-tecnológicas,Consultoría científica,"SENSIBILIZACIÓN CON LOS MEDIOS DE COMUNICACIÓN Y ORGANIZACIONES DE ""COMO INFORMAR SUICIDIO"" PARA SU PREVENCIÓN EN LA UNION FASE II", 2019, 6, 2019, 6,Español,LA UNIÓN,No restringido,1,53213,Municipalidad de La Unión
FARMACODEPENDENCIA Y OTRAS ADICCIONES,Consultorías científico-tecnológicas,Consultoría científica,IMPORTANCIA DE LA AUTOPSIA PSICOLOGICA EN LA RECOLECCIÓN DE INFORMACIÓN PARA LA PREVENCIÓN DE LA CONDUCTA SUICIDA EN FASE II, 2019, 7, 2019, 7,Español,LA UNIÓN,No restringido,1,53213,Municipalidad de La Unión
FARMACODEPENDENCIA Y OTRAS ADICCIONES,Consultorías científico-tecnológicas,Consultoría científica,UNA MIRADA PSICO-JURIDICA DE LA CONDUCTA SUICIDA EN FASE II, 2019, 8, 2019, 8,Español,LA UNIÓN,No restringido,1,53213,Municipalidad de La Unión
FARMACODEPENDENCIA Y OTRAS ADICCIONES,Consultorías científico-tecnológicas,Consultoría científica,COSTOS SOCIOECONOMICOS DE LA CONDUCTA SUICIDA EN FASE II, 2019, 8, 2019, 8,Español,LA UNIÓN,No restringido,1,53213,Municipalidad de La Unión
FARMACODEPENDENCIA Y OTRAS ADICCIONES,Consultorías científico-tecnológicas,Consultoría científica,CONSULTORIA EN EL PROTOCOLO DE AUTOPSIA PSICO SOCIO PATOLOGICS (PAPSI) EN FASE II, 2019, 8, 2019, 8,Español,LA UNIÓN,No restringido,1,53213,Municipalidad de La Unión
FARMACODEPENDENCIA Y OTRAS ADICCIONES,Consultorías científico-tecnológicas,Consultoría científica,CONSULTORIA EN FACTORES PROTECTORES PSICO-ESPIRITUALES DE LA CONDUCTA SUICIDA-ESPIRIEDUCACIÓN EN FASE II, 2019, 9, 2019, 9,Español,LA UNIÓN,No restringido,1,53213,Municipalidad de La Unión
FARMACODEPENDENCIA Y OTRAS ADICCIONES,Consultorías científico-tecnológicas,Consultoría científica,"CAPACITACION LA MIRADA SICOJURIDICA DEL COMPORTAMIENTO SUICIDA ""UNA RESPONSABILIDAD DE TODOS Y TODAS"" EN FASE II", 2019, 8, 2019, 8,Español,ENVIGADO,No restringido,1,53213,MUNICIPIO DE ENVIGADO
FARMACODEPENDENCIA Y OTRAS ADICCIONES,Consultorías científico-tecnológicas,Consultoría científica,CAPACITACIÓN IMPORTANCIA DE LOS VINCULOS COMO UN FACTOR PROTECTOR EN LA PREVENCION DEL SUICIDIO EN FASE II, 2019, 9, 2019, 9,Español,ENVIGADO,No restringido,1,53213,MUNICIPIO DE ENVIGADO
FARMACODEPENDENCIA Y OTRAS ADICCIONES,Consultorías científico-tecnológicas,Consultoría científica,"CAPACITACIÓN IMPORTANCIA DE LOS GRUPOS DE INTERVENCIÓN PSICOTERAPÉUTICA ""SOBREVIVIENTES DEL SUICIDIO EN FASE II", 2019, 9, 2019, 9,Español,ENVIGADO,No restringido,1,53213,MUNICIPIO DE ENVIGADO
FARMACODEPENDENCIA Y OTRAS ADICCIONES,Consultorías científico-tecnológicas,Consultoría científica,CAPACITACIÓN SOBRE LA IRADA PSICOSOCIAL DE LA PROBLEMÁTICA DEL SUICIDIO EN FASE II, 2019, 9, 2019, 9,Español,ENVIGADO,No restringido,1,53213,MUNICIPIO DE ENVIGADO
FARMACODEPENDENCIA Y OTRAS ADICCIONES,Consultorías científico-tecnológicas,Consultoría científica,CAPACITACIÓN SOBRE LA COMPRENSIÓN PSICOPATOLÓGICA EL SUICIDIO EN FASE II, 2019, 10, 2019, 10,Español,ENVIGADO,No restringido,1,53213,MUNICIPIO DE ENVIGADO
FARMACODEPENDENCIA Y OTRAS ADICCIONES,Consultorías científico-tecnológicas,Consultoría científica,PREVENCIÓN DEL SUICIDIO EN EL CONTEXTO ESCOLAR. UNA ESTRATEGIA POR LA VIDA, 2019, 8, 2019, 8,Español,ENVIGADO,No restringido,1,53213,MUNICIPIO DE ENVIGADO
FARMACODEPENDENCIA Y OTRAS ADICCIONES,Consultorías científico-tecnológicas,Consultoría científica,lineamientos técnicos para una atención humanizada y efectiva del evento suicida en Municipio de Andes fase III, 2020, 3, 2020, 3,Español,ANDES,No restringido,1,53213,Secretaria de Salud y Bienestar Social del Municipio de Andes (Antioquia)
FARMACODEPENDENCIA Y OTRAS ADICCIONES,Consultorías científico-tecnológicas,Consultoría científica,"Apoyo al apoyo, qrupos de apoyo. Municipio de Andes en Fase III", 2020, 7, 2020, 7,Español,ANDES,No restringido,1,53213,Secretaria de Salud y Bienestar Social del Municipio de Andes (Antioquia)
FARMACODEPENDENCIA Y OTRAS ADICCIONES,Consultorías científico-tecnológicas,Consultoría científica,"Apoyo al apoyo, Telepsicología en época de la Pandemia. Municipio de Andes en FASE III", 2020, 4, 2020, 4,Español,ANDES,No restringido,1,53213,Secretaria de Salud y Bienestar Social del Municipio de Andes (Antioquia)
FARMACODEPENDENCIA Y OTRAS ADICCIONES,Consultorías científico-tecnológicas,Consultoría científica,"Apoyo al apoyo, intervención en crisis en la Pandemia. Municipio de Andes en Fase III", 2020, 5, 2020, 5,Español,ANDES,No restringido,1,53213,Secretaria de Salud y Bienestar Social del Municipio de Andes (Antioquia)
FARMACODEPENDENCIA Y OTRAS ADICCIONES,Consultorías científico-tecnológicas,Consultoría científica,POSTVENCION. Intervención del comportamiento suicida en Envigado Fase III, 2020, 6, 2020, 6,Español,ENVIGADO,No restringido,1,53213,MUNICIPIO DE ENVIGADO
FARMACODEPENDENCIA Y OTRAS ADICCIONES,Consultorías científico-tecnológicas,Consultoría científica,IMPORTANCIA DE LOS GRUPOS DE INTERVENCION EN MUNICIPIO DE ENVIGADO FASE III, 2020, 7, 2020, 7,Español,ENVIGADO,No restringido,0,53213,MUNICIPIO DE ENVIGADO
FARMACODEPENDENCIA Y OTRAS ADICCIONES,Consultorías científico-tecnológicas,Consultoría científica,POSTVENCION.Intervención Familiar sobrevivientes del suicidio ENVIGADO EN FASE III, 2020, 6, 2020, 6,Español,ENVIGADO,No restringido,1,53213,MUNICIPIO DE ENVIGADO
FARMACODEPENDENCIA Y OTRAS ADICCIONES,Consultorías científico-tecnológicas,Consultoría científica,RUTAS DE ATENCION DE LA CONDUCTA SUICIDA EN LOS DIFERENTES ESCENARIOS EN EL MUNICIPIO DE LA UNION FASE III, 2020, 7, 2020, 7,Español,LA UNIÓN,Restringido,1,53213,Municipalidad de La Unión
FARMACODEPENDENCIA Y OTRAS ADICCIONES,Consultorías científico-tecnológicas,Consultoría científica,PRIMEROS AUXILIOS PSICOLOGICOS MUNICIPIO LA UNION EN FASE III, 2020, 7, 2020, 7,Español,LA UNIÓN,No restringido,1,53213,Municipalidad de La Unión
FARMACODEPENDENCIA Y OTRAS ADICCIONES,Consultorías científico-tecnológicas,Consultoría científica,ESPIRIEDUCACION EL COMPONENTE ESPIRITUAL EN LA CONDUCTA SUICIDA MUNICIPIO LA UNION EN FASE III, 2020, 4, 2020, 4,Español,LA UNIÓN,No restringido,0,53213,Municipalidad de La Unión
FARMACODEPENDENCIA Y OTRAS ADICCIONES,Consultorías científico-tecnológicas,Consultoría científica,SEGUNDO ENCUENTRO CONSOLIDACION DE PROPUESTA DE CULTURA DE SALUD RIONEGRO EN FASE III, 2020, 2, 2020, 2,Español,RIONEGRO,No restringido,1,53213,Alcaldía de Rionegro
FARMACODEPENDENCIA Y OTRAS ADICCIONES,Consultorías científico-tecnológicas,Consultoría científica,TERCER ENCUENTRO DE GRUPO DE CIUDAD EN RIONEGRO. AVANCE EN LA PROPUESTA EN FASE III, 2020, 2, 2020, 2,Español,RIONEGRO,No restringido,1,53213,Alcaldía de Rionegro
FARMACODEPENDENCIA Y OTRAS ADICCIONES,Consultorías científico-tecnológicas,Consultoría científica,CUARTO ENCUENTRO INVITADOS QUE ENRIQUECEN LA REVISION Y TRAZABILIDAD DE LAS PROPUESTAS RIONEGRO EN FASE III, 2020, 2, 2020, 2,Español,RIONEGRO,Restringido,0,53213,Alcaldía de Rionegro
FARMACODEPENDENCIA Y OTRAS ADICCIONES,Consultorías científico-tecnológicas,Consultoría científica,QUINTO ENCUENTRO: CONSOLIDACION DE PROPUESTA DE ESTE COMITE EN RIONEGRO FASE III, 2020, 3, 2020, 3,Español,RIONEGRO,No restringido,1,53213,Alcaldía de Rionegro
FARMACODEPENDENCIA Y OTRAS ADICCIONES,Consultorías científico-tecnológicas,Consultoría científica,PRIMER ENCUENTRO DE GRUPO DE CIUDAD RIONEGRO EN FASE III, 2020, 5, 2020, 5,Español,RIONEGRO,No restringido,0,53213,Alcaldía de Rionegro
FARMACODEPENDENCIA Y OTRAS ADICCIONES,Consultorías científico-tecnológicas,Consultoría científica,MESA DE COMUNICACION Y SALUD MENTAL ¿COMO INFORMAR SUICIDIO? RIONEGRO EN FASE III, 2020, 5, 2020, 5,Español,RIONEGRO,No restringido,1,53213,Alcaldía de Rionegro
FARMACODEPENDENCIA Y OTRAS ADICCIONES,Consultorías científico-tecnológicas,Consultoría científica,II MESA REGIONAL DE COMUNICADORES PARA PENSAR CAMPAÑAS DE PREVENCION DEL SUICIDIO EN EL MARCO DEL CONFINAMIENTO.COMUNICADORES Y EQUIPO SALUD MENTAL RIONEGRO FASE III, 2020, 7, 2020, 7,Español,RIONEGRO,No restringido,1,53213,Alcaldía de Rionegro
FARMACODEPENDENCIA Y OTRAS ADICCIONES,Consultorías científico-tecnológicas,Consultoría científica,III MESA REGIONAL DE COMUNICADORES DE ANTIOQUIA PARA LA SOCIALIZACION DEL PROTOCOLO¿COMO INFORMAR SUICIO? RIONEGRO FASE III, 2020, 9, 2020, 9,Español,RIONEGRO,Restringido,1,53213,Alcaldía de Rionegro
ESTUDIOS DE FENOMENOS PSICOSOCIALES,Consultorías científico-tecnológicas,Consultoría científica,Fase I Evaluación de Impacto de la Estrategia Buen Comienzo Antioquia: Línea de Base y Efectos Tempranos del Programa Buen Comienzo Antioquia, 2015, 5, 2015, 9,Español,MEDELLÍN,No restringido,4,4600001155,GOBERNACION DE ANTIOQUIA
ESTUDIOS DE FENOMENOS PSICOSOCIALES,Consultorías científico-tecnológicas,Consultoría científica,CATEDRA ABIERTA U. DE A. EN FASE II RIONEGRO, 2019, 4, 2019, 4,Español,RIONEGRO,No restringido,1,53213,Alcaldía de Rionegro
ESTUDIOS DE FENOMENOS PSICOSOCIALES,Consultorías científico-tecnológicas,Consultoría científica,CURSO DE PREVENCIÓN DEL COMPORTAMIENTO SUICIDA EN FASE II RIONEGRO, 2019, 8, 2019, 8,Español,ANDES,No restringido,1,53213,Alcaldía de Rionegro
ESTUDIOS DE FENOMENOS PSICOSOCIALES,Consultorías científico-tecnológicas,Consultoría científica,CAPACITACIÓN EN PREVENCIÓN DEL COMPORTAMIENTO SUICIDA EN EL ENTORNO ESCOLAR EN FASE II RIONEGRO, 2019, 8, 2019, 8,Español,RIONEGRO,No restringido,1,53213,Alcaldía de Rionegro
ESTUDIOS DE FENOMENOS PSICOSOCIALES,Consultorías científico-tecnológicas,Consultoría científica,2FASE DE CAPACITACION AL CLERO (SACERDOTES DE LA DIOCESIS SONSON RIONEGRO DEL ORIENTE ANTIOQUEÑO EN FASE II, 2019, 9, 0, 9,Español,RIONEGRO,No restringido,1,53213,DIOCESIS DE SONSON RIONEGRO
ESTUDIOS DE FENOMENOS PSICOSOCIALES,Consultorías científico-tecnológicas,Consultoría científica,CURSO DE PREVENCIÓN DEL COMPORTAMIENTO SUICIDA EN FASE II SEPT19 RIONEGRO, 2019, 9, 2019, 9,Español,RIONEGRO,No restringido,1,53213,Alcaldía de Rionegro
ESTUDIOS DE FENOMENOS PSICOSOCIALES,Consultorías científico-tecnológicas,Consultoría científica,SENSIBILIZACION Y FORMACION A OS LIDERES ESPIRITUALES DE IGLESIAS CRISTIANAS EN RIONEGRO EN LA DETECION DE SEÑALES DE ALERTA DEL COMPORTAMIENTO SUICIDA EN FASE II, 2019, 9, 2019, 9,Español,,No restringido,1,53213,Alcaldía de Rionegro
ESTUDIOS DE FENOMENOS PSICOSOCIALES,Consultorías científico-tecnológicas,Consultoría científica,CURSO DE PREVENCIÓN DEL COMPORTAMIENTO SUICIDA EN FASE II RIONEGRO SEPT 19, 2019, 9, 2019, 9,Español,RIONEGRO,No restringido,1,53213,Alcaldía de Rionegro
ESTUDIOS DE FENOMENOS PSICOSOCIALES,Consultorías científico-tecnológicas,Consultoría científica,FORO DE PREVENCION DEL COMPORTAMIENTO SUICIDA DEL ORIENTE ANTIOQUEÑO EN FASE II RIONEGRO, 2019, 9, 2019, 9,Español,,No restringido,1,53213,Alcaldía de Rionegro
ESTUDIOS DE FENOMENOS PSICOSOCIALES,Consultorías científico-tecnológicas,Consultoría científica,CURSO DE PREVENCIÓN DEL COMPORTAMIENTO SUICIDA EN FASE II RIONEGRO SEPT26, 2019, 9, 2019, 9,Español,RIONEGRO,No restringido,1,53213,Alcaldía de Rionegro
ESTUDIOS DE FENOMENOS PSICOSOCIALES,Consultorías científico-tecnológicas,Consultoría científica,lineamientos técnicos para una atención humanizada y efectiva del evento suicida. Municipio de Andes FASE III, 2020, 3, 2020, 3,Español,ANDES,No restringido,1,53213,Secretaria de Salud y Bienestar Social del Municipio de Andes (Antioquia)
ESTUDIOS DE FENOMENOS PSICOSOCIALES,Consultorías científico-tecnológicas,Consultoría científica,"Apoyo al apoyo, qrupos de apoyo. Municipio de Andes en Fase III", 2020, 4, 2020, 4,Español,ANDES,No restringido,1,53213,Secretaria de Salud y Bienestar Social del Municipio de Andes (Antioquia)
ESTUDIOS DE FENOMENOS PSICOSOCIALES,Consultorías científico-tecnológicas,Consultoría científica,"Apoyo al apoyo, Telepsicología en época de la Pandemia. Municipio de Andes en FASE III", 2020, 4, 2020, 4,Español,ANDES,No restringido,1,53213,Secretaria de Salud y Bienestar Social del Municipio de Andes (Antioquia)
ESTUDIOS DE FENOMENOS PSICOSOCIALES,Consultorías científico-tecnológicas,Consultoría científica,"Apoyo al apoyo, intervención en crisis en la Pandemia. Municipio de Andes en Fase III", 2020, 5, 2020, 5,Español,ANDES,No restringido,1,53213,Secretaria de Salud y Bienestar Social del Municipio de Andes (Antioquia)
ESTUDIOS DE FENOMENOS PSICOSOCIALES,Consultorías científico-tecnológicas,Consultoría científica,"POSTVENCIÓN, INTERVENCIÓN DEL COMPORTAMIENTO SUICIDA ENVIGADO, FASE III", 2020, 6, 2020, 6,Español,ENVIGADO,No restringido,1,53213,MUNICIPIO DE ENVIGADO
ESTUDIOS DE FENOMENOS PSICOSOCIALES,Consultorías científico-tecnológicas,Consultoría científica,"IMPORTANCIA DE LOS GRUPOS DE INTERVENCIÓN. ENVIGADO, FASE III", 2020, 7, 2020, 7,Español,ENVIGADO,No restringido,1,53213,MUNICIPIO DE ENVIGADO
ESTUDIOS DE FENOMENOS PSICOSOCIALES,Consultorías científico-tecnológicas,Consultoría científica,"POSTVENCIÓN, INTERVENCIÓN DEL COMPORTAMIENTO SUICIDA ENVIGADO, FASE III", 2020, 6, 2020, 6,Español,,No restringido,1,53213,MUNICIPIO DE ENVIGADO
ESTUDIOS DE FENOMENOS PSICOSOCIALES,Consultorías científico-tecnológicas,Consultoría científica,"RUTAS DE ATENCIÓN DE LA CONDUCTA SUICIDA. LA UNIÓN, FASE III", 2020, 7, 2020, 7,Español,LA UNIÓN,No restringido,1,53213,Municipalidad de La Unión
ESTUDIOS DE FENOMENOS PSICOSOCIALES,Consultorías científico-tecnológicas,Consultoría científica,PRIMEROS AUXILIOS PSICOLOGICOS. LA UNIÓN. FASE III, 2020, 7, 2020, 7,Español,LA UNIÓN,No restringido,1,53213,Municipalidad de La Unión
ESTUDIOS DE FENOMENOS PSICOSOCIALES,Consultorías científico-tecnológicas,Consultoría científica,ESPIRIEDUCACIÓN. LA UNIÓN. FASE III, 2020, 4, 2020, 4,Español,LA UNIÓN,No restringido,1,53213,Municipalidad de La Unión
ESTUDIOS DE FENOMENOS PSICOSOCIALES,Consultorías científico-tecnológicas,Consultoría científica,PRIMER ENCUENTRO GRUPO CIUDAD RIONEGRO FASE III, 2020, 2, 2020, 2,Español,RIONEGRO,No restringido,1,53213,Alcaldía de Rionegro
ESTUDIOS DE FENOMENOS PSICOSOCIALES,Consultorías científico-tecnológicas,Consultoría científica,Consolidación de propuesta cultura de salud. Rionegro. FASE III, 2020, 2, 2020, 2,Español,RIONEGRO,No restringido,1,53213,Alcaldía de Rionegro
ESTUDIOS DE FENOMENOS PSICOSOCIALES,Consultorías científico-tecnológicas,Consultoría científica,Grupo de ciudad (tercer encuentro). Rionegro. FASE III, 2020, 2, 2020, 2,Español,RIONEGRO,No restringido,1,53213,Alcaldía de Rionegro
ESTUDIOS DE FENOMENOS PSICOSOCIALES,Consultorías científico-tecnológicas,Consultoría científica,Revisión y trazabilidad de propuestas. Rionegro. FASE III, 2020, 2, 2020, 2,Español,RIONEGRO,No restringido,1,53213,Alcaldía de Rionegro
ESTUDIOS DE FENOMENOS PSICOSOCIALES,Consultorías científico-tecnológicas,Consultoría científica,"Consolidación de propuesta desde el comité. Rionegro, FASE III", 2020, 3, 2020, 3,Español,RIONEGRO,No restringido,1,53213,Alcaldía de Rionegro
ESTUDIOS DE FENOMENOS PSICOSOCIALES,Consultorías científico-tecnológicas,Consultoría científica,Encuentro grupo de ciudad. Rionegro. FASE III, 2020, 5, 2020, 5,Español,RIONEGRO,Restringido,1,53213,Alcaldía de Rionegro
ESTUDIOS DE FENOMENOS PSICOSOCIALES,Consultorías científico-tecnológicas,Consultoría científica,Mesa de comunicación y salud mental. ¿Cómo informar suicido? Rionegro. FASE III, 2020, 5, 2020, 5,Español,RIONEGRO,No restringido,1,53213,Alcaldía de Rionegro
ESTUDIOS DE FENOMENOS PSICOSOCIALES,Consultorías científico-tecnológicas,Consultoría científica,Mesa regional de comunicadores y equipo de salud mental. Rionegro. FASE III, 2020, 7, 2020, 7,Español,RIONEGRO,No restringido,1,53213,Alcaldía de Rionegro
ESTUDIOS DE FENOMENOS PSICOSOCIALES,Consultorías científico-tecnológicas,Consultoría científica,"III Mesa regional de Antioquia, socialización protocolo como informar suicidio. Rionegro, FASE III", 2020, 9, 2020, 9,Español,RIONEGRO,No restringido,1,53213,Alcaldía de Rionegro
ESTUDIOS DE FENOMENOS PSICOSOCIALES,Consultorías científico-tecnológicas,Consultoría científica,"Comportamiento suicida, una mirada interdisciplinar. Municipio de Yacuiba (Bolivia),Fase 1 -2021", 2021, 8, 2021, 8,Español,Yacuiba,No restringido,1,61984,Gobierno Autónomo Departamental de Tarija
ESTUDIOS DE FENOMENOS PSICOSOCIALES,Consultorías científico-tecnológicas,Consultoría científica,Enfermedad mental y suicidio. Municipio de Yacuiba(Bolivia) Fase I -2021, 2021, 8, 2021, 8,Español,Yacuiba,No restringido,1,61984,Gobierno Autónomo Departamental de Tarija
ESTUDIOS DE FENOMENOS PSICOSOCIALES,Consultorías científico-tecnológicas,Consultoría científica,"Vínculos afectivos y relacionales, factores del suicidio. Municipio de Yacuiba(Bolivia) Fase I -2021", 2021, 9, 2021, 9,Español,Yacuiba,No restringido,1,61984,Gobierno Autónomo Departamental de Tarija
ESTUDIOS DE FENOMENOS PSICOSOCIALES,Consultorías científico-tecnológicas,Consultoría científica,Conformación de rutas de atención al suicidio Departamento de Tarija (Bolivia) Fase 1 -2021, 2021, 9, 2021, 9,Español,Yacuiba,No restringido,1,61984,Gobierno Autónomo Departamental de Tarija
ESTUDIOS DE FENOMENOS PSICOSOCIALES,Consultorías científico-tecnológicas,Consultoría científica,Lo Espíritu-religioso como factor protector del suicidio. Departamento de Tarija(Bolivia) Fase 1 - 2021, 2021, 10, 2021, 10,Español,Yacuiba,No restringido,1,61984,Gobierno Autónomo Departamental de Tarija
ESTUDIOS DE FENOMENOS PSICOSOCIALES,Consultorías científico-tecnológicas,Consultoría científica,Postvención y grupos de apoyo al suicidio. Departamento de Tarija (Bolivia) Fase 1 -2021, 2021, 10, 2021, 10,Español,Yacuiba,No restringido,1,61984,Gobierno Autónomo Departamental de Tarija
ESTUDIOS DE FENOMENOS PSICOSOCIALES,Consultorías científico-tecnológicas,Consultoría científica,Posvención en el marco de muerte por suicidio. municipio del Carmen de Viboral Fase 1 - 2021, 2021, 5, 2021, 6,Español,EL CARMEN DE VIBORAL,No restringido,1,61984,INSTITUCION EDUCATIVA JORGE ELIECER GAITAN
ESTUDIOS DE FENOMENOS PSICOSOCIALES,Consultorías científico-tecnológicas,Consultoría científica,"comportamiento suicida, una mirada interdisciplinar Departamento de Sabaneta, Fase 1 -2021", 2021, 8, 2021, 8,Español,SABANETA,No restringido,1,61984,Secretaría de Salud de Sabaneta
ESTUDIOS DE FENOMENOS PSICOSOCIALES,Consultorías científico-tecnológicas,Consultoría científica,"Capacitación en factores de riesgo, señales de alerta y primeros auxilios. Municipio de Sabaneta, fase I -2021", 2021, 9, 2021, 9,Español,SABANETA,No restringido,1,61984,Secretaría de Salud de Sabaneta
ESTUDIOS DE FENOMENOS PSICOSOCIALES,Consultorías científico-tecnológicas,Consultoría científica,"capacitación sobre el suicidio en ambientes educativos. Municipio de Sabaneta, ase i - 2021", 2021, 9, 2021, 9,Español,SABANETA,No restringido,1,61984,Secretaría de Salud de Sabaneta
ESTUDIOS DE FENOMENOS PSICOSOCIALES,Consultorías científico-tecnológicas,Consultoría científica,"Capacitación en implicaciones jurídicas y económicas del comportamiento suicida. municipio de Sabaneta, fase I -2021", 2021, 11, 2021, 11,Español,,No restringido,1,61984,Secretaría de Salud de Sabaneta
ESTUDIOS DE FENOMENOS PSICOSOCIALES,Consultorías científico-tecnológicas,Consultoría científica,"La importancia de la empatía en la prevención del comportamiento suicida. Municipio Santa Rosa de Osos, Fase 1 -2021", 2021, 7, 2021, 7,Español,SANTA ROSA DE OSOS,No restringido,1,61984,Alcaldía Municipal Santa Rosa de Osos
ESTUDIOS DE FENOMENOS PSICOSOCIALES,Consultorías científico-tecnológicas,Consultoría científica,"Salud mental positiva. Municipio de Santa Rosa de Osos, Fase 1 -2021", 2021, 9, 2021, 9,Español,SANTA ROSA DE OSOS,No restringido,1,61984,Alcaldía Municipal Santa Rosa de Osos
ESTUDIOS DE FENOMENOS PSICOSOCIALES,Consultorías científico-tecnológicas,Consultoría científica,"Prevención del Consumo de Sustancias Psicoactivas. Municipio de Santa Rosa de Osos, Fase 1-2021", 2021, 8, 2021, 8,Español,SANTA ROSA DE OSOS,No restringido,1,61984,Alcaldía Municipal Santa Rosa de Osos
ESTUDIOS DE FENOMENOS PSICOSOCIALES,Consultorías científico-tecnológicas,Consultoría científica,Señales de alerta comportamiento suicida Andes, 2018, 10, 2018, 10,Español,ANDES,Restringido,10,05020201105,UNIVERSIDAD CATOLICA LUIS AMIGO
ESTUDIOS DE FENOMENOS PSICOSOCIALES,Consultorías científico-tecnológicas,Consultoría científica,Construcción de rutas de atención al comportamiento suicida Andes, 2018, 9, 2018, 10,Español,ANDES,No restringido,1,05020201105,UNIVERSIDAD CATOLICA LUIS AMIGO
ESTUDIOS DE FENOMENOS PSICOSOCIALES,Consultorías científico-tecnológicas,Consultoría científica,Rutas de atención del comportamiento suicida Andes, 2018, 9, 2018, 9,Español,ANDES,No restringido,1,05020201105,UNIVERSIDAD CATOLICA LUIS AMIGO
ESTUDIOS DE FENOMENOS PSICOSOCIALES,Consultorías científico-tecnológicas,Consultoría científica,Detección de señales de alerta del comportamiento suicida Andes, 2018, 7, 2018, 7,Español,ANDES,Restringido,1,0520201105,UNIVERSIDAD CATOLICA LUIS AMIGO
ESTUDIOS DE FENOMENOS PSICOSOCIALES,Consultorías científico-tecnológicas,Consultoría científica,Conformación de grupos terapéuticos La unión, 2018, 10, 2018, 9,Español,LA UNIÓN,Restringido,1,0520201105,UNIVERSIDAD CATOLICA LUIS AMIGO
ESTUDIOS DE FENOMENOS PSICOSOCIALES,Consultorías científico-tecnológicas,Consultoría científica,Factores de riesgo asociados a la conducta suicida La unión, 2018, 5, 2018, 5,Español,LA UNIÓN,No restringido,1,05020201105,UNIVERSIDAD CATOLICA LUIS AMIGO
ESTUDIOS DE FENOMENOS PSICOSOCIALES,Consultorías científico-tecnológicas,Consultoría científica,Como informar el suicidio Envigado, 2018, 10, 2018, 9,Español,ENVIGADO,No restringido,1,05020201105,UNIVERSIDAD CATOLICA LUIS AMIGO
ESTUDIOS DE FENOMENOS PSICOSOCIALES,Consultorías científico-tecnológicas,Consultoría científica,Detección de las señales de alerta del comportamiento suicida Envigado, 2018, 10, 2018, 10,Español,ENVIGADO,No restringido,1,05020201105,UNIVERSIDAD CATOLICA LUIS AMIGO
ESTUDIOS DE FENOMENOS PSICOSOCIALES,Consultorías científico-tecnológicas,Consultoría científica,Consolidación de la ruta de atención local del evento suicida - Fase 2 Andes, 2019, 2, 2019, 2,Español,ANDES,No restringido,1,53213,Secretaria de Salud y Bienestar Social del Municipio de Andes (Antioquia)
ESTUDIOS DE FENOMENOS PSICOSOCIALES,Consultorías científico-tecnológicas,Consultoría científica,¿Como informar suicidio? - Andes. fase 2 Andes, 2019, 4, 2019, 4,Español,ANDES,No restringido,1,53213,Secretaria de Salud y Bienestar Social del Municipio de Andes (Antioquia)
ESTUDIOS DE FENOMENOS PSICOSOCIALES,Consultorías científico-tecnológicas,Consultoría científica,Espirieducación - Fase 2 Andes, 2019, 6, 2019, 6,Español,ANDES,No restringido,1,53213,Secretaria de Salud y Bienestar Social del Municipio de Andes (Antioquia)
ESTUDIOS DE FENOMENOS PSICOSOCIALES,Consultorías científico-tecnológicas,Consultoría científica,Mirada psicojuridica y costo socieconómico del comportamiento suicida - Fase 2 Andes, 2019, 9, 2019, 9,Español,ANDES,No restringido,1,53213,Secretaria de Salud y Bienestar Social del Municipio de Andes (Antioquia)
ESTUDIOS DE FENOMENOS PSICOSOCIALES,Consultorías científico-tecnológicas,Consultoría científica,"El comportamiento suicida, integración sectorial - Fase 2 Andes", 2019, 11, 2019, 11,Español,ANDES,No restringido,1,53213,Secretaria de Salud y Bienestar Social del Municipio de Andes (Antioquia)
ESTUDIOS DE FENOMENOS PSICOSOCIALES,Consultorías científico-tecnológicas,Consultoría científica,Prevención del suicidio en el contexto escolar. Una estrategia por la vida- Fase 2 Envigado, 2019, 8, 2019, 8,Español,ENVIGADO,No restringido,1,53213,MUNICIPIO DE ENVIGADO
ESTUDIOS DE FENOMENOS PSICOSOCIALES,Consultorías científico-tecnológicas,Consultoría científica,"Mirada psicojuridica del comportamiento suicida ""Una responsabilidad de todos y todas fase 2 Envigado", 2019, 8, 2019, 8,Español,ENVIGADO,No restringido,1,53213,MUNICIPIO DE ENVIGADO
ESTUDIOS DE FENOMENOS PSICOSOCIALES,Consultorías científico-tecnológicas,Consultoría científica,Protocolo de como informar suicidio. fase 2 La Unión, 2019, 4, 2019, 4,Español,LA UNIÓN,No restringido,1,53213,Municipalidad de La Unión
ESTUDIOS DE FENOMENOS PSICOSOCIALES,Consultorías científico-tecnológicas,Consultoría científica,Acompañamiento en la construcción de la ruta de atención a la conducta suicida Fase 2 La Unión, 2019, 5, 2019, 5,Español,LA UNIÓN,No restringido,1,53213,Municipalidad de La Unión
ESTUDIOS DE FENOMENOS PSICOSOCIALES,Consultorías científico-tecnológicas,Consultoría científica,Intervención en crisis y los factores de riesgo asociados al comportamiento suicida. fase 2 la Unión, 2019, 5, 2019, 5,Español,LA UNIÓN,No restringido,1,53213,Municipalidad de La Unión
ESTUDIOS DE FENOMENOS PSICOSOCIALES,Consultorías científico-tecnológicas,Consultoría científica,Acompañamiento en la construcción de la ruta de atención Fase 2 La unión, 2019, 6, 2019, 6,Español,LA UNIÓN,No restringido,1,53213,Municipalidad de La Unión
ESTUDIOS DE FENOMENOS PSICOSOCIALES,Consultorías científico-tecnológicas,Consultoría científica,Acompañamiento en la construcción de la ruta de atención. Fase 2 La unión, 2019, 6, 2019, 6,Español,LA UNIÓN,No restringido,1,53213,Municipalidad de La Unión
ESTUDIOS DE FENOMENOS PSICOSOCIALES,Consultorías científico-tecnológicas,Consultoría científica,"Sensibilización con los medios de comunicación y organizaciones ""cómo informar suicidio""para su prevención Fase 2 La Unión", 2019, 6, 2019, 6,Español,LA UNIÓN,No restringido,1,53213,Municipalidad de La Unión
ESTUDIOS DE FENOMENOS PSICOSOCIALES,Consultorías científico-tecnológicas,Consultoría científica,Importancia de la autopsia psicológica en la recolección de información para la prevención de la conducta suicida. fase 2 La Unión, 2019, 7, 2019, 7,Español,LA UNIÓN,No restringido,1,53213,Municipalidad de La Unión
ESTUDIOS DE FENOMENOS PSICOSOCIALES,Consultorías científico-tecnológicas,Consultoría científica,Una mirada Psico-jurídica de la conducta suicida. Fase 2 La unión, 2019, 8, 2019, 8,Español,LA UNIÓN,No restringido,1,53213,Municipalidad de La Unión
ESTUDIOS DE FENOMENOS PSICOSOCIALES,Consultorías científico-tecnológicas,Consultoría científica,Costos socioeconómicos de la conducta suicida fase 2 La Unión, 2019, 8, 2019, 8,Español,LA UNIÓN,No restringido,0,53213,Municipalidad de La Unión
ESTUDIOS DE FENOMENOS PSICOSOCIALES,Consultorías científico-tecnológicas,Consultoría científica,Consultoría en el Protocolo de Autopsia Psico Socio Patológica (PAPSI) fase 2 La Unión, 2019, 8, 2019, 8,Español,LA UNIÓN,No restringido,1,53213,Municipalidad de La Unión
ESTUDIOS DE FENOMENOS PSICOSOCIALES,Consultorías científico-tecnológicas,Consultoría científica,Consultoria en factores protectores psico-espirituales de la conducta suicida- Espirieducación Fase 2 La Unión, 2019, 9, 2019, 9,Español,LA UNIÓN,No restringido,1,53213,Municipalidad de La Unión
ESTUDIOS DE FENOMENOS PSICOSOCIALES,Consultorías científico-tecnológicas,Consultoría científica,Capacitación sobre la importancia de los vínculos como un factor protector para la prevención del suicidio Fase 2 Envigado, 2019, 9, 2019, 9,Español,ENVIGADO,No restringido,1,53213,MUNICIPIO DE ENVIGADO
ESTUDIOS DE FENOMENOS PSICOSOCIALES,Consultorías científico-tecnológicas,Consultoría científica,"capacitación sobre la importancia de los grupos de intervención psicoterapéutica ""sobrevivientes del suicidio"" Fase 2 Envigado", 2019, 9, 2019, 9,Español,ENVIGADO,No restringido,1,53213,MUNICIPIO DE ENVIGADO
ESTUDIOS DE FENOMENOS PSICOSOCIALES,Consultorías científico-tecnológicas,Consultoría científica,Capacitación sobre la mirada psicosocial de la problemática del suicidio fase 2 envigado, 2019, 9, 2019, 9,Español,ENVIGADO,No restringido,1,53213,MUNICIPIO DE ENVIGADO
ESTUDIOS DE FENOMENOS PSICOSOCIALES,Consultorías científico-tecnológicas,Consultoría científica,Capacitación sobre la comprensión psicopatologica del suicidio. Fase 2 Envigado, 2019, 10, 2019, 10,Español,ENVIGADO,Restringido,1,53213,MUNICIPIO DE ENVIGADO
ESTUDIOS DE FENOMENOS PSICOSOCIALES,Consultorías científico-tecnológicas,Consultoría científica,Difundir a través de los medios de comunicación estrategias que van orientadas a la prevención de la conducta suicida en el municipio de la Unión FASE II, 2019, 7, 2019, 7,Español,,No restringido,1,53213,Municipalidad de La Unión
ESTUDIOS DE FENOMENOS PSICOSOCIALES,Consultorías científico-tecnológicas,Consultoría científica,Difundir a través de los medios de comunicación estrategias que van orientadas a la prvención de la conduca suicida en el municipio de la Unión Fase 2 a través de programa televisivo, 2019, 5, 2019, 5,Español,LA UNIÓN,No restringido,1,53213,Municipalidad de La Unión
ESTUDIOS DE FENOMENOS PSICOSOCIALES,Consultorías científico-tecnológicas,Consultoría científica,"Asesoría y presentación del proyecto ""La prevención de suicidio es una posibilidad de todos y todas""", 2018, 7, 2018, 7,Español,ANDES,Restringido,1,1,Alcaldía de Andes
ESTUDIOS DE FENOMENOS PSICOSOCIALES,Consultorías científico-tecnológicas,Consultoría científica,Rutas de Atención del comportamiento suicida, 2018, 9, 2018, 11,Español,ANDES,Restringido,3,2,Alcaldía de Andes
ESTUDIOS DE FENOMENOS PSICOSOCIALES,Consultorías científico-tecnológicas,Consultoría científica,Señales de Alerta y Suicidio, 2018, 10, 2018, 10,Español,ANDES,Restringido,1,3,Alcaldía de Andes
ESTUDIOS DE FENOMENOS PSICOSOCIALES,Consultorías científico-tecnológicas,Consultoría científica,"Asesoría y presentación del proyecto ""La prevención de suicidio es una posibilidad de todos y todas""", 2018, 5, 2018, 11,Español,LA UNIÓN,Restringido,6,1,Municipalidad de La Unión
ESTUDIOS DE FENOMENOS PSICOSOCIALES,Consultorías científico-tecnológicas,Consultoría científica,"Conformación de grupos psicoterapéuticos, para la atención de personas afectadas por la problemática del intento suicida y del suicidio consumado", 2018, 10, 2018, 10,Español,LA UNIÓN,Restringido,1,2,Municipalidad de La Unión
ESTUDIOS DE FENOMENOS PSICOSOCIALES,Consultorías científico-tecnológicas,Consultoría científica,Como informar un suicidio. Prevención del comportamiento suicidó, 2018, 10, 2018, 10,Español,ENVIGADO,Restringido,1,1,MUNICIPIO DE ENVIGADO
ESTUDIOS DE FENOMENOS PSICOSOCIALES,Consultorías científico-tecnológicas,Consultoría científica,"Como identificar señales de alerta y generar estrategias de intervención, para la prevención del comportamiento suicida", 2018, 10, 2018, 10,Español,ENVIGADO,Restringido,1,2,MUNICIPIO DE ENVIGADO
ESTUDIOS DE FENOMENOS PSICOSOCIALES,Consultorías científico-tecnológicas,Consultoría científica,Espirieducación., 2019, 6, 2019, 6,Español,ANDES,Restringido,1,3,Alcaldía de Andes
ESTUDIOS DE FENOMENOS PSICOSOCIALES,Consultorías científico-tecnológicas,Consultoría científica,Mirada psicojurídica y costo socioeconómico del comportamiento suicida., 2019, 9, 2019, 10,Español,ANDES,Restringido,2,4,Alcaldía de Andes
ESTUDIOS DE FENOMENOS PSICOSOCIALES,Consultorías científico-tecnológicas,Consultoría científica,"El comportamiento suicida, integración sectorial.", 2019, 11, 2019, 11,Español,ANDES,Restringido,1,5,Alcaldía de Andes
ESTUDIOS DE FENOMENOS PSICOSOCIALES,Consultorías científico-tecnológicas,Consultoría científica,¿Cómo informar suicidio?, 2019, 4, 2019, 4,Español,ANDES,Restringido,1,2,Alcaldía de Andes
ESTUDIOS DE FENOMENOS PSICOSOCIALES,Consultorías científico-tecnológicas,Consultoría científica,Consolidación de la Ruta de atención local del evento suicida y elementos de acción en su activación., 2019, 2, 2019, 6,Español,ANDES,Restringido,4,1,Alcaldía de Andes
ESTUDIOS DE FENOMENOS PSICOSOCIALES,Consultorías científico-tecnológicas,Consultoría científica,Acompañamiento en la construcción de la ruta de atención a la conducta suicida., 2019, 5, 2019, 6,Español,LA UNIÓN,Restringido,2,1,Municipalidad de La Unión
ESTUDIOS DE FENOMENOS PSICOSOCIALES,Consultorías científico-tecnológicas,Consultoría científica,Protocolo de cómo informar un suicidio, 2019, 4, 2019, 4,Español,LA UNIÓN,Restringido,1,12,Municipalidad de La Unión
ESTUDIOS DE FENOMENOS PSICOSOCIALES,Consultorías científico-tecnológicas,Consultoría científica,Costos socioeconómicos de la conducta suicida, 2019, 8, 2019, 8,Español,LA UNIÓN,Restringido,1,7,Municipalidad de La Unión
ESTUDIOS DE FENOMENOS PSICOSOCIALES,Consultorías científico-tecnológicas,Consultoría científica,"Factores protectores psicoespirituales del Comportamiento suicida, Espirieducación.", 2019, 9, 2019, 9,Español,LA UNIÓN,Restringido,1,10,Municipalidad de La Unión
ESTUDIOS DE FENOMENOS PSICOSOCIALES,Consultorías científico-tecnológicas,Consultoría científica,"Mirada psicojurídica del comportamiento suicida, responsabilidad de todos y todas.", 2019, 8, 2019, 8,Español,ENVIGADO,Restringido,1,1,MUNICIPIO DE ENVIGADO
ESTUDIOS DE FENOMENOS PSICOSOCIALES,Consultorías científico-tecnológicas,Consultoría científica,"Capacitación sobre la importancia de los grupos de intervención psicoterapéutica, sobrevivientes del suicidio.", 2019, 9, 2019, 9,Español,ENVIGADO,Restringido,1,2,MUNICIPIO DE ENVIGADO
ESTUDIOS DE FENOMENOS PSICOSOCIALES,Consultorías científico-tecnológicas,Consultoría científica,La importancia de los vínculos como un factor protector para la prevención del suicidio., 2019, 9, 2019, 9,Español,ENVIGADO,Restringido,1,3,MUNICIPIO DE ENVIGADO
ESTUDIOS DE FENOMENOS PSICOSOCIALES,Consultorías científico-tecnológicas,Consultoría científica,Mirada psicosocial de la problemática del suicidio., 2019, 9, 2019, 9,Español,ENVIGADO,Restringido,1,4,MUNICIPIO DE ENVIGADO
ESTUDIOS DE FENOMENOS PSICOSOCIALES,Consultorías científico-tecnológicas,Consultoría científica,Comprensión psicopatológica del suicidio., 2019, 10, 2019, 10,Español,ENVIGADO,Restringido,1,5,MUNICIPIO DE ENVIGADO
ESTUDIOS DE FENOMENOS PSICOSOCIALES,Consultorías científico-tecnológicas,Consultoría científica,Curso prevención del comportamiento suicida., 2019, 8, 2019, 8,Español,RIONEGRO,Restringido,1,1,Alcaldía de Rionegro
ESTUDIOS DE FENOMENOS PSICOSOCIALES,Consultorías científico-tecnológicas,Consultoría científica,Sensibilización y formación a los líderes espirituales de las iglesias cristianas de Rionegro y el oriente antioqueño en la formación para la detección de señales de alerta del comportamiento suicida., 2019, 9, 2019, 10,Español,RIONEGRO,Restringido,2,2,Alcaldía de Rionegro
ESTUDIOS DE FENOMENOS PSICOSOCIALES,Consultorías científico-tecnológicas,Consultoría científica,lineamientos técnicos para una atención humanizada y efectiva del evento suicida, 2020, 3, 2020, 3,Español,ANDES,No restringido,1,1,Alcaldía de Andes
ESTUDIOS DE FENOMENOS PSICOSOCIALES,Consultorías científico-tecnológicas,Consultoría científica,"Apoyo al apoyo, grupos de apoyo.", 2020, 7, 2020, 7,Español,ANDES,No restringido,1,2,Alcaldía de Andes
ESTUDIOS DE FENOMENOS PSICOSOCIALES,Consultorías científico-tecnológicas,Consultoría científica,"Apoyo al apoyo, Telepsicología en época de la Pandemia.", 2020, 4, 2020, 4,Español,ANDES,No restringido,1,53213,Alcaldía de Andes
ESTUDIOS DE FENOMENOS PSICOSOCIALES,Consultorías científico-tecnológicas,Consultoría científica,"Apoyo al apoyo, intervención en crisis en la Pandemia.", 2020, 5, 2020, 5,Español,ANDES,Restringido,1,53213,Alcaldía de Andes
ESTUDIOS DE FENOMENOS PSICOSOCIALES,Consultorías científico-tecnológicas,Consultoría científica,"Postvención, intervención del comportamiento suicida.", 2020, 6, 2020, 6,Español,ENVIGADO,No restringido,1,1,MUNICIPIO DE ENVIGADO
ESTUDIOS DE FENOMENOS PSICOSOCIALES,Consultorías científico-tecnológicas,Consultoría científica,"Importancia de los grupos de intervención (Conformación de grupos de sobrevivientes del suicidio, grupos terapéuticos y psicoeducación).", 2020, 7, 2020, 7,Español,ENVIGADO,No restringido,1,2,MUNICIPIO DE ENVIGADO
ESTUDIOS DE FENOMENOS PSICOSOCIALES,Consultorías científico-tecnológicas,Consultoría científica,Rutas de atención de la conducta suicida., 2020, 7, 2020, 7,Español,LA UNIÓN,No restringido,1,1,Municipalidad de La Unión
ESTUDIOS DE FENOMENOS PSICOSOCIALES,Consultorías científico-tecnológicas,Consultoría científica,Primeros auxilios psicológicos., 2020, 7, 2020, 7,Español,LA UNIÓN,Restringido,1,11,Municipalidad de La Unión
ESTUDIOS DE FENOMENOS PSICOSOCIALES,Consultorías científico-tecnológicas,Consultoría científica,Espirieducación: El componente espiritual en la prevención de la conducta suicida., 2020, 4, 2020, 4,Español,LA UNIÓN,No restringido,1,10,Municipalidad de La Unión
ESTUDIOS DE FENOMENOS PSICOSOCIALES,Consultorías científico-tecnológicas,Consultoría científica,Mesa regional de comunicadores de Antioquia para pensar campañas de prevención del suicidio en el marco del confinamiento., 2020, 7, 2020, 7,Español,RIONEGRO,Restringido,1,38,Municipio de Rionegro
ESTUDIOS DE FENOMENOS PSICOSOCIALES,Consultorías científico-tecnológicas,Consultoría científica,Mesa de comunicación y salud mental ¿Cómo informar suicidio?, 2020, 5, 2020, 5,Español,RIONEGRO,No restringido,1,38,Municipio de Rionegro
ESTUDIOS DE FENOMENOS PSICOSOCIALES,Consultorías científico-tecnológicas,Consultoría científica,Encuentros de grupos de ciudad-Rionegro., 2020, 5, 2020, 5,Español,RIONEGRO,Restringido,1,38,Municipio de Rionegro
ESTUDIOS DE FENOMENOS PSICOSOCIALES,Consultorías científico-tecnológicas,Consultoría científica,Consolidación de la propuesta de cultura de salud., 2020, 2, 2020, 2,Español,RIONEGRO,Restringido,1,38,Municipio de Rionegro
ESTUDIOS DE FENOMENOS PSICOSOCIALES,Consultorías científico-tecnológicas,Consultoría científica,Enriquecimiento de la revisión y trazabilidad de propuestas., 2020, 2, 2020, 2,Español,RIONEGRO,Restringido,1,004,Municipio de Rionegro
ESTUDIOS DE FENOMENOS PSICOSOCIALES,Consultorías científico-tecnológicas,Consultoría científica,Investigación relacional y colaborativa con poblaciones rurales, 2018, 9, 2018, 9,Español,La Paz,Restringido,0,,"Universidad Católica Boliviana ""San Pablo"""
"EDUCACION, INFANCIA Y LENGUAS EXTRANJERAS",Consultorías científico-tecnológicas,Consultoría científica,Consultoría y asistencia para mejorar la Calidad Educativa de los establecimientos educativos del municipio de Santa Rosa de Osos, 2019, 2, 2019, 10,Español,SANTA ROSA DE OSOS,Restringido,8,2241,Alcaldía Municipal Santa Rosa de Osos
"EDUCACION, INFANCIA Y LENGUAS EXTRANJERAS",Consultorías científico-tecnológicas,Consultoría científica,Consultoria y asistencia para promover la construcción de la convivencia escolar y el aprendizaje significativo en las aulas de las Instituciones Educativas del Municipio de la Estrella, 2019, 2, 2019, 11,Español,LA ESTRELLA,Restringido,10,55460,UNIVERSIDAD CATOLICA LUIS AMIGO
"EDUCACION, INFANCIA Y LENGUAS EXTRANJERAS",Consultorías científico-tecnológicas,Consultoría científica,Consultoría y asistencia para mejorar la calidad Educativa de los establecimientos educativos del Municipio de Santa Rosa de Osos, 2019, 1, 2019, 10,Español,SANTA ROSA DE OSOS,Restringido,10,2241,Alcaldía Municipal Santa Rosa de Osos
"EDUCACION, INFANCIA Y LENGUAS EXTRANJERAS",Consultorías científico-tecnológicas,Consultoría científica,"Consultores para construir el Plan Educativo del Municipio de Copacabana, Antioquia.", 2021, 3, 2021, 10,Español,MEDELLÍN,No restringido,8,02417,UNIVERSIDAD CATOLICA LUIS AMIGO
"EDUCACION, INFANCIA Y LENGUAS EXTRANJERAS",Consultorías científico-tecnológicas,Consultoría científica,Consultoria y asistencia para mejorar la calidad educativa de los establecimientos educativos del municipio de Santa Rosa de Osos, 2019, 1, 2019, 10,Español,SANTA ROSA DE OSOS,Restringido,9,2241 del 23 de julio de 2018,Alcaldía Municipal Santa Rosa de Osos
"EDUCACION, INFANCIA Y LENGUAS EXTRANJERAS",Consultorías científico-tecnológicas,Consultoría científica,Consultoria y asistencia para promover la construcción de la convivencia escolar y el aprendizaje significativo en las aulas de las instituciones educativas del municipio de la Estrella, 2019, 2, 2019, 11,Español,LA ESTRELLA,Restringido,10,15984 de 2018,MUNICIPIO DE LA ESTRELLA
"EDUCACION, INFANCIA Y LENGUAS EXTRANJERAS",Consultorías científico-tecnológicas,Consultoría científica,Estrategias para Promover la Motivación de los Estudiantes hacia el Aprendizaje, 2017, 10, 2018, 1,Español,MEDELLÍN,Restringido,0,N/A,Centro Educativo Autónomo
NEUROCIENCIAS BASICAS Y APLICADAS,Consultorías científico-tecnológicas,Consultoría científica,Funcionamiento de la memoria y el aprendizaje en 46 niños de 5 años de edad del Centro Educativo Conduciendo la niñez, 2015, 8, 0, 1,Español,MEDELLÍN,Restringido,0,0408,Centro Educativo Conduciendo la Niñez
NEUROCIENCIAS BASICAS Y APLICADAS,Consultorías científico-tecnológicas,Consultoría científica,Funcionamiento de la memoria y el aprendizaje en 23 ni¿os de 5 a¿os de edad de la Instituci¿n Educativa Marco Fidel Su¿rez, 2015, 8, 0, 1,Español,MEDELLÍN,Restringido,0,0408,INSTITUCION EDUCATIVA MARCO FIDEL SUAREZ
NEUROCIENCIAS BASICAS Y APLICADAS,Consultorías científico-tecnológicas,Consultoría científica,Funcionamiento de la memoria y el aprendizaje en 5 ni¿os de la Corporaci¿n Educativa Nueva Gente, 2015, 8, 0, 1,Español,MEDELLÍN,Restringido,0,0408,Corporacion Educativa Nueva Gente
NEUROCIENCIAS BASICAS Y APLICADAS,Consultorías científico-tecnológicas,Consultoría científica,Funcionamiento de la memoria y el aprendizaje en 19 ni¿os del Centro Infantil Lunitas, 2015, 8, 2015, 10,Español,MEDELLÍN,Restringido,0,0408,Centro Infantil Lunitas
NEUROCIENCIAS BASICAS Y APLICADAS,Consultorías científico-tecnológicas,Consultoría científica,Funcionamiento de la memoria y del aprendizaje en 15 ni¿os del Colegio Colombo Brit¿nico, 2015, 8, 0, 1,Español,MEDELLÍN,Restringido,0,0408,Colegio Colombo Británico
NEUROCIENCIAS BASICAS Y APLICADAS,Consultorías científico-tecnológicas,Consultoría científica,Funcionamiento de la memoria y el aprendizaje en 46 ni¿os de la Fundaci¿n Educativa Colegio San Juan Eudes, 2015, 8, 0, 1,Español,MEDELLÍN,Restringido,0,0408,Fundación Educativa Colegio San Juan Eudes
NEUROCIENCIAS BASICAS Y APLICADAS,Consultorías científico-tecnológicas,Consultoría científica,Funcionamiento de la memoria y el aprendizaje en 17 ni¿os del Hogar Infantil La Casa del Camino, 2015, 8, 0, 1,Español,MEDELLÍN,Restringido,0,0408,Hogar Infantil La Casa del Camino
NEUROCIENCIAS BASICAS Y APLICADAS,Consultorías científico-tecnológicas,Consultoría científica,Funcionamiento de la memoria y el aprendizaje en 19 ni¿os de la Instituci¿n Educativa Sebasti¿n de Belalcazar, 2015, 8, 0, 1,Español,MEDELLÍN,Restringido,0,0408,institucion educativa sebastian de belalcazar
NEUROCIENCIAS BASICAS Y APLICADAS,Consultorías científico-tecnológicas,Consultoría científica,Funcionamiento de la memoria y el aprendizaje en 14 ni¿os de la Instituci¿n Educativa Federico Ozanam, 2015, 8, 0, 1,Español,MEDELLÍN,Restringido,0,0408,Institución Educativa Federico Ozanam
NEUROCIENCIAS BASICAS Y APLICADAS,Consultorías científico-tecnológicas,Consultoría científica,Funcionamiento de la memoria y el aprendizaje en 14 ni¿os de la Instituci¿n Educativa Lucrecio Jaramillo V¿lez, 2015, 8, 0, 1,Español,MEDELLÍN,Restringido,0,0408,Institución Educativa Lucrecio Jaramillo Vélez
NEUROCIENCIAS BASICAS Y APLICADAS,Consultorías científico-tecnológicas,Consultoría científica,Funcionamiento de la memoria y el aprendizaje en 13 ni¿os de la Instituci¿n Educativa Rafael Uribe Uribe, 2015, 8, 2015, 12,Español,MEDELLÍN,Restringido,0,0408,Institución Educativa Rafael Uribe Uribe
NEUROCIENCIAS BASICAS Y APLICADAS,Consultorías científico-tecnológicas,Consultoría científica,Funcionamiento de la memoria y el aprendizaje en 4 ni¿os del Centro Educativo Los Pioneros, 2015, 8, 0, 1,Español,MEDELLÍN,Restringido,0,0408,Centro Educativo Los Pioneros
NEUROCIENCIAS BASICAS Y APLICADAS,Consultorías científico-tecnológicas,Consultoría científica,Funcionamiento de la memoria y el aprendizaje en 3 ni¿os del Preescolar Hormiguitas Laboriosas, 2015, 8, 0, 1,Español,MEDELLÍN,Restringido,0,0408,Preescolar Hormiguitas Laboriosas
NEUROCIENCIAS BASICAS Y APLICADAS,Consultorías científico-tecnológicas,Consultoría científica,Funcionamiento de la memoria y el aprendizaje en 19 ni¿os del Centro Infantil Lunitas, 2015, 8, 2015, 12,Español,MEDELLÍN,Restringido,0,0408,Centro Infantil Lunitas
NEUROCIENCIAS BASICAS Y APLICADAS,Consultorías científico-tecnológicas,Consultoría científica,Funcionamiento de la memoria y el aprendizaje en 46 ni¿os de la Fundaci¿n Educativa Colegio San Juan Eudes, 2015, 8, 2015, 12,Español,,Restringido,0,0408,Fundación Educativa Colegio San Juan Eudes
NEUROCIENCIAS BASICAS Y APLICADAS,Consultorías científico-tecnológicas,Consultoría científica,Funcionamiento de la memoria y el aprendizaje en 17 ni¿os del Hogar Infantil La Casa del Camino, 2015, 8, 2015, 12,Español,MEDELLÍN,Restringido,0,0408,Hogar Infantil La Casa del Camino
NEUROCIENCIAS BASICAS Y APLICADAS,Consultorías científico-tecnológicas,Consultoría científica,Funcionamiento de la memoria y el aprendizaje en 10 ni¿os de la Instituci¿n Educativa Nuestra Se¿ora del Roc¿, 2015, 8, 2015, 12,Español,MEDELLÍN,Restringido,0,0408,Instituci¿n Educativa Nuestra Se¿ora del Roc¿
NEUROCIENCIAS BASICAS Y APLICADAS,Consultorías científico-tecnológicas,Consultoría científica,Funcionamiento de la memoria y el aprendizaje en 3 ni¿os del Preescolar Hormiguitas Laboriosas, 2015, 8, 2015, 12,Español,MEDELLÍN,Restringido,0,0408,Preescolar Hormiguitas Laboriosas
NEUROCIENCIAS BASICAS Y APLICADAS,Consultorías científico-tecnológicas,Consultoría científica,Funcionamiento de la memoria y el aprendizaje en 23 ni¿os de 5 a¿os de edad de la Instituci¿n Educativa Marco Fidel Su¿rez, 2015, 8, 2015, 12,Español,MEDELLÍN,Restringido,0,0408,INSTITUCION EDUCATIVA MARCO FIDEL SUAREZ
NEUROCIENCIAS BASICAS Y APLICADAS,Consultorías científico-tecnológicas,Consultoría científica,Funcionamiento de la memoria y el aprendizaje en 46 ni¿os de 5 a¿os de edad del Centro Educativo Conduciendo la niñez, 2015, 8, 2015, 12,Español,MEDELLÍN,Restringido,0,0408,Centro Educativo Conduciendo la Niñez
NEUROCIENCIAS BASICAS Y APLICADAS,Consultorías científico-tecnológicas,Consultoría científica,Funcionamiento de la memoria y el aprendizaje en 4 ni¿os del Centro Educativo Los Pioneros, 2015, 8, 2015, 12,Español,MEDELLÍN,Restringido,0,0408,Centro Educativo Los Pioneros
NEUROCIENCIAS BASICAS Y APLICADAS,Consultorías científico-tecnológicas,Consultoría científica,Funcionamiento de la memoria y el aprendizaje en 5 ni¿os de la Corporaci¿n Educativa Nueva Gente, 2015, 8, 2015, 12,Español,,Restringido,0,0408,Corporaci¿n Educativa Nueva Gente
NEUROCIENCIAS BASICAS Y APLICADAS,Consultorías científico-tecnológicas,Consultoría científica,Funcionamiento de la memoria y el aprendizaje en 19 ni¿os de la Instituci¿n Educativa Sebasti¿n de Belalcazar, 2015, 8, 2015, 12,Español,MEDELLÍN,Restringido,0,0408,Instituci¿n Educativa Sebasti¿n de Belalcazar
GESNE,Consultorías científico-tecnológicas,Consultoría científica,Los objetivos de desarrollo sostenible -ODS- y las buenas prácticas de economía social y solidaria en el oriente antioqueño, 2019, 2, 2019, 12,Español,MEDELLÍN,Restringido,0,20190220,Fundación Solidaria Oriente Antioquieño FUSOAN.
GESNE,Consultorías científico-tecnológicas,Consultoría científica,Elaboración del plan decenal de economía social y solidaria de Medellín, 2015, 8, 2015, 12,Español,MEDELLÍN,No restringido,4,4600060917,ALCALDIA DE MEDELLIN
GESNE,Consultorías científico-tecnológicas,Consultoría científica,Estudio de crecimiento y desarrollo económico de la Comuna 80 de Medellin (Contratante: Municipio de Medellin), 2014, 1, 2014, 9,Español,MEDELLÍN,No restringido,8,4600052694 de 2014,
GESNE,Consultorías científico-tecnológicas,Consultoría científica,"Modelo de organización, articulación e intervención integral para la generación de circuitos económicos solidarios en territorios rurales y de postconflicto (Contratante: UAE OS Ministerio del Trabajo)", 2015, 7, 2015, 12,Español,BOGOTÁ,Restringido,6,Convenio Interadministrativo 030 de 2015,
GESNE,Consultorías científico-tecnológicas,Consultoría científica,Plan Estratégico a la Cámara de Comercio del Chocó, 2014, 1, 2014, 5,Español,QUIBDÓ,No restringido,4,031,CÁMARA DE COMERCIO DEL CHOCÓ
GESNE,Consultorías científico-tecnológicas,Consultoría científica,Análisis prospectivo del sector lácteo en Colombia. Caso de estudio de la empresa Multilácteos San Félix, 2020, 2, 2020, 6,Español,MEDELLÍN,Restringido,5,60575,UNIVERSIDAD CATOLICA LUIS AMIGO
GESNE,Consultorías científico-tecnológicas,Consultoría científica,Rediseño Consultoría Experiencial PHI, 2019, 12, 2020, 5,Español,MEDELLÍN,Restringido,0,02 Fecha Enero 2019,Fundación Universitaria CEIPA
GESNE,Consultorías científico-tecnológicas,Consultoría científica,LIDERAZGO Y TRABAJO EN EQUIPO PARA EL FORTALECIMIENTO DE LA EMPRESA SERVIPLAGAS, 2017, 6, 2017, 10,Español,MEDELLÍN,Restringido,0,0003-31-10-2017. Comprobante de Egreso 219,SERVIPLAGAS
GESNE,Consultorías científico-tecnológicas,Consultoría científica,Los objetivos de desarrollo sostenible - ODS- y las buenas prácticas de economía social y solidaria en el oriente antioqueño, 2019, 2, 2019, 12,Español,RIONEGRO,Restringido,11,20190220,Fundación Solidaria Oriente Antioquieño FUSOAN.
GESNE,Consultorías científico-tecnológicas,Consultoría científica,Buenas pr¿cticas del sector solidario en el Oriente Antioque¿o hacia la conformaci¿n de redes de cooperaci¿n solidaria, 2014, 3, 2014, 6,Español,RIONEGRO,Restringido,0,005 de 2014,FUNDACION SOLIDARIA DEL ORIENTE ANTIOQUEÑO
GESNE,Consultorías científico-tecnológicas,Consultoría científica,"Realizar el curso de Econom¿a Solidaria a la Corporaci¿n de estudios, educaci¿n e investigaci¿n ambiental, CEAM, Marinilla - Antioquia", 2015, 6, 2015, 10,Español,RIONEGRO,Restringido,4,08 DE 2015,FUNDACION SOLIDARIA DEL ORIENTE ANTIOQUEÑO
GESNE,Consultorías científico-tecnológicas,Consultoría científica,Curso B¿sico de Cooperativismo a los asociados de la Cooperativa de Sachainchi en el municipio de Alejandr¿a., 2016, 12, 2016, 12,Español,RIONEGRO,Restringido,0,023 DE 2016,FUNDACION SOLIDARIA DEL ORIENTE ANTIOQUEÑO
GESNE,Consultorías científico-tecnológicas,Consultoría científica,Elaboracion del plan decenal de economia social y solidaria de Medellin, 2015, 10, 2015, 12,Español,MEDELLÍN,Restringido,2,Convenio de Asociacion 4600060917 de 2015,Comitato Internazionale per lo Sviluppo dei Popoli
GESNE,Consultorías científico-tecnológicas,Consultoría científica,"Taller Formas Asociativas Comunitarias, a la Federaci¿n Comunal de Antioquia.", 2017, 12, 2016, 12,Español,MEDELLÍN,Restringido,0,024 de 2017,FUNDACION SOLIDARIA DEL ORIENTE ANTIOQUEÑO
GESNE,Consultorías científico-tecnológicas,Consultoría científica,Procesos formativos y de actualización pedagógica en 5 regiones del país, 2017, 9, 2017, 12,Español,MEDELLÍN,Restringido,0,071,Institución Universitaria Esumer
GORAS,Consultorías científico-tecnológicas,Consultoría científica,"Transmitir los conocimientos necesarios para la adaptación del sistema contable-financiero actual de la empresa INVERSIONES MARÍN ROLDAN S.A.S., al protocolo exigido para la aplicación de las Normas Internacionales de Información Financiera (NIIF).", 2018, 7, 2018, 11,Español,MEDELLÍN,Restringido,5,TEC-0043,"INVERSIONES MARÍN ROLDAN, S.A.S"
GORAS,Consultorías científico-tecnológicas,Consultoría científica,"Transmitir los conocimientos necesarios para la adaptación del sistema contable-financiero actual de la empresa ÓSCAR GOEZ CONSTRUCCIONES S.A.S., al protocolo exigido para la aplicación de las Normas Internacionales de Información Financiera (NIIF).", 2018, 1, 2018, 6,Español,MEDELLÍN,Restringido,5,TEC-0070,"OSCAR GOEZ CONSTRUCCIONES, S.A.S"
GORAS,Consultorías científico-tecnológicas,Consultoría científica,"Fortalecimiento del sistema de gestión en la aplicación del estilo liderazgo trasformador, para mejorar el clima organizacional y la satisfacción laboral", 2020, 5, 2020, 10,Español,MEDELLÍN,Restringido,5,TEC-0035,A & B Construcciones SAS
GORAS,Consultorías científico-tecnológicas,Consultoría científica,Consultoría para el fortalecimiento y la innovación en procesos estratégicos orientados a la autoevaluación y para la alta calidad institucional y de programas, 2018, 1, 2018, 11,Español,MEDELLÍN,Restringido,12,CTPS-04-2018,Fundacion Universitaria Seminario Biblico De Colombia
GORAS,Consultorías científico-tecnológicas,Consultoría científica,Consultoría para el fortalecimiento y la innovación en procesos estratégicos orientados a la planeación, 2018, 1, 2018, 12,Español,MEDELLÍN,Restringido,12,CTPS-04-2018,Fundacion Universitaria Seminario Biblico De Colombia
GORAS,Consultorías científico-tecnológicas,Consultoría científica,Procesos de Autoevaluación y calidad, 2019, 2, 2019, 11,Español,MEDELLÍN,Restringido,7,354,Corporacion Tecnologica Catolica De Occidente - Tecoc -
GORAS,Consultorías científico-tecnológicas,Consultoría científica,"Asesoría en el desarrollo del proyecto: ""Aspectos Curriculares que han fundamentado la formación de los profesionales de la Fundación Universitaria Monserrate en el marco de la responsabilidad social: una lectura a sus 60 años", 2009, 7, 0, 1,Español,BOGOTÁ,Restringido,12,CONVENIO ESPECÍFICO ENTRE LA FUNDACIÓN UNIVERSITARIA MONSERRATE Y LA FUNDACIÓN UNIVERSITARIA LUIS AMIGÓ 19 de septiembre del 2008,
JURIDICAS Y SOCIALES,Consultorías científico-tecnológicas,Consultoría científica,Modelo de auditorías de Sistemas, 2021, 2, 2021, 5,Español,MANIZALES,Restringido,4,21000291,CONFAMIMIARES MANIZALES
JURIDICAS Y SOCIALES,Consultorías científico-tecnológicas,Consultoría científica,Auditoría a las tecnologías de la Información, 2020, 12, 2020, 12,Español,NEIRA,Restringido,0,168-2020,Gobernación De Caldas
SISCO,Consultorías científico-tecnológicas,Consultoría científica,Energías Renovables y Aplicaciones Rurales, 2014, 5, 2014, 6,Español,MEDELLÍN,Restringido,1,Cluster CORPOENERGY- Q1 SAS,Corporación para el Desarrollo Energético y Sostenible
SISCO,Consultorías científico-tecnológicas,Consultoría científica,Registro Calificado para Ingeniería de Sistemas en Sede Funlam Montería, 2010, 6, 0, 0,Español,MONTERÍA,Restringido,11,,UNIVERSIDAD CATOLICA LUIS AMIGO
SISCO,Consultorías científico-tecnológicas,Consultoría científica,Registro Calificado Ingeniería de SIstemas para el Municipio de Apartado, 2013, 1, 0, 0,Español,APARTADÓ,Restringido,0,SNIES 102206,
