grupo,categoria,Titulo,Pais,Ano,Idioma,Medio_divulgacion,Autores
CONTAS,Demás trabajos,La Responsabilidad Social en el Ejercicio Ciudadano,Colombia, 2020,Español,Papel,RUBY STELLA CABRERA JARAMILLO
CONTAS,Demás trabajos,El valor Público y la gerencia pública,Colombia, 2019,Español,Internet,FARLEY SARY ROJAS RESTREPO
CONTAS,Demás trabajos,"Conferencia internacional. ""RETOS DE LA SOSTENIBILIDAD GLOBAL""",Colombia, 2018,Español,Internet,ALBA LUCIA GOMEZ RAMIREZ
CONTAS,Demás trabajos,"Conferencia internacional "" Responsabilidad social empresarial""",Colombia, 2018,Español,Papel,ALBA LUCIA GOMEZ RAMIREZ
CONTAS,Demás trabajos,"Conferencia internacional: Facturación electrónica""",Colombia, 2018,Español,Papel,ALBA LUCIA GOMEZ RAMIREZ
CONTAS,Demás trabajos,Seminario Gestión Ambiental Empresarial frente a la Contaminación de Ciudad,Colombia, 2017,Español,Internet,ALBA LUCIA GOMEZ RAMIREZ
CONTAS,Demás trabajos,Conferencia: Prospectiva de la formacion del Contador Público,Colombia, 2013,Español,Otro,MARIA VICTORIA AGUDELO VARGAS
CONTAS,Demás trabajos,Ponencia: Prácticas educativas y profesionales en los últimos 20 años en Colombia,Colombia, 2013,Español,Otro,MARIA VICTORIA AGUDELO VARGAS
CONTAS,Demás trabajos,los métodos de integración regulativa como alternativa de mejoramiento técnico de la profesión,Colombia, 2009,Español,Papel,CARLOS ALBERTO MUNOZ RESTREPO
CONTAS,Demás trabajos,Marco Institucional de la Regulación Contable en Colombia. Implicaciones Técnicas y Pedagógicas,Colombia, 2009,Español,Papel,CARLOS ALBERTO MUNOZ RESTREPO
CONTAS,Demás trabajos,Marco Internacional de la Regulación contable,Colombia, 2009,Español,Papel,CARLOS ALBERTO MUNOZ RESTREPO
CONTAS,Demás trabajos,Marco Internacional de la Regulación contable,Colombia, 2009,Español,Papel,CARLOS ALBERTO MUNOZ RESTREPO
CONTAS,Demás trabajos,Programa de tecnología en costos y tributaria,Colombia, 2005,Español,Papel,"MARIA VICTORIA AGUDELO VARGAS, ARMANDO LEON MEJIA BETANCUR"
CONTAS,Demás trabajos,Marco de Fundamentación Conceptual Pruebas Ecaes 2004-2005,Colombia, 2004,Español,Internet,MARIA VICTORIA AGUDELO VARGAS
FILOSOFIA Y TEOLOGIA CRITICA,Demás trabajos,Senderos actuales del método en teología,Colombia, 2021,Español,Internet,MANUEL DAVID GOMEZ ERAZO
FILOSOFIA Y TEOLOGIA CRITICA,Demás trabajos,Jesús y la historia,Colombia, 2021,Español,Internet,MANUEL DAVID GOMEZ ERAZO
FILOSOFIA Y TEOLOGIA CRITICA,Demás trabajos,Fratelli Tutti: nuevo impulso para la renovación del quehacer teológico,Chile, 2020,Español,Internet,MANUEL DAVID GOMEZ ERAZO
FILOSOFIA Y TEOLOGIA CRITICA,Demás trabajos,Cómo investigar en teología,Colombia, 2020,Español,Internet,MANUEL DAVID GOMEZ ERAZO
FILOSOFIA Y TEOLOGIA CRITICA,Demás trabajos,"Sufrimiento, motor para la resignificación política",Colombia, 2020,Español,Otro,MANUEL DAVID GOMEZ ERAZO
FILOSOFIA Y TEOLOGIA CRITICA,Demás trabajos,Alteridad y sincretismo en ¿Simón el mago¿ de Tomás Carrasquilla,Colombia, 2019,Español,Papel,JUAN ESTEBAN LONDONO BETANCUR
FILOSOFIA Y TEOLOGIA CRITICA,Demás trabajos,Decolonialismo en la Filosofía y la Teología,Colombia, 2018,Español,Otro,MANUEL DAVID GOMEZ ERAZO
FILOSOFIA Y TEOLOGIA CRITICA,Demás trabajos,Pasividad mística: una compresión naturalizada de la experiencia mística,Colombia, 2015,Español,Otro,LINA MARCELA DE LA MILAGROSA CADAVID RAMIREZ
FILOSOFIA Y TEOLOGIA CRITICA,Demás trabajos,Lenguaje y mundo: complejidad y simplicidad,Colombia, 2015,Español,Otro,LEIDY ANDREA RIOS RESTREPO
FILOSOFIA Y TEOLOGIA CRITICA,Demás trabajos,Presentación de la ponencia: La política sin la polis y la polis política,Colombia, 2015,Español,Otro,MILTON ANDRES ORTIZ ESCOBAR
FILOSOFIA Y TEOLOGIA CRITICA,Demás trabajos,Presentación de la ponencia: Tragedia y Política: la axiología de la democracia.,Colombia, 2015,Español,Otro,MILTON ANDRES ORTIZ ESCOBAR
FILOSOFIA Y TEOLOGIA CRITICA,Demás trabajos,Russell y Wittgenstein: lenguaje y mundo en el atomismo lógico,Colombia, 2015,Español,Papel,LEIDY ANDREA RIOS RESTREPO
FILOSOFIA Y TEOLOGIA CRITICA,Demás trabajos,Ponente en el III Congreso de Filosofía para Jóvenes: ¿Pos-Sociedad: ¿una Nueva Ciudadanía Juvenil?¿ Tema: Sociedad de Control vs Autorregulación,Colombia, 2015,Español,Papel,JULIAN ANDRES TORRES SANCHEZ
FILOSOFIA Y TEOLOGIA CRITICA,Demás trabajos,"Comportamiento artístico, dos hipótesis desde una perspectiva biológico-evolutiva",Colombia, 2015,Español,Otro,LEIDY ANDREA RIOS RESTREPO
FILOSOFIA Y TEOLOGIA CRITICA,Demás trabajos,"Ponencia Seminario de Intervención con Familias: "" La Familia como un Escenario de Intervención Interdisciplinar"". Tema: La Concepción de Familia desde el Nuevo Humanismo",Colombia, 2015,Español,Papel,JULIAN ANDRES TORRES SANCHEZ
FILOSOFIA Y TEOLOGIA CRITICA,Demás trabajos,Presentación de la ponencia : La creación de la Polis: La filosofía de un modo de vida en las XII Jornadas de Reflexión filosófica Fundación Universitaria Luis Amigó,Colombia, 2014,Español,Papel,MILTON ANDRES ORTIZ ESCOBAR
FILOSOFIA Y TEOLOGIA CRITICA,Demás trabajos,Ponencia en las XII Jornadas de Reflexión Filosófica. Tema: Una mirada al Pensamiento Rizomatico de Guilles Deleuze y Félix Guattari.,Colombia, 2014,Español,Papel,JULIAN ANDRES TORRES SANCHEZ
FILOSOFIA Y TEOLOGIA CRITICA,Demás trabajos,Ponencia: Luz y sombra: invitación a trascender el límite,Colombia, 2014,Español,Otro,DAVID ESTEBAN ZULUAGA MESA
FILOSOFIA Y TEOLOGIA CRITICA,Demás trabajos,"Presentición de la ponencia ""Cuerpo trágico; cuerpo incruento"" en el  II Congreso de Filosofía para Jóvenes Fundación Universitaria Luis Amigo",Colombia, 2014,Español,Papel,MILTON ANDRES ORTIZ ESCOBAR
FILOSOFIA Y TEOLOGIA CRITICA,Demás trabajos,"Ponencia Seminario Nacional de Psicología Comunitaria ""Del Aula a la Praxis"". Tema: ¿Una lectura de la Sociedad erotizada y sobre estimulada en la que vivimos¿. Fundación Universitaria Luis Amigo los días 26 y 27 de Septiembre",Colombia, 2014,Español,Papel,JULIAN ANDRES TORRES SANCHEZ
FILOSOFIA Y TEOLOGIA CRITICA,Demás trabajos,"Presentación de la ponencia "" La creación de la polis: La filosofía de un modo de vida.""en el  Segundo Congreso internacional de la sociedad filosófica del Uruguay",Uruguay, 2014,Español,Otro,MILTON ANDRES ORTIZ ESCOBAR
FILOSOFIA Y TEOLOGIA CRITICA,Demás trabajos,Moderador en el Primer Simposio Nacional Perspectivas actuales de la Responsabilidad Social.,Colombia, 2014,Español,Papel,JULIAN ANDRES TORRES SANCHEZ
FILOSOFIA Y TEOLOGIA CRITICA,Demás trabajos,Participación como ponente en II Foro regional- XVI Foro local de estudiantes de Filosofía de la Universidad del Quindío,Colombia, 2013,Español,Papel,MILTON ANDRES ORTIZ ESCOBAR
FILOSOFIA Y TEOLOGIA CRITICA,Demás trabajos,"Ponencia ""La Orestíada Ideología y Tragedia"" en el 1er Congreso Colombiano de Estudiantes de Filosofía en la Universidad del Valle",Colombia, 2013,Español,Papel,MILTON ANDRES ORTIZ ESCOBAR
FILOSOFIA Y TEOLOGIA CRITICA,Demás trabajos,Panelista en el 1er Congreso de Filosofía para jovenes,Colombia, 2013,Español,Internet,MILTON ANDRES ORTIZ ESCOBAR
FILOSOFIA Y TEOLOGIA CRITICA,Demás trabajos,Ponencia,Colombia, 2013,Español,Papel,VERONICA NARANJO QUINTERO
FILOSOFIA Y TEOLOGIA CRITICA,Demás trabajos,Síntesis de Teología Moral,Colombia, 2013,Español,Internet,VERONICA NARANJO QUINTERO
FILOSOFIA Y TEOLOGIA CRITICA,Demás trabajos,Mesa de Trabajo,Colombia, 2013,Español,Internet,VERONICA NARANJO QUINTERO
FILOSOFIA Y TEOLOGIA CRITICA,Demás trabajos,Conversatorio de Género,Colombia, 2013,Español,Papel,VERONICA NARANJO QUINTERO
FILOSOFIA Y TEOLOGIA CRITICA,Demás trabajos,Ponente en el XII Encuentro Regional de semillero de Investigación-Nodo Antioquia.,Colombia, 2013,Español,Papel,MILTON ANDRES ORTIZ ESCOBAR
FILOSOFIA Y TEOLOGIA CRITICA,Demás trabajos,"Ponencia ""La Orestíada Ideología y Tragedia"" en el XXIII Foro de Estudiantes de Filosofía de la Universidad de Antioquia",Colombia, 2013,Español,Papel,MILTON ANDRES ORTIZ ESCOBAR
FILOSOFIA Y TEOLOGIA CRITICA,Demás trabajos,Taller,Colombia, 2013,Español,Internet,VERONICA NARANJO QUINTERO
FILOSOFIA Y TEOLOGIA CRITICA,Demás trabajos,Presentacion de la Ponencia : Bataille : Erotismo y Filosofía en la catedra de contexto de la Fundación Universitaria Luis Amigó,Colombia, 2012,Español,Papel,MILTON ANDRES ORTIZ ESCOBAR
FILOSOFIA Y TEOLOGIA CRITICA,Demás trabajos,Ponencia categoría Ambiente,Colombia, 2011,Español,Internet,MARIA TERESA CASTRILLON ALZATE
FILOSOFIA Y TEOLOGIA CRITICA,Demás trabajos,MÓDULO DE FILOSOFÍA A DISTANCIA: LATÍN I,Colombia, 2008,Español,Internet,WILFRIDO ZUNIGA RODRIGUEZ
FILOSOFIA Y TEOLOGIA CRITICA,Demás trabajos,MÓDULO DE FILOSOFÍA A DISTANCIA: GRIEGO I,Colombia, 2008,Español,Internet,WILFRIDO ZUNIGA RODRIGUEZ
FILOSOFIA Y TEOLOGIA CRITICA,Demás trabajos,una mirada a la formacion sociohumanista en la universidad,Colombia, 2007,Español,Internet,MARIA LORENA LIBERTTI MURILLO
URBANITAS,Demás trabajos,Ponencia - Libro de resúmenes: Problemática en en el tratamiento de campañas de Publicidad Social en comparación con mensajes de Publicidad Comercial,Ecuador, 2018,Español,Internet,RAFAEL VARGAS CANO
URBANITAS,Demás trabajos,Curso electivo: Propaganda,Colombia, 2016,Español,Otro,JUAN DIEGO LOPEZ MEDINA
URBANITAS,Demás trabajos,Definición de variables en investigación cualitativa,Colombia, 2015,Español,Otro,JUAN DIEGO LOPEZ MEDINA
URBANITAS,Demás trabajos,"""Algunas características ideológicas de los programas enlatados emitidos en la televisión colombiana entre 1955 y 1990""",Colombia, 2012,Español,Papel,FERNANDO AQUILES DE LA SANTISI ARANGO NAVARRO
URBANITAS,Demás trabajos,Obra Documental Audiovisual: Mitos acerca del suicidio en niños y adolescentes. Objeto de aprendizaje,Colombia, 2010,Español,Internet,ANCIZAR VARGAS LEON
URBANITAS,Demás trabajos,Obra Documental Audiovisual para la prevención del suicidio en el escenario escolar,Colombia, 2010,Español,Internet,ANCIZAR VARGAS LEON
URBANITAS,Demás trabajos,"Obra Documental Audiovisual: Acercamientos interdisciplinarios entre los programa de Educación, Comunicación Social e Ingeniería de Sistemas de la Funlam y sus relaciones con las demandas de formación interdisciplinaria de Instituciones Educativas de secundaria.",Colombia, 2010,Español,Internet,ANCIZAR VARGAS LEON
URBANITAS,Demás trabajos,"Obra Documental Audiovisual: Tele-audiencias críticas y producción co-reponsable: modelo pedagógico participativo de formación en la lectura crítica del servicio de televisión entre la comunidad escolar del INEM José Félix de Restrepo y Telemedellín: ""Críticos TV""",Colombia, 2009,Español,Internet,ANCIZAR VARGAS LEON
FARMACODEPENDENCIA Y OTRAS ADICCIONES,Demás trabajos,De la presencia a la red. Una reexión amigoniana frente a nuestra nueva realidad,Italia, 2020,Español,Internet,ALEXANDER RODRIGUEZ BUSTAMANTE
FARMACODEPENDENCIA Y OTRAS ADICCIONES,Demás trabajos,Descubriendo el consumo durante el aislamiento social - Apprevenir.,Colombia, 2020,Español,Internet,"SANDRA MILENA RESTREPO ESCOBAR, ALEXANDER RODRIGUEZ BUSTAMANTE"
FARMACODEPENDENCIA Y OTRAS ADICCIONES,Demás trabajos,Empatía para ser más humanos,Colombia, 2020,Español,Internet,ALEXANDER RODRIGUEZ BUSTAMANTE
FARMACODEPENDENCIA Y OTRAS ADICCIONES,Demás trabajos,Agenda familia 2020 de la Especialización en Terapia Familiar Jornadas Permanentes de Proyección Social Universidad Católica Luis Amigó.,Colombia, 2020,Español,Otro,ALEXANDER RODRIGUEZ BUSTAMANTE
FARMACODEPENDENCIA Y OTRAS ADICCIONES,Demás trabajos,Documento Maestro Doctorado de Estudios Interdisciplinarios de Psicología,Colombia, 2019,Español,Papel,SANDRA MILENA RESTREPO ESCOBAR
FARMACODEPENDENCIA Y OTRAS ADICCIONES,Demás trabajos,Agenda familia 2019 de la Especialización en Terapia Familiar Jornadas Permanentes de Proyección Social Universidad Católica Luis Amigó.,Colombia, 2019,Español,Otro,ALEXANDER RODRIGUEZ BUSTAMANTE
FARMACODEPENDENCIA Y OTRAS ADICCIONES,Demás trabajos,Renovación de registro calificado Maestría en adicciones y salud mental,Colombia, 2018,Español,Papel,"MARICELLY GOMEZ VARGAS, SANDRA MILENA RESTREPO ESCOBAR, GUSTAVO ADOLFO CALDERON VALLEJO"
FARMACODEPENDENCIA Y OTRAS ADICCIONES,Demás trabajos,"VII SEMINARIO NACIONAL DE FAMILIA: Retos y Posibilidades para las Familias, las Instituciones y el Estado frente a la Violencia, la Exclusión y la Pobreza",Colombia, 2014,Español,Internet,"ALEXANDER RODRIGUEZ BUSTAMANTE, ALEXANDER  ALVIS RIZZO, CARMEN PATRICIA DUQUE SIERRA, ALEXANDER ALVIS RIZZO"
FARMACODEPENDENCIA Y OTRAS ADICCIONES,Demás trabajos,Entrenamiento en Aspectos generales de tratamiento y rehabilitación en Drogodependencias,Venezuela, 2012,Español,Papel,GUILLERMO ALONSO CASTANO PEREZ
FARMACODEPENDENCIA Y OTRAS ADICCIONES,Demás trabajos,REFLEXIONES Y PREGUNTAS SOBRE LA APROBACION DE LA LEY QUE PROHIBE EL PORTE DE LA DOSIS PERSONAL EN COLOMBIA,Colombia, 2009,Español,Internet,GUILLERMO ALONSO CASTANO PEREZ
FARMACODEPENDENCIA Y OTRAS ADICCIONES,Demás trabajos,Opiaceos. Guia de Tratamiento para usuarios problematicos de drogas.,Uruguay, 2007,Español,Papel,GUILLERMO ALONSO CASTANO PEREZ
FARMACODEPENDENCIA Y OTRAS ADICCIONES,Demás trabajos,ACTUALIZACION DE LA GUIA PRACTICA DE ATENCION INTEGRAL EN FARMACODEPENDENCIA,Colombia, 2004,Español,Internet,GUILLERMO ALONSO CASTANO PEREZ
FARMACODEPENDENCIA Y OTRAS ADICCIONES,Demás trabajos,Cocaine Fumabili,Italia, 2004,Italiano,Papel,GUILLERMO ALONSO CASTANO PEREZ
FARMACODEPENDENCIA Y OTRAS ADICCIONES,Demás trabajos,Sistema integrado de prácticas de formación y proyección social en prevención integral,Colombia, 2003,Español,Papel,"GUILLERMO ALONSO CASTANO PEREZ, ANGELA MARIA PARRA BASTIDAS, GUSTAVO ADOLFO CALDERON VALLEJO, MARIA CAROLINA MONTOYA MONTOYA"
FARMACODEPENDENCIA Y OTRAS ADICCIONES,Demás trabajos,"Programa de prevención frente al consumo de alcohol, tabaco y otras sustancias psicoactivas en la Comunidad Educativa Funlam.",Colombia, 2003,Español,Papel,"GUILLERMO ALONSO CASTANO PEREZ, GUSTAVO ADOLFO CALDERON V, ANGELA MARIA PARRA BASTIDAS, MARIA CAROLINA MONTOYA MONTOYA"
FARMACODEPENDENCIA Y OTRAS ADICCIONES,Demás trabajos,La construcción de un currículo en un programa de formación de formadores en prevención integral.,Colombia, 2003,Español,Papel,GUILLERMO ALONSO CASTANO PEREZ
FARMACODEPENDENCIA Y OTRAS ADICCIONES,Demás trabajos,Textos y Argumentos No. 5. Línea de investigación: el ser humano y su relación con las drogas y sus problemas conexos,Colombia, 2003,Español,Papel,"GUILLERMO ALONSO CASTANO PEREZ, GUSTAVO ADOLFO CALDERON VALLEJO"
FARMACODEPENDENCIA Y OTRAS ADICCIONES,Demás trabajos,Desarrollo Humano Obcion Vida,Colombia, 2002,Español,,MARIA CAROLINA MONTOYA MONTOYA
FARMACODEPENDENCIA Y OTRAS ADICCIONES,Demás trabajos,Politica de la Fundacion Universitaria Luis AMigo frente al consumo de alcohol y otras sustancias psicoactivas en su comunidad academica,Colombia, 2002,Español,Papel,GUILLERMO ALONSO CASTANO PEREZ
FARMACODEPENDENCIA Y OTRAS ADICCIONES,Demás trabajos,Desarrollo Humano como constructo conceptual de acción para la Prevención Integral,Colombia, 2002,Español,Internet,"GUILLERMO ALONSO CASTANO PEREZ, GUSTAVO ADOLFO CALDERON VALLEJO"
FARMACODEPENDENCIA Y OTRAS ADICCIONES,Demás trabajos,Estrategias de reducción de daño en el contexto Colombiano: Propuestas de actuación,Colombia, 2002,Español,Papel,GUILLERMO ALONSO CASTANO PEREZ
FARMACODEPENDENCIA Y OTRAS ADICCIONES,Demás trabajos,Consumo de sustancias psicoactivas y otros factores asociados con delincuencia juvenil,Colombia, 2000,Español,Papel,"GUSTAVO ADOLFO CALDERON VALLEJO, JOSE MARIA MAYA MEJIA, YOLANDA TORRES DE GALVIS, LENN MURELLE, MARIA DE LOS ANGELES RODRIGUEZ"
FARMACODEPENDENCIA Y OTRAS ADICCIONES,Demás trabajos,Memorias Jornadas de Actualización en Farmacodependencia,Colombia, 2000,Español,Internet,GUILLERMO ALONSO CASTANO PEREZ
FARMACODEPENDENCIA Y OTRAS ADICCIONES,Demás trabajos,Memorias Jornadas de Actualización en Farmacodependencia,Colombia, 2000,Español,Internet,GUILLERMO ALONSO CASTANO PEREZ
FARMACODEPENDENCIA Y OTRAS ADICCIONES,Demás trabajos,PREVENCIÓN PRIMARIA DE LA FARMACODEPENDENCIA,Colombia, 2000,Español,Papel,ANGELA MARIA PARRA BASTIDAS
FARMACODEPENDENCIA Y OTRAS ADICCIONES,Demás trabajos,SISTEMATIZACIÓN DE PROGRAMAS PREVENTIVOS DEL USO INDEBIDO DE DROGAS EN MEDELLÍN,Colombia, 1999,Español,Papel,ANGELA MARIA PARRA BASTIDAS
FARMACODEPENDENCIA Y OTRAS ADICCIONES,Demás trabajos,DESARROLLO Y VALORACIÓN DE UNA METODOLOGÍA DE EVALUACIÓN DE TRATAMIENTOS DE FARMACODEPENDIENTES,Colombia, 1997,Español,Papel,GUSTAVO ADOLFO CALDERON VALLEJO
FARMACODEPENDENCIA Y OTRAS ADICCIONES,Demás trabajos,MODALIDADES DE TRATAMIENTO Y REHABILITACIÓN DE FARMACODEPENDIENTES EN COLOMBIA,Colombia, 1997,Español,Papel,GUSTAVO ADOLFO CALDERON VALLEJO
AYELEN,Demás trabajos,"Ciberconvivencia riesgos y desafíos de los estudiantes, alternativas de atención",Colombia, 2019,Español,Otro,BENILDA LAYNE BERNAL
AYELEN,Demás trabajos,Afrontamiento y autorregulación para prevenir el suicidio y el ciberbullying,Chile, 2018,Español,Otro,BENILDA LAYNE BERNAL
AYELEN,Demás trabajos,Afrontamiento y autorregulación para prevenir el suicidio y el ciberbullying,Chile, 2018,Español,Otro,BENILDA LAYNE BERNAL
AYELEN,Demás trabajos,Taller Estrategias de afrontamiento del ciberbullying,Colombia, 2017,Español,Internet,BENILDA LAYNE BERNAL
AYELEN,Demás trabajos,Seminario Internacional Atención Psicosocial en Desastres y Postconflicto,Colombia, 2017,Español,Internet,"BENILDA LAYNE BERNAL, PEDRO ALVAREZ MASSI"
AYELEN,Demás trabajos,Informe de practica Propuesta: Fortalecimiento de la adherencia al tratamiento de adicciones en los pacientes de la Fundación Génesis de Colombia,Colombia, 2016,Español,Papel,BENILDA LAYNE BERNAL
AYELEN,Demás trabajos,Informe de practica PROCESO TERAPEUTICO ORIENTADO A LAS HABILIDADES SOCIALES PARA OPTIMIZAR LA CALIDAD DE VIDA DESDE LA PSICOEDUCACION EN ADICCIONES EN MENORES INFRACTORES VINCULADOS EN COJLA ¿CASA NACER¿,Colombia, 2016,Español,Papel,BENILDA LAYNE BERNAL
AYELEN,Demás trabajos,Caracterización y estudio fenomenológico de la conducta del tráfico de órganos en Colombia en el periodo comprendido entre los años 2004 y 2013,Colombia, 2014,Español,Papel,BENILDA LAYNE BERNAL
AYELEN,Demás trabajos,¿La Investigación Criminal Ambiental con énfasis en el Tráfico Ilegal de Especies de Fauna Silvestre¿ Un reto para la Policía Nacional de Colombia.,Colombia, 2014,Español,Papel,BENILDA LAYNE BERNAL
AYELEN,Demás trabajos,"Ponencia: ""Communication Competences and Strategies to the English Language Learning"" Competencias Comunicativas y Estrategias para el Aprendizaje del Inglés",Colombia, 2014,Inglés,Papel,ANYELA ISABEL TOQUICA ORTIZ
AYELEN,Demás trabajos,"Informe de práctica Proyecto de Sentido y Proyecto de Vida Colegio Parroquial San Carlos./Franco, R.",Colombia, 2014,Español,Internet,BENILDA LAYNE BERNAL
AYELEN,Demás trabajos,Informe de práctica Atención psicológica en el Centro Educativo Amigoniano. /Porras,Colombia, 2014,Español,Internet,BENILDA LAYNE BERNAL
AYELEN,Demás trabajos,Informe de práctica Abordaje psicosocial dirigido a los usuarios de la organización internacional para el desarrollo psicoemocional (OIPSI). / Poveda,Colombia, 2014,Español,Internet,BENILDA LAYNE BERNAL
AYELEN,Demás trabajos,"Informe de Práctica Atención psicológica basada en los Valores en la Fundación sigue mis huellas / Castillo, Gómez, Garcia y Madera",Colombia, 2014,Español,Internet,BENILDA LAYNE BERNAL
AYELEN,Demás trabajos,Informe de Práctica Fortalecimiento de la Resiliencia en Niños entre los 4 A 10 Años para el Afrontamiento de Dificultades /Rincon Y.,Colombia, 2014,Español,Internet,BENILDA LAYNE BERNAL
AYELEN,Demás trabajos,Informe de práctica Diagnóstico psicosocial con los niños y niñas en edad inicial asistentes a jardín Distrital/ Otero y Jaimes.,Colombia, 2014,Español,Internet,BENILDA LAYNE BERNAL
AYELEN,Demás trabajos,Informe de Práctica Atención psicosocial en un grupo de adulto mayores/Gonzales-Herrera,Colombia, 2014,Español,Internet,BENILDA LAYNE BERNAL
AYELEN,Demás trabajos,Informe de Práctica Sentido de vida con los internos de la penitenciaria la picota /Manrique,Colombia, 2014,Español,Internet,BENILDA LAYNE BERNAL
AYELEN,Demás trabajos,"Informe de Práctica Vínculo terapeuta-usuario en proceso terapéutico./De Marchena, Criollo, Ramirez",Colombia, 2014,Español,Internet,BENILDA LAYNE BERNAL
AYELEN,Demás trabajos,Cuidando de la vida: Conducta suicida el reto de la investigación intervención,Colombia, 2014,Español,Otro,BENILDA LAYNE BERNAL
AYELEN,Demás trabajos,Bullying Escolar Situación Localidad de Suba en Bogotá,Colombia, 2013,Español,Otro,SANDRA LUZ CASTRO LESMES
AYELEN,Demás trabajos,Resumen,Colombia, 2013,Español,Internet,BENILDA LAYNE BERNAL
AYELEN,Demás trabajos,"Encuentro de investigación, semilleros, prácticas profesionales formativas FUNLAM Bogotá ponencia Suicidio en la población universitaria, el reto de la  investigación intervención",Colombia, 2012,Español,Papel,BENILDA LAYNE BERNAL
AYELEN,Demás trabajos,Semblanzas del suicido en la  ciudad de Bogotá,Colombia, 2012,Español,Papel,BENILDA LAYNE BERNAL
CALIDAD DE VIDA,Demás trabajos,El Perfil del Trabajador Social en la construcción de Paz desde una Cultura Ambiental,Panamá, 2017,Español,Internet,LIVIA DIAZ GONZALEZ
CALIDAD DE VIDA,Demás trabajos,METODOLOGÍA DE APOYO A EDUCANDOS CON NECESIDADES ESPECIFICAS DE APRENDIZAJE DE COMPETENCIAS DEL IDIOMA INGLES,Colombia, 2017,Inglés,Papel,ARGEMIRO JOSE AMAYA BUELVAS
CALIDAD DE VIDA,Demás trabajos,"PONENCIA INTERNACIONAL: LA FORMACION DE DINAMIZADORES EN EDUCACIÓN AMBIENTAL, UNA OPORTUNIDAD PARA TRANSFORMAR LA VIDA COTIDIANA DE LAS INSTITUCIONES EDUCATIVAS",Colombia, 2014,Español,Papel,"VICTOR TERAN REALES, MERI CARDONA OVIEDO"
CALIDAD DE VIDA,Demás trabajos,"PONENCIA EN EL XI ENCUENTRO INTERNACIONAL DE EDUCACION INICIAL Y PREESCOLAR: ODISEA DE UN VIAJE HACIA LOS DERECHOS DE LOS NIÑOS, NIÑAS , JOVENES Y ADOLESCENTES DEL DPTO DE CORDOBA",Cuba, 2014,Español,Papel,VICTOR TERAN REALES
CALIDAD DE VIDA,Demás trabajos,Día Internacional del Cooperativismo,Colombia, 2013,Español,Papel,JOAQUIN JOSE ROJANO DE LA HOZ
CALIDAD DE VIDA,Demás trabajos,SEMILLERO DE INVESTIGACION ECO STAR - CREACIÓN DE UNA EMPRESA DEDICADA AL ECOTURISMO EN EL RIO SINÚ UBICADA EN LA CIUDAD DE MONTERÍA CÓRDOBA.,Colombia, 2013,Español,Internet,LACIDES DE JESUS CANAVERA GUZMAN
CALIDAD DE VIDA,Demás trabajos,SEMILLERO DE INVESTIGACION ECO STAR - FUTUROPLAST¿ ¿PROCESADORA PARA EL APROVECHAMIENTO Y TRANSFORMACIÓN DE RESINAS PLÁSTICAS Y POLÍMEROS RECUPERADOS EN EL MUNICIPIO DE MONTERÍA DEPARTAMENTO DE CÓRDOBA¿,Colombia, 2013,Español,Internet,LACIDES DE JESUS CANAVERA GUZMAN
CALIDAD DE VIDA,Demás trabajos,SEMILLERO DE INVESTIGACION ECO STAR - CREACION DE UNA EMPRESA ¿ PRODUCTORA Y COMERCIALIZADORA DE MANUALIDADES A PARTIR DE MATERIAL RECICLABLE SOLIDO UBICADA EN LA CIUDAD DE MONTERÍA - CÓRDOBA,Colombia, 2013,Español,Internet,LACIDES DE JESUS CANAVERA GUZMAN
CALIDAD DE VIDA,Demás trabajos,COMO ABORDAN LOS DOCENTES EL FENOMENO BULLYING,Colombia, 2013,Español,Papel,MARIA CLAUDIA DIAZ SOTOMAYOR
CALIDAD DE VIDA,Demás trabajos,SEMILLERO DE INVESTIGACION _ ECO-STAR,Colombia, 2012,Español,Internet,LACIDES DE JESUS CANAVERA GUZMAN
CALIDAD DE VIDA,Demás trabajos,SEMILLERO DE INVESTIGACION ECO STAR - PROYECTO DE INVESTIGACION SOBRE EL ESTADO ACTUAL DEL SILVOPASTOREO COMO HERRAMIENTA QUE PERMITA LA SOSTENIBILIDAD Y LA SUSTETABILIDAD EN LAS FINCAS GANADERAS DEL DEPARTAMENTO DE CORDOBA.,Colombia, 2012,Español,Papel,LACIDES DE JESUS CANAVERA GUZMAN
CALIDAD DE VIDA,Demás trabajos,SEMILLERO DE INVESTIGACION ECO -STAR - CREACIÓN DE UNA EMPRESA DE ADOPCIÓN DE PARQUES PARA EL MEJORAMIENTO AMBIENTAL Y CALIDAD DE VIDA DE LOS HABITANTES DE LA CIUDAD DE MONTERÍA ¿ CÓRDOBA,Colombia, 2012,Español,Papel,LACIDES DE JESUS CANAVERA GUZMAN
CALIDAD DE VIDA,Demás trabajos,SEMILLERO DE INVESTIGACION - PROYECTO DE INVESTIGACION SOBRE PATIOS PRODUCTIVOS Y SU FACTIBILIDAD COMO UNA ALTERNATIVA PARA LA ECONOMIA FAMILIAR Y UN ESTILO DE VIDA.,Colombia, 2012,Español,Papel,LACIDES DE JESUS CANAVERA GUZMAN
CALIDAD DE VIDA,Demás trabajos,"Análisis de la gestión Publica en los sectores de salud mortalidad infantil y educación,deserción escolar 2010 Municipio de Moñitos.",Colombia, 2011,Español,Papel,MERY RAQUEL CARDONA OVIEDO
CALIDAD DE VIDA,Demás trabajos,"La escuela, su papel en la familia y la construccion de la ciudadanìa.",Colombia, 2010,Español,Papel,MERY RAQUEL CARDONA OVIEDO
CALIDAD DE VIDA,Demás trabajos,DIPLOMADO: DOCENCIA E INVESTIGACIÒN,Colombia, 2010,Español,Papel,LUZ BRUNAL DE PETRO
CALIDAD DE VIDA,Demás trabajos,Diplomado Dificultades del Aprendizaje,Colombia, 2010,Español,Papel,LUZ BRUNAL DE PETRO
CALIDAD DE VIDA,Demás trabajos,Documento articulaciòn de la educaciòn media a la licenciatura en preescolar,Colombia, 2009,Español,Papel,LUZ BRUNAL DE PETRO
CALIDAD DE VIDA,Demás trabajos,La Metacogniciòn como mediadora a travès de los proyectos de aula en eL REESCOLAR,Colombia, 2009,Español,Papel,LUZ BRUNAL DE PETRO
CALIDAD DE VIDA,Demás trabajos,La Evaluaciòn integral,Colombia, 2009,Español,Papel,LUZ BRUNAL DE PETRO
CALIDAD DE VIDA,Demás trabajos,LA EVALUACIÒN INTEGRAL,Colombia, 2009,Español,Papel,LUZ BRUNAL DE PETRO
CALIDAD DE VIDA,Demás trabajos,Etnoeducaciòn. Càtedra de Estudios Afrocolombianos,Colombia, 2009,Español,Papel,MERY RAQUEL CARDONA OVIEDO
CALIDAD DE VIDA,Demás trabajos,Etnoeducaciòn.Catedra de Estudios Afrocolombianos,Colombia, 2008,Español,Papel,MERY RAQUEL CARDONA OVIEDO
CALIDAD DE VIDA,Demás trabajos,Gestión Estratégica de Instituciones Escolares.,Colombia, 2005,Español,Internet,LUZ BRUNAL DE PETRO
CALIDAD DE VIDA,Demás trabajos,Evaluación Escolar,Colombia, 2005,Español,,LUZ BRUNAL DE PETRO
CALIDAD DE VIDA,Demás trabajos,DOCENCIA UNIVERSITARIA,Colombia, 2005,Español,Internet,LUZ BRUNAL DE PETRO
CALIDAD DE VIDA,Demás trabajos,COMPETENCIAS CIUDADANAS,Colombia, 2005,Español,Internet,LUZ BRUNAL DE PETRO
CALIDAD DE VIDA,Demás trabajos,FORMACIÓN PEDAGOGICA.,Colombia, 2005,Español,Internet,LUZ BRUNAL DE PETRO
CALIDAD DE VIDA,Demás trabajos,PROGRAMA DE FORMACIÓN PEDAGOGICA PARA PROFESIONALES NO LICENCIADOS.,Colombia, 2005,Español,Internet,LUZ BRUNAL DE PETRO
CALIDAD DE VIDA,Demás trabajos,Procesos Pedagógicos Curriculares,Colombia, 2005,Español,Internet,LUZ BRUNAL DE PETRO
CALIDAD DE VIDA,Demás trabajos,Sistema de Evaluación-Logros y Estándares.,Colombia, 2005,Español,Internet,LUZ BRUNAL DE PETRO
CALIDAD DE VIDA,Demás trabajos,La clase para la enseñanza y un aprendizaje desarrollador.,Colombia, 2005,Español,Internet,LUZ BRUNAL DE PETRO
CALIDAD DE VIDA,Demás trabajos,El respeto y la confianza: una posibilidad de construcción en la practica evaluativa.,Colombia, 2002,Español,Papel,VICTOR TERAN REALES
CALIDAD DE VIDA,Demás trabajos,"Condiciones actuales sociopoliticas, económicas y ocupacionales de la mujer trabajadora remunerada en el departamento de Córdoba.",Colombia, 1998,Español,Papel,"VICTOR TERAN REALES, AMAURY ROMERO, ALEX VANDERBIL, EMILSE VILLADIEGO, ELCY PUELLO, IBETH REINA, HERNANDO SALCEDO, RAFAEL BARRIOS OSORIO"
CALIDAD DE VIDA,Demás trabajos,Administración de Recursos para financiar el proyecto,Colombia, 1998,Español,Papel,LUCILA SOTTER MERCADO
CALIDAD DE VIDA,Demás trabajos,Estado del arte: Investigación educativa en menores de siete años.,Colombia, 1996,Español,Papel,"VICTOR TERAN REALES, CARLOS OTALVARO, IVAN NAVARRO GRAJALES, OSCAR BARRIOS CARABALLO, RAFAEL BARRIOS OSORIO"
CALIDAD DE VIDA,Demás trabajos,Pautas y practicas de crianza en familias cordobesas,Colombia, 1996,Español,Papel,"VICTOR TERAN REALES, CIRA SIERRA URRANGO, IVAN NAVARRO GRAJALES, CANDY BUELVAS LOPEZ, OSCAR BARRIOS CARABALLO, RAFAEL BARRIOS OSORIO"
CALIDAD DE VIDA,Demás trabajos,Nuestra Linda Tierra Cordobesa,Colombia, 1993,Español,Papel,MERY RAQUEL CARDONA OVIEDO
ESTUDIOS DE FENOMENOS PSICOSOCIALES,Demás trabajos,Carta Descriptiva curso clínica de lo social para el doctorado en estudios Interdisciplinarios en Psicología,Colombia, 2017,Español,Internet,NICOLASA MARIA DURAN PALACIO
ESTUDIOS DE FENOMENOS PSICOSOCIALES,Demás trabajos,Carta Descriptiva curso Sujetos y actores del desarrollo. Doctorado en estudios Interdisciplinarios en Psicología,Colombia, 2017,Español,Papel,HEIDI SMITH PULIDO VARON
ESTUDIOS DE FENOMENOS PSICOSOCIALES,Demás trabajos,"Carta Descriptiva curso ""Psicología Latinoamericana y Fenómenos Contemporáneos""",Colombia, 2017,Español,Papel,KATY LUZ MILLAN OTERO
ESTUDIOS DE FENOMENOS PSICOSOCIALES,Demás trabajos,Informe para la renovación del registro Calificado del Programa de Psicología de la Funlam,Colombia, 2016,Español,Papel,MAGDA VICTORIA DIAZ ALZATE
ESTUDIOS DE FENOMENOS PSICOSOCIALES,Demás trabajos,"Entrevista Periódico El Colombiano En Medellín, conductores que reinciden en infracciones son profesionales",Colombia, 2016,Español,Papel,NICOLASA MARIA DURAN PALACIO
ESTUDIOS DE FENOMENOS PSICOSOCIALES,Demás trabajos,Foro Relaciones y tensiones entre l apoblación rural del Altiplano del oriente antioqueño y la legalidad estatal,Colombia, 2016,Español,Internet,"NICOLASA MARIA DURAN PALACIO, NORMAN DARIO MORENO CARMONA, SONIA NATALIA COGOLLO OSPINA"
ESTUDIOS DE FENOMENOS PSICOSOCIALES,Demás trabajos,Imaginar la paz en Colombia. Cavilaciones desde la academia,Colombia, 2015,Español,Internet,SONIA NATALIA COGOLLO OSPINA
ESTUDIOS DE FENOMENOS PSICOSOCIALES,Demás trabajos,"Corrección de estilo Revista Colombiana de Ciencias Sociales Vol. 6 N° 2 (julio-diciembre, 2015)",Colombia, 2015,Español,Internet,SONIA NATALIA COGOLLO OSPINA
ESTUDIOS DE FENOMENOS PSICOSOCIALES,Demás trabajos,Responsabilidad social : perspectivas para la acción en Colombia,Colombia, 2015,Español,Internet,SONIA NATALIA COGOLLO OSPINA
ESTUDIOS DE FENOMENOS PSICOSOCIALES,Demás trabajos,"Corrección de estilo Revista Fundación Universitaria Luis Amigó (Vol. 2 No. 1, enero-junio, 2015)",Colombia, 2015,Español,Internet,SONIA NATALIA COGOLLO OSPINA
ESTUDIOS DE FENOMENOS PSICOSOCIALES,Demás trabajos,"Corrección de estilo Revista Colombiana de Ciencias Sociales Vol. 6 N° 1 (enero-junio, 2015)",Colombia, 2015,Español,Internet,SONIA NATALIA COGOLLO OSPINA
ESTUDIOS DE FENOMENOS PSICOSOCIALES,Demás trabajos,Primer Bienal Latinoamericano de Infancias y Juventudes.  Configuración  identitaria en jóvenes que vivieron en su infancia la desaparición forzada de un familiar..,Colombia, 2014,Español,Internet,"ALEXANDER RODRIGUEZ BUSTAMANTE, ALEXANDER  ALVIS RIZZO, CARMEN PATRICIA DUQUE SIERRA, ALEXANDER ALVIS RIZZO"
ESTUDIOS DE FENOMENOS PSICOSOCIALES,Demás trabajos,"VII SEMINARIO NACIONAL DE FAMILIA: Retos y Posibilidades para las Familias, las Instituciones y el Estado frente a la Violencia, la Exclusión y la Pobreza",Colombia, 2014,Español,Internet,"ALEXANDER RODRIGUEZ BUSTAMANTE, ALEXANDER  ALVIS RIZZO, CARMEN PATRICIA DUQUE SIERRA, ALEXANDER ALVIS RIZZO"
ESTUDIOS DE FENOMENOS PSICOSOCIALES,Demás trabajos,Precongreso Responsabilidad Social y Educación,Colombia, 2014,Español,Internet,NICOLASA MARIA DURAN PALACIO
ESTUDIOS DE FENOMENOS PSICOSOCIALES,Demás trabajos,Corrección de estilo Revista Colombiana de Ciencias Sociales Vol. 5 No. 2,Colombia, 2014,Español,Internet,SONIA NATALIA COGOLLO OSPINA
ESTUDIOS DE FENOMENOS PSICOSOCIALES,Demás trabajos,El fuego y el Arco. Reflexiones sobre la técnica,Colombia, 2014,Español,Papel,ANDRES FELIPE MARIN CORTES
ESTUDIOS DE FENOMENOS PSICOSOCIALES,Demás trabajos,"Corrección de estilo revista Perseitas Vol. 2 No. 1 (enero-junio, 2014)",Colombia, 2013,Español,Internet,SONIA NATALIA COGOLLO OSPINA
ESTUDIOS DE FENOMENOS PSICOSOCIALES,Demás trabajos,Corrección de estilo Revista Colombiana de Ciencias Sociales Vol. 4 No. 2,Colombia, 2013,Español,Internet,SONIA NATALIA COGOLLO OSPINA
ESTUDIOS DE FENOMENOS PSICOSOCIALES,Demás trabajos,Conferencia ¿psicodrama: una metodología de intervención en diferentes escenarios,Colombia, 2013,Español,Internet,JUAN CAMILO ARIAS CASTRILLON
ESTUDIOS DE FENOMENOS PSICOSOCIALES,Demás trabajos,Conferencia Psicología social en Colombia,Colombia, 2012,Español,Internet,JUAN CAMILO ARIAS CASTRILLON
ESTUDIOS DE FENOMENOS PSICOSOCIALES,Demás trabajos,Documento Maestro Maestría en Intervenciones Psicosociales,Colombia, 2011,Español,Papel,NORMAN DARIO MORENO CARMONA
ESTUDIOS DE FENOMENOS PSICOSOCIALES,Demás trabajos,"Conferencia ¿Relación entre vocabulario receptivo y coeficiente intelectual""",Colombia, 2011,Español,Internet,JUAN CAMILO ARIAS CASTRILLON
ESTUDIOS DE FENOMENOS PSICOSOCIALES,Demás trabajos,Actualización del plan de estudios del programa de psicología de la FUNLAM,Colombia, 2010,Español,Papel,NORMAN DARIO MORENO CARMONA
ESTUDIOS DE FENOMENOS PSICOSOCIALES,Demás trabajos,HACIA UNA PROPUESTA INTEGRAL DE SALUD MENTAL,Colombia, 2010,Español,Papel,CRISTOBAL OVIDIO MUNOZ ARROYAVE
FAMILIA DESARROLLO Y CALIDAD DE VIDA,Demás trabajos,"Divulgación del libro: La disciplina del desarrollo familiar colombiano. Un diálogo entre conocimiento científico, intervención y acompañamiento familiar",Colombia, 2018,Español,Internet,"ALEXANDER RODRIGUEZ BUSTAMANTE, GERMAN DARIO HERRERA SARAY, EDISON FRANCISCO VIVEROS CHAVARRIA, LUZ MARIA LOPEZ MONTANO"
FAMILIA DESARROLLO Y CALIDAD DE VIDA,Demás trabajos,"Curso de doctorado ""Teorías de familia clásicas y contemporáneas""",Colombia, 2018,Español,Internet,EDISON FRANCISCO VIVEROS CHAVARRIA
FAMILIA DESARROLLO Y CALIDAD DE VIDA,Demás trabajos,Entrevista Periódico Gente Laureles Jun. 3 al 9 de 2016,Colombia, 2016,Español,Internet,ALEXANDER RODRIGUEZ BUSTAMANTE
FAMILIA DESARROLLO Y CALIDAD DE VIDA,Demás trabajos,"Ponencia : El aula de paz: retos y actores en la construcción de una cultura de paz en Colombia. En: El Encuentro Nacional de Postconflicto, Salud Mental y Acciones Psicosociales Hacia la Paz realizados los días 26, 27 y 28 de Mayo de 2016 en el Instituto León Tolstoi en Bogotá Colombia.",Colombia, 2016,Español,Internet,"ALEXANDER RODRIGUEZ BUSTAMANTE, GLORIA MARIA LOPEZ ARBOLEDA, JUAN CARLOS ECHEVERRI ALVAREZ"
FAMILIA DESARROLLO Y CALIDAD DE VIDA,Demás trabajos,Primer Bienal Latinoamericano de Infancias y Juventudes.  Configuración  identitaria en jóvenes que vivieron en su infancia la desaparición forzada de un familiar..,Colombia, 2014,Español,Internet,"ALEXANDER RODRIGUEZ BUSTAMANTE, ALEXANDER  ALVIS RIZZO, CARMEN PATRICIA DUQUE SIERRA, ALEXANDER ALVIS RIZZO"
FAMILIA DESARROLLO Y CALIDAD DE VIDA,Demás trabajos,"VII SEMINARIO NACIONAL DE FAMILIA: Retos y Posibilidades para las Familias, las Instituciones y el Estado frente a la Violencia, la Exclusión y la Pobreza",Colombia, 2014,Español,Internet,"ALEXANDER RODRIGUEZ BUSTAMANTE, ALEXANDER  ALVIS RIZZO, CARMEN PATRICIA DUQUE SIERRA, ALEXANDER ALVIS RIZZO"
FAMILIA DESARROLLO Y CALIDAD DE VIDA,Demás trabajos,FORO: LA FAMILIA... ENCUENTROS Y DESENCUENTROS,Colombia, 2014,Español,Internet,ALEXANDER RODRIGUEZ BUSTAMANTE
FAMILIA DESARROLLO Y CALIDAD DE VIDA,Demás trabajos,Jornadas Facultad Psicología y Ciencias Sociales. Taller de profundización en Actividad Física y Deporte (Lúdica),Colombia, 2013,Español,Internet,JOSE TOMAS CORTES DIAZ
FAMILIA DESARROLLO Y CALIDAD DE VIDA,Demás trabajos,"La Formación De Profesionales En Los Campos De La Educación Física, El Deporte, La Recreación Y La Actividad Física En Colombia. Expomotricidad 2013. Simposio Internacional de Formación de profesionales en el área de Educación Física, Recreación, Deporte y afines y Encuentro Nacional de Directores..",Colombia, 2013,Español,Internet,JESUS MARIA PINILLOS GARCIA
FAMILIA DESARROLLO Y CALIDAD DE VIDA,Demás trabajos,"Gestión en el escenario educativo, el caso de la Fundación Universitaria Luis Amigó. Expomotricidad 2013. 7° Jornadas iberoamericanas de Gestón y Administración Deportiva",Colombia, 2013,Español,Internet,JESUS MARIA PINILLOS GARCIA
FAMILIA DESARROLLO Y CALIDAD DE VIDA,Demás trabajos,"Epistemología, historia y didáctica de la Educación Física, una relación necesaria.Simposio de Didáctica de la Educación Física. Universidad Pedagógica Nacional",Colombia, 2012,Español,Papel,JESUS MARIA PINILLOS GARCIA
FAMILIA DESARROLLO Y CALIDAD DE VIDA,Demás trabajos,"Paternidad, Maternidad: Familias que se escuchan / Familias que aprenden...",Colombia, 2012,Español,Internet,ALEXANDER RODRIGUEZ BUSTAMANTE
FAMILIA DESARROLLO Y CALIDAD DE VIDA,Demás trabajos,"SIMPOSION ""DESDE OTRAS VOCES: EDUCACIÓN PARA LA VIDA",Colombia, 2010,Español,Internet,"ALEXANDER RODRIGUEZ BUSTAMANTE, ALEXANDER  ALVIS RIZZO, CARMEN PATRICIA DUQUE SIERRA"
FAMILIA DESARROLLO Y CALIDAD DE VIDA,Demás trabajos,"ENTREVISTA EN TELEANTIOQUIA: Historias de hermanos, relatos de convivencia en familia.",Colombia, 2010,Español,Internet,ALEXANDER RODRIGUEZ BUSTAMANTE
FAMILIA DESARROLLO Y CALIDAD DE VIDA,Demás trabajos,ENTREVISTA EN TELEMELLÍN: Víctimas de la Violencia - Libro El Cielo no me abandona (VideoCast),Colombia, 2008,Español,Internet,ALEXANDER RODRIGUEZ BUSTAMANTE
"EDUCACION, INFANCIA Y LENGUAS EXTRANJERAS",Demás trabajos,la revisión y análisis para el proceso de validación lógica del instrumento de evaluación de los Estilos Educativos Familiares - EVALEF-,Colombia, 2021,Español,Internet,SONIA RUTH QUINTERO ARRUBLA
"EDUCACION, INFANCIA Y LENGUAS EXTRANJERAS",Demás trabajos,Documento Maestro del Doctorado en Educación,Colombia, 2019,Español,Internet,"CARMEN YSABEL MARTINEZ DE MERINO, JOSE WILMAR PINO MONTOYA, DIANA CAROLINA GARCIA LONDONO"
"EDUCACION, INFANCIA Y LENGUAS EXTRANJERAS",Demás trabajos,Elaboración del curso: Metodología de la Investigación Cualitativa,Colombia, 2016,Español,Internet,JOSE WILMAR PINO MONTOYA
"EDUCACION, INFANCIA Y LENGUAS EXTRANJERAS",Demás trabajos,"Conferencia ""Afectividad, sexualidad y homosexualidad en la vida consagrada""",Colombia, 2014,Español,Otro,GLORIA MARIA LOPEZ ARBOLEDA
"EDUCACION, INFANCIA Y LENGUAS EXTRANJERAS",Demás trabajos,Ponencia. Sexualidad y erotismo en pareja: una mirada psicológica al arte de seducir.,Colombia, 2014,Español,Otro,GLORIA MARIA LOPEZ ARBOLEDA
"EDUCACION, INFANCIA Y LENGUAS EXTRANJERAS",Demás trabajos,Ponencia. La curiosidad sexual en la niñez y la docta ignorancia sexual en la adultez,Colombia, 2013,Español,Otro,GLORIA MARIA LOPEZ ARBOLEDA
"EDUCACION, INFANCIA Y LENGUAS EXTRANJERAS",Demás trabajos,"Taller teórico-práctico ""Sexualidad y erotismo en la pareja""",Colombia, 2013,Español,Internet,GLORIA MARIA LOPEZ ARBOLEDA
"EDUCACION, INFANCIA Y LENGUAS EXTRANJERAS",Demás trabajos,"Conferencia Monitores. Rendimiento óptimo, estrés e inteligencia emocional en los profesionales de la salud",Colombia, 2013,Español,Internet,GLORIA MARIA LOPEZ ARBOLEDA
"EDUCACION, INFANCIA Y LENGUAS EXTRANJERAS",Demás trabajos,"Conferencia docentes. Rendimiento óptimo, estrés e inteligencia emocional en los profesionales de la salud",Colombia, 2013,Español,Internet,GLORIA MARIA LOPEZ ARBOLEDA
"EDUCACION, INFANCIA Y LENGUAS EXTRANJERAS",Demás trabajos,"Taller. Rendimiento óptimo, estrés e inteligencia emocional en los profesionales de la salud",Colombia, 2013,Español,Internet,GLORIA MARIA LOPEZ ARBOLEDA
"EDUCACION, INFANCIA Y LENGUAS EXTRANJERAS",Demás trabajos,Matrices estéticas: una propuesta para reflexionar la educación en infancia,Colombia, 2012,Español,Internet,"NATALIA ANDREA ALZATE ALZATE"
"EDUCACION, INFANCIA Y LENGUAS EXTRANJERAS",Demás trabajos,"Literatura, lenguaje y escritura: infancia y fantasía",Colombia, 2012,Español,Internet,"NATALIA ANDREA ALZATE ALZATE"
"EDUCACION, INFANCIA Y LENGUAS EXTRANJERAS",Demás trabajos,Resultados finales de la investigación Familiar y las prácticas de crianza,Colombia, 2012,Español,Internet,"NATALIA ANDREA ALZATE ALZATE"
"EDUCACION, INFANCIA Y LENGUAS EXTRANJERAS",Demás trabajos,Curso de ingles para maestria,Colombia, 2012,Español,Papel,FREDY ALEXANDER ZAPATA RENDON
"EDUCACION, INFANCIA Y LENGUAS EXTRANJERAS",Demás trabajos,"Prácticas de crianza y Dinámica familiar, una reflexión derivada de la Cartilla crianza de uno, crianza de todos",Colombia, 2012,Español,Internet,"NATALIA ANDREA ALZATE ALZATE"
"EDUCACION, INFANCIA Y LENGUAS EXTRANJERAS",Demás trabajos,"Ponencia ""historia, Infancia y Olvido""",Colombia, 2009,Español,Papel,"NATALIA ANDREA ALZATE ALZATE"
"EDUCACION, INFANCIA Y LENGUAS EXTRANJERAS",Demás trabajos,Encuentro formativo - Pruebas estandarizadas,Colombia, 2009,Español,Papel,"NATALIA ANDREA ALZATE ALZATE"
NEUROCIENCIAS BASICAS Y APLICADAS,Demás trabajos,MODELO DE SIMULACIÓN PARA LA PREDICCIÓN DE LA POBLACIÓN EN CENTROS DE ATENCIÓN ESPECIALIZADOS PARA MENORES INFRACTORES,Colombia, 2015,Español,Internet,VICTOR DANIEL GIL VERA
NEUROCIENCIAS BASICAS Y APLICADAS,Demás trabajos,EL CARNAVAL COMO ESCENARIO PARA EL DESARROLLO PERSONAL Y SOCIAL DEL SER HUMANO,Colombia, 2015,Español,Papel,JUAN DIEGO BETANCUR ARIAS
NEUROCIENCIAS BASICAS Y APLICADAS,Demás trabajos,"Relación entre antención, memoria operativa y procesos de lecto-escritura en un caso de TDAH-I y un caso control",Colombia, 2013,Español,Otro,PAULA ANDREA MONTOYA ZULUAGA
NEUROCIENCIAS BASICAS Y APLICADAS,Demás trabajos,Funncionamiento de la atención y la memoria operativa en niños que interpretan instrumentos polifónicos y monofónicos,Colombia, 2013,Español,Otro,PAULA ANDREA MONTOYA ZULUAGA
GESNE,Demás trabajos,Comunicación organizacional: sus inicios y su futuro,Colombia, 2021,Español,Internet,"FRANCISCO JAVIER CLAVIJO TAPIA, PEDRO LUIS DUQUE HURTADO"
GESNE,Demás trabajos,Comunicación Organizacional: Sus inicios y su futuro,Colombia, 2021,Español,Internet,"PEDRO LUIS DUQUE HURTADO, FRANCISCO JAVIER CLAVIJO TAPIA"
GESNE,Demás trabajos,Comuniación Organizacional y capacidad de adaptación: El antes y después del COVID-19,Colombia, 2021,Español,Internet,"PEDRO LUIS DUQUE HURTADO, FRANCISCO JAVIER CLAVIJO TAPIA"
GESNE,Demás trabajos,Comunicación organizacional y capacidad de adaptación: el antes y después del Covid-19,Colombia, 2021,Español,Internet,"PEDRO LUIS DUQUE HURTADO, FRANCISCO JAVIER CLAVIJO TAPIA"
GESNE,Demás trabajos,Comunicación Organizacional: de la información del siglo XX a las tendencias del siglo XXI,Colombia, 2021,Español,Internet,"FRANCISCO JAVIER CLAVIJO TAPIA, PEDRO LUIS DUQUE HURTADO"
GESNE,Demás trabajos,Boletín Science Economic & business # 4,Colombia, 2018,Español,Internet,NELSON MARIN LATORRE ARIAS
GESNE,Demás trabajos,Presentacion del video seis tradiciones del cooperativismo,Colombia, 2018,Español,Internet,OSWALDO ANTONIO SALGADO CANAVERAL
GESNE,Demás trabajos,Consultoría científico tecnológico de nuevo conocimiento,Colombia, 2018,Español,Papel,LUIS FERNANDO QUIROS ARANGO
GESNE,Demás trabajos,Foro Regional de asociaciones y cooperativas de pequeños productores agropecuarios del oriente antioqueño,Colombia, 2014,Español,Otro,OLGA LUCIA ARBOLEDA ALVAREZ
GESNE,Demás trabajos,Red Unicosol Nodo Antioquia,Colombia, 2013,Español,Papel,"OLGA LUCIA ARBOLEDA ALVAREZ, LUZ DOLLY LOPERA GARCIA"
GESNE,Demás trabajos,Diseño de Curso básico de Economía solidaria para docentes del programa de admiistración de empresas,Colombia, 2012,Español,Internet,OLGA LUCIA ARBOLEDA ALVAREZ
GESNE,Demás trabajos,Ponencia Redes de migrantes y  construcción de unidades productivas,Perú, 2011,Español,Internet,"OLGA LUCIA ARBOLEDA ALVAREZ, SANTIAGO ALBERTO MORALES MESA"
GESNE,Demás trabajos,Foro regional de asociaciones y cooperativas de productores agropecuarios del suroeste antioqueño 2012,Colombia, 2011,Español,Internet,OLGA LUCIA ARBOLEDA ALVAREZ
GESNE,Demás trabajos,Federación Internacional de Universidades Católicas,Colombia, 2011,Español,Papel,OLGA LUCIA ARBOLEDA ALVAREZ
GESNE,Demás trabajos,"Protocolo proyecto Capital social ""factor comunidad"" en organizaciones de población desplazada de la ciudad de Medellin y sus incidencias en las condiciones de vida de las familias desplazadas",Colombia, 2009,Español,Papel,"ALFREDO  GHISO COTOS, OLGA LUCIA ARBOLEDA ALVAREZ, LUZ DOLLY LOPERA GARCIA, JENNY ACEVEDO, JOSE WILMAR PINO, EDISON VIVEROS CHAVARRIA"
GESNE,Demás trabajos,Módulo Introducción al Derecho Cooperativo,Colombia, 2009,Español,Internet,HERNANDO EMILIO ZABALA SALAZAR
GESNE,Demás trabajos,Módulo Modelos Económicos Solidarios,Colombia, 2008,Español,Internet,HERNANDO EMILIO ZABALA SALAZAR
GESNE,Demás trabajos,Módulo Gestión de Empresas de Economía Solidaria,Colombia, 2008,Español,Internet,HERNANDO EMILIO ZABALA SALAZAR
GESNE,Demás trabajos,Especialización en gestión de organizaciones de economía solidaria,Colombia, 2005,Español,Internet,"OLGA LUCIA ARBOLEDA ALVAREZ, LUZ DOLLY LOPERA GARCIA, CLARA INES ORREGO CORREA"
GESNE,Demás trabajos,Fondo de empleados de Esumer,Colombia, 2004,Español,Papel,"LUZ DOLLY LOPERA GARCIA, ANGELA ALVAREZ"
GORAS,Demás trabajos,Modulo de Emprendimiento,Colombia, 2018,Español,Internet,SANDRA MILENA MALAVERA PINEDA
GORAS,Demás trabajos,Documento de autoevaluación parala especialización en mercadeo estratégico,Colombia, 2018,Español,Papel,JAIME ALBERTO BELTRAN RIOS
GORAS,Demás trabajos,"Creatividad y Flexibilidad Cognitiva en una Muestra de Reclusos Beneficiarios del Posacuerdo Colombiano en la Cárcel de Bellavista en Medellín, Colombia.",Colombia, 2018,Español,Papel,SINDY YULIANA GALLEGO TAVERA
GORAS,Demás trabajos,Modulo Fundamentos de Mercadeo,Colombia, 2017,Español,Internet,SANDRA MILENA MALAVERA PINEDA
GORAS,Demás trabajos,Citas Bibliográficas,Colombia, 2012,Español,Internet,JUAN SANTIAGO CALLE PIEDRAHITA
GORAS,Demás trabajos,Metodologia de la Investigación,Colombia, 2012,Español,Internet,JUAN SANTIAGO CALLE PIEDRAHITA
GORAS,Demás trabajos,Historia Responsabilidad Social Empresarial,Colombia, 2012,Español,Internet,JUAN SANTIAGO CALLE PIEDRAHITA
GORAS,Demás trabajos,Norma NTC 1486,Colombia, 2012,Español,Internet,JUAN SANTIAGO CALLE PIEDRAHITA
JURIDICAS Y SOCIALES,Demás trabajos,Taller Conciliación en Derecho de Familia con perspectiva de género,Colombia, 2021,Español,Otro,"MARIA ISABEL URIBE LOPEZ, ELVIGIA CARDONA ZULETA"
JURIDICAS Y SOCIALES,Demás trabajos,Generalidades del Decreto 806 de 2020. Cartilla de Justicia Digital: Guía práctica para el acceso a la justicia en tiempos de virtualidad.,Colombia, 2021,Español,Internet,DANY STEVEN GOMEZ AGUDELO
JURIDICAS Y SOCIALES,Demás trabajos,Estudio de Caso,Colombia, 2021,Español,Internet,ELVIGIA CARDONA ZULETA
JURIDICAS Y SOCIALES,Demás trabajos,La autenticidad en la presentación de la prueba digital y su incidencia en la protección del principio del debido proceso en los casos de divorcio.,Colombia, 2020,Español,Papel,DANY STEVEN GOMEZ AGUDELO
JURIDICAS Y SOCIALES,Demás trabajos,Big data: patíbulo del debate político,Colombia, 2017,Español,Internet,ROBERTO MAURICIO ROMERO CARDENAS
JURIDICAS Y SOCIALES,Demás trabajos,"Director y Editor Revista Summa Iuris, Facultad de Derecho, Fundación Universitaria Luis Amigó",Colombia, 2015,Español,Internet,PAULO BERNARDO ARBOLEDA RAMIREZ
JURIDICAS Y SOCIALES,Demás trabajos,V Encuentro Internacional de Justicia Constitucional. Cartografías para la paz,Colombia, 2014,Español,Internet,PAULO BERNARDO ARBOLEDA RAMIREZ
JURIDICAS Y SOCIALES,Demás trabajos,"PONENCIA: LA PONDERACION Y LA EFECTIVIZACION DE LOS DERECHOS. III Encuentro Teoría General del Derecho ""Administración de Justicia y el Debido Proceso",Colombia, 2014,Español,Otro,LUZ AMPARO GRANADA DE ESPINAL
JURIDICAS Y SOCIALES,Demás trabajos,LOS ESTEREOTIPOS COMO ESTRATEGIA SEDUCTORA DE LA PSICOLOGIA DEL MARKETING,Colombia, 2013,Español,Internet,LUZ AMPARO GRANADA DE ESPINAL
JURIDICAS Y SOCIALES,Demás trabajos,IV Congreso Internacional de Justicia Constitucional. Sobre la Justicia Transicional. Participante co organizador.,Colombia, 2013,Español,Otro,MILTON CESAR JIMENEZ RAMIREZ
JURIDICAS Y SOCIALES,Demás trabajos,IV Encuentro Internacional de Justicia Constitucional. Entre Derecho y política: La Justicia Transicional,Colombia, 2013,Español,Papel,PAULO BERNARDO ARBOLEDA RAMIREZ
JURIDICAS Y SOCIALES,Demás trabajos,"IV Congreso Internacional y VII Nacional Filosofía del derecho, Ética y Política",Colombia, 2013,Español,Papel,PAULO BERNARDO ARBOLEDA RAMIREZ
JURIDICAS Y SOCIALES,Demás trabajos,"IV CONGRESO INTERNACIONAL Y VII NACIONAL DE FILOSOFIA DEL DERECHO, ETICA Y POLITICA",Colombia, 2013,Español,Papel,MILTON CESAR JIMENEZ RAMIREZ
JURIDICAS Y SOCIALES,Demás trabajos,La Moralidad Política en la Justicia Constitucional,Colombia, 2012,Español,Internet,MILTON CESAR JIMENEZ RAMIREZ
JURIDICAS Y SOCIALES,Demás trabajos,Exposición conceptual foro con temática ¿Es o no pornografía infantil?,Colombia, 2012,Español,Internet,ANA MARIA MESA ELNESER
SISCO,Demás trabajos,Revista Lámpsakos 16,Colombia, 2016,Español,Internet,GABRIEL JAIME CORREA HENAO
SISCO,Demás trabajos,Revista Lámpsakos 15,Colombia, 2015,Español,Internet,GABRIEL JAIME CORREA HENAO
SISCO,Demás trabajos,Revista Lámpsakos 14,Colombia, 2015,Español,Internet,GABRIEL JAIME CORREA HENAO
SISCO,Demás trabajos,Development of Photovoltaic Solar Energy in latin America,Colombia, 2015,Español,Internet,VICTOR DANIEL GIL VERA
SISCO,Demás trabajos,Implementation of a Intelligent Tutorial System for Socioenvironmental Management Projects,Portugal, 2015,Inglés,Papel,VICTOR DANIEL GIL VERA
SISCO,Demás trabajos,Revista Lámpsakos 13,Colombia, 2015,Español,Internet,GABRIEL JAIME CORREA HENAO
SISCO,Demás trabajos,Revista Lámpsakos 12,Colombia, 2014,Español,Internet,GABRIEL JAIME CORREA HENAO
SISCO,Demás trabajos,Revista Lámpsakos 11,Colombia, 2014,Español,Internet,GABRIEL JAIME CORREA HENAO
SISCO,Demás trabajos,Tesis de Maestría: Caracterización Sistemática de la Estructura de los Mercados de Derivados Eléctricos a Nivel Mundial,Colombia, 2014,Español,Papel,VICTOR DANIEL GIL VERA
SISCO,Demás trabajos,Sistemas Expertos. Una Herramienta para la Gestión Socioambiental de Proyectos de Infraestructura,Ecuador, 2014,Español,Internet,VICTOR DANIEL GIL VERA
SISCO,Demás trabajos,Revista Lámpsakos 10,Colombia, 2013,Español,Internet,GABRIEL JAIME CORREA HENAO
SISCO,Demás trabajos,"Revista Lámpsakos 6, 7 , 8",Colombia, 2013,Español,Internet,GABRIEL JAIME CORREA HENAO
SISCO,Demás trabajos,Revista Lámpsakos 9,Colombia, 2013,Español,Internet,GABRIEL JAIME CORREA HENAO
SISCO,Demás trabajos,Semillero de investigación edubótica,Colombia, 2012,Español,Internet,JUAN CARLOS MONSALVE GOMEZ
SISCO,Demás trabajos,"Semillero de Investigación ""EDUBOTICA""",Colombia, 2012,Español,Internet,INGRID DURLEY TORRES PARDO
SISCO,Demás trabajos,Estructura del departamento de ciencias basicas de la Fundacion Universitaria Luis Amigo,Colombia, 2009,Español,Papel,JOSE EUCARIO PARRA CASTRILLON
