integrantes,vinculacion,horas_dedicacion,url,grupo,inicio_vinculacion,fin_vinculacion,categoria,ultima_formacion_academica,cantidad,id_scholar,h_index
YAMILE CARDONA MAYA,Integrante,4,https://scienti.minciencias.gov.co/cvlac/visualizador/generarCurriculoCv.do?cod_rh=0001376475,SISCO,2018-01-01, Actual,Investigador Junior (IJ),Doctorado,2,sw3ZQ-kAAAAJ,3
VICTOR DANIEL  GIL VERA,Integrante,10,https://scienti.minciencias.gov.co/cvlac/visualizador/generarCurriculoCv.do?cod_rh=0001482462,SISCO,2014-01-01, Actual,Investigador Asociado (I),Doctorado,0,Y2p7DZwAAAAJ&hl,4
ANDRES MAURICIO GRISALES AGUIRRE,Integrante,3,https://scienti.minciencias.gov.co/cvlac/visualizador/generarCurriculoCv.do?cod_rh=0001436256,SISCO,2015-11-01, Actual,sin clasificar,Doctorado,6,1-4BHH8AAAAJ&hl,6
EDGAR ANDRES CHAVARRIAGA MIRANDA,Integrante,4,https://scienti.minciencias.gov.co/cvlac/visualizador/generarCurriculoCv.do?cod_rh=0001405175,SISCO,2018-01-01, Actual,Investigador Junior (IJ),Doctorado,12,-urmP7EAAAAJ&hl,3
FRANKLIN FERRARO GOMEZ,Integrante,6,https://scienti.minciencias.gov.co/cvlac/visualizador/generarCurriculoCv.do?cod_rh=0000651532,SISCO,2013-07-01, Actual,Investigador Junior (IJ),Doctorado,16,qSOzbFwAAAAJ,2
GABRIEL JAIME  POSADA HERNANDEZ,Integrante,3,https://scienti.minciencias.gov.co/cvlac/visualizador/generarCurriculoCv.do?cod_rh=0000409774,SISCO,2011-01-01, Actual,sin clasificar,Maestría/Magister,0,DNeZOJUAAAAJ&hl,11
INGRID DURLEY TORRES  PARDO,Integrante,10,https://scienti.minciencias.gov.co/cvlac/visualizador/generarCurriculoCv.do?cod_rh=0001404075,SISCO,2018-01-01, Actual,Investigador Junior (IJ),Doctorado,0,_uwscnEAAAAJ&hl,3
JUAN SEBASTIAN PARRA SANCHEZ,Integrante,5,https://scienti.minciencias.gov.co/cvlac/visualizador/generarCurriculoCv.do?cod_rh=0000072898,SISCO,2020-05-01, Actual,sin clasificar,Doctorado,0,NA,0
LINA MARIA MONTOYA  SUAREZ,Integrante,4,https://scienti.minciencias.gov.co/cvlac/visualizador/generarCurriculoCv.do?cod_rh=0001456255,SISCO,2014-04-01, Actual,Investigador Asociado (I),Maestría/Magister,0,nchHazIAAAAJ&hl,6
LUIS FERNANDO CARDONA PALACIO,Integrante,4,https://scienti.minciencias.gov.co/cvlac/visualizador/generarCurriculoCv.do?cod_rh=0001472696,SISCO,2014-07-01, Actual,Investigador Junior (IJ),Doctorado,4,7Y-8siIAAAAJ&hl,5
MARIA JULIA NIETO CALLEJAS,Integrante,4,https://scienti.minciencias.gov.co/cvlac/visualizador/generarCurriculoCv.do?cod_rh=0000005825,SISCO,2018-08-01, Actual,sin clasificar,Doctorado,0,hOgH7HAAAAAJ&hl,4
MARIO ALEJANDRO LOPEZ OCAMPO,Integrante,3,https://scienti.minciencias.gov.co/cvlac/visualizador/generarCurriculoCv.do?cod_rh=0001468719,SISCO,2013-07-01, Actual,sin clasificar,Maestría/Magister,0,XuxhAV0AAAAJ&hl,1
MAURICIO LOPEZ BONILLA,Integrante,6,https://scienti.minciencias.gov.co/cvlac/visualizador/generarCurriculoCv.do?cod_rh=0001381737,SISCO,2011-06-01, Actual,sin clasificar,Maestría/Magister,0,fDz4KKEAAAAJ&hl,1
RUBEN DARIO GOMEZ GUTIERREZ,Integrante,5,https://scienti.minciencias.gov.co/cvlac/visualizador/generarCurriculoCv.do?cod_rh=0001000853,SISCO,2019-02-01, Actual,sin clasificar,Doctorado,0,NA,0
SARA MARIA AGUILAR SIERRA,Integrante,8,https://scienti.minciencias.gov.co/cvlac/visualizador/generarCurriculoCv.do?cod_rh=0001432936,SISCO,2018-02-01, Actual,sin clasificar,Doctorado,1,lQqAfmwAAAAJ&hl,5
SHIRLENE PATRICIA  VEGA ROYERO,Integrante,2,https://scienti.minciencias.gov.co/cvlac/visualizador/generarCurriculoCv.do?cod_rh=0001436238,SISCO,2015-11-01, Actual,Investigador Junior (IJ),Doctorado,0,_RFI4pkAAAAJ&hl,3
SUYIS YAJAIRA LOZANO GARCIA,Integrante,5,https://scienti.minciencias.gov.co/cvlac/visualizador/generarCurriculoCv.do?cod_rh=0001610177,SISCO,2020-07-01, Actual,sin clasificar,Doctorado,0,yQ7g9xUAAAAJ&hl,3
WALTER HUGO ARBOLEDA MAZO,Integrante,3,https://scienti.minciencias.gov.co/cvlac/visualizador/generarCurriculoCv.do?cod_rh=0000674400,SISCO,2012-08-01, Actual,Investigador Asociado (I),Doctorado,0,z1vjdF0AAAAJ,0
YODER ALBERTO SUAZA TABARES,Integrante,8,https://scienti.minciencias.gov.co/cvlac/visualizador/generarCurriculoCv.do?cod_rh=0000009408,SISCO,2019-07-01, Actual,sin clasificar,Doctorado,2,NA,0
ELVIGIA CARDONA  ZULETA,Integrante,10,https://scienti.minciencias.gov.co/cvlac/visualizador/generarCurriculoCv.do?cod_rh=0001461785,JURIDICAS Y SOCIALES,2019-08-01, Actual,sin clasificar,Maestría/Magister,0,uFJHflEAAAAJ&hl,6
JORGE EDUARDO VASQUEZ SANTAMARIA,Integrante,10,https://scienti.minciencias.gov.co/cvlac/visualizador/generarCurriculoCv.do?cod_rh=0001228234,JURIDICAS Y SOCIALES,2019-01-01, Actual,Investigador Asociado (I),Doctorado,4,SteXGqYAAAAJ&hl,3
DANY STEVEN GOMEZ AGUDELO,Integrante,10,https://scienti.minciencias.gov.co/cvlac/visualizador/generarCurriculoCv.do?cod_rh=0000107135,JURIDICAS Y SOCIALES,2019-01-01, Actual,sin clasificar,Maestría/Magister,2,v8GT-VAAAAAJ&hl,7
DAVID ANDRES DIEZ GOMEZ,Integrante,10,https://scienti.minciencias.gov.co/cvlac/visualizador/generarCurriculoCv.do?cod_rh=0000687235,JURIDICAS Y SOCIALES,2020-02-01, Actual,Investigador Junior (IJ),Doctorado,0,YaysRIIAAAAJ&hl,1
JORGE IVAN GAVIRIA MESA,Integrante,10,https://scienti.minciencias.gov.co/cvlac/visualizador/generarCurriculoCv.do?cod_rh=0000009881,JURIDICAS Y SOCIALES,2013-03-01, Actual,Investigador Junior (IJ),Doctorado,3,sOWnFLUAAAAJ&hl,8
JUAN ESTEBAN  AGUIRRE  ESPINOSA,Integrante,10,https://scienti.minciencias.gov.co/cvlac/visualizador/generarCurriculoCv.do?cod_rh=0001436904,JURIDICAS Y SOCIALES,2018-05-01, Actual,Investigador Asociado (I),Doctorado,0,mh-AeYwAAAAJ,2
LAURA VICTORIA  CARDENAS ROJAS,Integrante,10,https://scienti.minciencias.gov.co/cvlac/visualizador/generarCurriculoCv.do?cod_rh=0001550884,JURIDICAS Y SOCIALES,2018-07-01, Actual,sin clasificar,Maestría/Magister,0,9QD3rjkAAAAJ,2
MARIA ISABEL  URIBE LOPEZ,Integrante,5,https://scienti.minciencias.gov.co/cvlac/visualizador/generarCurriculoCv.do?cod_rh=0001632464,JURIDICAS Y SOCIALES,2020-02-01, Actual,sin clasificar,Doctorado,0,VlC916UAAAAJ,1
MAURICIO MEJIA LOBO,Integrante,5,https://scienti.minciencias.gov.co/cvlac/visualizador/generarCurriculoCv.do?cod_rh=0000621641,JURIDICAS Y SOCIALES,2020-02-01, Actual,sin clasificar,Maestría/Magister,0,QbjM9m0AAAAJ,2
MAYDA SORAYA MARIN  GALEANO,Integrante,10,https://scienti.minciencias.gov.co/cvlac/visualizador/generarCurriculoCv.do?cod_rh=0001373816,JURIDICAS Y SOCIALES,2019-09-01, Actual,Investigador Junior (IJ),Doctorado,0,RCtbsjMAAAAJ,1
PAOLA ANDREA  CARMONA  TORO,Integrante,10,https://scienti.minciencias.gov.co/cvlac/visualizador/generarCurriculoCv.do?cod_rh=0001469181,JURIDICAS Y SOCIALES,2019-08-01, Actual,sin clasificar,Doctorado,0,NA,0
ROBERTO MAURICIO ROMERO CARDENAS,Integrante,10,https://scienti.minciencias.gov.co/cvlac/visualizador/generarCurriculoCv.do?cod_rh=0000080033,JURIDICAS Y SOCIALES,2017-09-01, Actual,sin clasificar,Doctorado,1,1x5m4ywAAAAJ,4
JENNIFFER LONDONO JURADO,Integrante,10,https://scienti.minciencias.gov.co/cvlac/visualizador/generarCurriculoCv.do?cod_rh=0000023226,JURIDICAS Y SOCIALES,2020-02-01, Actual,sin clasificar,Maestría/Magister,1,YdeOxzsAAAAJ,0
JORMARIS MARTINEZ GOMEZ,Integrante,30,https://scienti.minciencias.gov.co/cvlac/visualizador/generarCurriculoCv.do?cod_rh=0000045977,GORAS,2014-05-01, Actual,Investigador Senior (IS),Doctorado,3,XFBxR6kAAAAJ,1
LUIS FERNANDO QUINTERO ARANGO,Integrante,15,https://scienti.minciencias.gov.co/cvlac/visualizador/generarCurriculoCv.do?cod_rh=0001338621,GORAS,2015-07-01, Actual,Investigador Asociado (I),Doctorado,12,3vFUn4wAAAAJ,7
ALEJANDRA MARIA  LUJAN  JARAMILLO,Integrante,10,https://scienti.minciencias.gov.co/cvlac/visualizador/generarCurriculoCv.do?cod_rh=0000130807,GORAS,2017-06-01, Actual,sin clasificar,Maestría/Magister,0,NA,0
ANA MARIA  CHAUX GUTIERREZ,Integrante,18,https://scienti.minciencias.gov.co/cvlac/visualizador/generarCurriculoCv.do?cod_rh=0001372410,GORAS,2020-02-01, Actual,Investigador Junior (IJ),Doctorado,0,vu06sqwAAAAJ,5
DANIEL MUNOZ QUINTERO,Integrante,20,https://scienti.minciencias.gov.co/cvlac/visualizador/generarCurriculoCv.do?cod_rh=0001660142,GORAS,2019-02-01, Actual,sin clasificar,Técnico - nivel medio,1,ZBh57LoAAAAJ&hl,5
JAIME ALBERTO BELTRAN RIOS,Integrante,10,https://scienti.minciencias.gov.co/cvlac/visualizador/generarCurriculoCv.do?cod_rh=0001434708,GORAS,2015-05-01, Actual,sin clasificar,Maestría/Magister,4,Fp-EtWwAAAAJ,0
JAMES ALBERTO MARULANDA PATINO,Integrante,14,https://scienti.minciencias.gov.co/cvlac/visualizador/generarCurriculoCv.do?cod_rh=0001455988,GORAS,2016-01-01, Actual,Investigador Asociado (I),Maestría/Magister,0,NA,0
JORGE IVAN JIMENEZ  SANCHEZ,Integrante,5,https://scienti.minciencias.gov.co/cvlac/visualizador/generarCurriculoCv.do?cod_rh=0000006821,GORAS,2016-02-01, Actual,Investigador Junior (IJ),Maestría/Magister,0,bjYfxdwAAAAJ,3
JOSE ANTONIO LOPEZ GIRALDO,Integrante,6,https://scienti.minciencias.gov.co/cvlac/visualizador/generarCurriculoCv.do?cod_rh=0000038887,GORAS,2015-02-01, Actual,Investigador Asociado (I),Maestría/Magister,5,FF97f1MAAAAJ,8
JUAN CAMILO GUILLEN BETANCUR,Integrante,5,https://scienti.minciencias.gov.co/cvlac/visualizador/generarCurriculoCv.do?cod_rh=0001866333,GORAS,2021-02-01, Actual,sin clasificar,Especialización,0,NA,0
MARIO LEON RESTREPO MUNERA,Integrante,4,https://scienti.minciencias.gov.co/cvlac/visualizador/generarCurriculoCv.do?cod_rh=0000971545,GORAS,2006-02-01, Actual,sin clasificar,Maestría/Magister,1,NA,0
MAURICIO ALEJANDRO BEDOYA JIMENEZ,Integrante,6,https://scienti.minciencias.gov.co/cvlac/visualizador/generarCurriculoCv.do?cod_rh=0001429266,GORAS,2016-01-01, Actual,sin clasificar,Maestría/Magister,3,wDY8t8gAAAAJ,1
MONICA ELIANA ARISTIZABAL VELASQUEZ,Integrante,30,https://scienti.minciencias.gov.co/cvlac/visualizador/generarCurriculoCv.do?cod_rh=0000324990,GORAS,2017-01-01, Actual,sin clasificar,Maestría/Magister,0,NA,0
NESTOR EDUARDO FLOREZ  OVIEDO,Integrante,30,https://scienti.minciencias.gov.co/cvlac/visualizador/generarCurriculoCv.do?cod_rh=0001452620,GORAS,2018-01-01, Actual,sin clasificar,Maestría/Magister,0,wDY8t8gAAAAJ,1
SANDRA MILENA MALAVERA PINEDA,Integrante,32,https://scienti.minciencias.gov.co/cvlac/visualizador/generarCurriculoCv.do?cod_rh=0001340431,GORAS,2017-02-01, Actual,sin clasificar,Maestría/Magister,1,3oUj4vUAAAAJ,0
SEBASTIAN ARIAS GIRALDO,Integrante,25,https://scienti.minciencias.gov.co/cvlac/visualizador/generarCurriculoCv.do?cod_rh=0000014056,GORAS,2018-01-01, Actual,Investigador Junior (IJ),Maestría/Magister,5,qvBehKYAAAAJ,1
SINDY YULIANA GALLEGO TAVERA,Integrante,20,https://scienti.minciencias.gov.co/cvlac/visualizador/generarCurriculoCv.do?cod_rh=0000100101,GORAS,2017-01-01, Actual,Investigador Asociado (I),"NA",0,V3rISaoAAAAJ,2
SUGEY ELENA ANAYA GARCIA,Integrante,10,https://scienti.minciencias.gov.co/cvlac/visualizador/generarCurriculoCv.do?cod_rh=0000154141,GORAS,2017-01-01, Actual,sin clasificar,Maestría/Magister,2,YNwDcOcAAAAJ,3
UBEIMAR AURELIO OSORIO ATEHORTUA,Integrante,33,https://scienti.minciencias.gov.co/cvlac/visualizador/generarCurriculoCv.do?cod_rh=0001370943,GORAS,2017-06-01, Actual,Investigador Asociado (I),Maestría/Magister,1,qPSF-CgAAAAJ,0
VICTOR DANIEL  GIL VERA,Integrante,8,https://scienti.minciencias.gov.co/cvlac/visualizador/generarCurriculoCv.do?cod_rh=0001482462,GORAS,2014-12-01, Actual,Investigador Asociado (I),Doctorado,0,Y2p7DZwAAAAJ&hl,4
VICTOR HUGO MERINO CORDOBA,Integrante,0,https://scienti.minciencias.gov.co/cvlac/visualizador/generarCurriculoCv.do?cod_rh=0001635812,GORAS,2015-01-01, Actual,Investigador Senior (IS),Doctorado,15,1-4BHH8AAAAJ,6
YAMARU DEL VALLE CHIRINOS ARAQUE,Integrante,0,https://scienti.minciencias.gov.co/cvlac/visualizador/generarCurriculoCv.do?cod_rh=0000045844,GORAS,2015-01-01, Actual,Investigador Senior (IS),Doctorado,9,dsuvvNEAAAAJ,2
FREDY DE JESUS FERNANDEZ MARQUEZ,Integrante,10,https://scienti.minciencias.gov.co/cvlac/visualizador/generarCurriculoCv.do?cod_rh=0001312642,GORAS,2017-03-01, Actual,sin clasificar,Doctorado,0,NzpSyf0AAAAJ,6
JUAN SANTIAGO CALLE PIEDRAHITA,Integrante,10,https://scienti.minciencias.gov.co/cvlac/visualizador/generarCurriculoCv.do?cod_rh=0001169017,GORAS,2019-01-01, Actual,sin clasificar,Doctorado,9,1aXOG-MAAAAJ,1
OLGA LUCIA ARBOLEDA ALVAREZ,Integrante,20,https://scienti.minciencias.gov.co/cvlac/visualizador/generarCurriculoCv.do?cod_rh=0000066346,ECOSOL,1995-02-01, Actual,sin clasificar,Maestría/Magister,3,sXijM8EAAAAJ,3
MARTHA DEL SOCORRO  ALZATE CARDENAS,Integrante,8,https://scienti.minciencias.gov.co/cvlac/visualizador/generarCurriculoCv.do?cod_rh=0000942367,ECOSOL,2014-02-01, Actual,Investigador Asociado (I),Maestría/Magister,0,94o7mbgAAAAJ,4
DORALICE ORTIZ ORTIZ,Integrante,8,https://scienti.minciencias.gov.co/cvlac/visualizador/generarCurriculoCv.do?cod_rh=0000080474,ECOSOL,2017-10-01, Actual,sin clasificar,Maestría/Magister,0,bEZsTPUAAAAJ,2
ELIAS ALEXANDER VALLEJO MONTOYA,Integrante,10,https://scienti.minciencias.gov.co/cvlac/visualizador/generarCurriculoCv.do?cod_rh=0000623466,ECOSOL,2014-10-01, Actual,sin clasificar,Maestría/Magister,0,NA,0
JAIME ANTERO ARANGO MARIN,Integrante,8,https://scienti.minciencias.gov.co/cvlac/visualizador/generarCurriculoCv.do?cod_rh=0000657247,ECOSOL,2018-01-01, Actual,Investigador Asociado (I),Doctorado,0,syisuJcAAAAJ,0
LAURA ELENA ZAPATA JIMENEZ,Integrante,5,https://scienti.minciencias.gov.co/cvlac/visualizador/generarCurriculoCv.do?cod_rh=0000313220,ECOSOL,2016-07-01, Actual,sin clasificar,Maestría/Magister,0,qn1Kr9EAAAAJ,6
LUIS FERNANDO  QUIROS ARANGO,Integrante,0,https://scienti.minciencias.gov.co/cvlac/visualizador/generarCurriculoCv.do?cod_rh=0001502345,ECOSOL,2017-02-01, Actual,sin clasificar,Maestría/Magister,0,NA,0
MARIA ISABEL GUERRERO MOLINA,Integrante,0,https://scienti.minciencias.gov.co/cvlac/visualizador/generarCurriculoCv.do?cod_rh=0000514322,ECOSOL,2018-03-01, Actual,sin clasificar,Doctorado,2,IjPj8zoAAAAJ,0
OSWALDO ANTONIO SALGADO CANAVERAL,Integrante,4,https://scienti.minciencias.gov.co/cvlac/visualizador/generarCurriculoCv.do?cod_rh=0001540063,ECOSOL,2013-06-01, Actual,sin clasificar,Maestría/Magister,1,PXnaNH4AAAAJ,0
PEDRO LUIS DUQUE HURTADO,Integrante,4,https://scienti.minciencias.gov.co/cvlac/visualizador/generarCurriculoCv.do?cod_rh=0001488843,ECOSOL,2017-12-01, Actual,sin clasificar,Doctorado,5,R1p685wAAAAJ,1
SEBASTIAN ROBLEDO GIRALDO,Integrante,8,https://scienti.minciencias.gov.co/cvlac/visualizador/generarCurriculoCv.do?cod_rh=0001430153,ECOSOL,2018-08-01, Actual,Investigador Junior (IJ),Doctorado,5,tEPrd4IAAAAJ&hl,7
VICTORIA BLAQUISED RIVERA,Integrante,8,https://scienti.minciencias.gov.co/cvlac/visualizador/generarCurriculoCv.do?cod_rh=0000212407,ECOSOL,2013-06-01, Actual,sin clasificar,Doctorado,0,RGUTAfEAAAAJ&hl,7
YAMARU DEL VALLE CHIRINOS ARAQUE,Integrante,20,https://scienti.minciencias.gov.co/cvlac/visualizador/generarCurriculoCv.do?cod_rh=0000045844,ECOSOL,2016-01-01, Actual,Investigador Senior (IS),Doctorado,9,dsuvvNEAAAAJ,2
OLBER EDUARDO ARANGO TOBON,Integrante,,https://scienti.minciencias.gov.co/cvlac/visualizador/generarCurriculoCv.do?cod_rh=0000412228,NEUROCIENCIAS BASICAS Y APLICADAS,2010-02-01, Actual,Investigador Asociado (I),Doctorado,4,NzpSyf0AAAAJ,6
JULIO ANTONIO  OLIVERA LA ROSA,Integrante,8,https://scienti.minciencias.gov.co/cvlac/visualizador/generarCurriculoCv.do?cod_rh=0001578351,NEUROCIENCIAS BASICAS Y APLICADAS,2014-07-01, Actual,Investigador Senior (IS),Doctorado,0,nIWo18gAAAAJ,9
ANYERSON STITHS GOMEZ  TABARES,Integrante,5,https://scienti.minciencias.gov.co/cvlac/visualizador/generarCurriculoCv.do?cod_rh=0001583946,NEUROCIENCIAS BASICAS Y APLICADAS,2020-09-01, Actual,sin clasificar,Doctorado,0,504O9wUAAAAJ,9
CATALINA QUINTERO LOPEZ,Integrante,4,https://scienti.minciencias.gov.co/cvlac/visualizador/generarCurriculoCv.do?cod_rh=0000921602,NEUROCIENCIAS BASICAS Y APLICADAS,2019-07-01, Actual,sin clasificar,Maestría/Magister,15,504O9wUAAAAJ,9
CESAR ANDRES  CARMONA CARDONA,Integrante,0,https://scienti.minciencias.gov.co/cvlac/visualizador/generarCurriculoCv.do?cod_rh=0000021118,NEUROCIENCIAS BASICAS Y APLICADAS,2019-07-01, Actual,sin clasificar,Doctorado,0,jp1wLg4AAAAJ,1
CLAUDIA MARCELA ARANA MEDINA,Integrante,4,https://scienti.minciencias.gov.co/cvlac/visualizador/generarCurriculoCv.do?cod_rh=0001360885,NEUROCIENCIAS BASICAS Y APLICADAS,2010-02-01, Actual,Investigador Asociado (I),Doctorado,7,RHbX7ioAAAAJ,3
DANIEL ALFREDO LANDINEZ MARTINEZ,Integrante,4,https://scienti.minciencias.gov.co/cvlac/visualizador/generarCurriculoCv.do?cod_rh=0001572030,NEUROCIENCIAS BASICAS Y APLICADAS,2017-03-01, Actual,Investigador Junior (IJ),Doctorado,6,bEplYn8AAAAJ,8
GABRIEL DAVID PINILLA  MONSALVE,Integrante,4,https://scienti.minciencias.gov.co/cvlac/visualizador/generarCurriculoCv.do?cod_rh=0001405663,NEUROCIENCIAS BASICAS Y APLICADAS,2017-03-01, Actual,Investigador Junior (IJ),Maestría/Magister,0,NA,0
ISABEL CRISTINA PUERTA LOPERA,Integrante,10,https://scienti.minciencias.gov.co/cvlac/visualizador/generarCurriculoCv.do?cod_rh=0000045683,NEUROCIENCIAS BASICAS Y APLICADAS,2011-03-01, Actual,Investigador Senior (IS),Doctorado,12,HWzOMPwAAAAJ,4
JUAN DIEGO BETANCUR ARIAS,Integrante,0,https://scienti.minciencias.gov.co/cvlac/visualizador/generarCurriculoCv.do?cod_rh=0000988928,NEUROCIENCIAS BASICAS Y APLICADAS,2015-02-01, Actual,Investigador Senior (IS),Doctorado,9,I7x7Oo8AAAAJ,9
OMAR AUGUSTO AMADOR SANCHEZ,Integrante,4,https://scienti.minciencias.gov.co/cvlac/visualizador/generarCurriculoCv.do?cod_rh=0001338634,NEUROCIENCIAS BASICAS Y APLICADAS,2019-08-01, Actual,sin clasificar,Maestría/Magister,4,Rb881xwAAAAJ,3
PAULA ANDREA MONTOYA ZULUAGA,Integrante,5,https://scienti.minciencias.gov.co/cvlac/visualizador/generarCurriculoCv.do?cod_rh=0000470872,NEUROCIENCIAS BASICAS Y APLICADAS,2010-02-01, Actual,Investigador Junior (IJ),Doctorado,2,2EdSYP0AAAAJ&hl,3
VICTOR DANIEL  GIL VERA,Integrante,4,https://scienti.minciencias.gov.co/cvlac/visualizador/generarCurriculoCv.do?cod_rh=0001482462,NEUROCIENCIAS BASICAS Y APLICADAS,2014-08-01, Actual,Investigador Asociado (I),Doctorado,0,Y2p7DZwAAAAJ&hl,4
CARMEN YSABEL MARTINEZ DE MERINO,Integrante,20,https://scienti.minciencias.gov.co/cvlac/visualizador/generarCurriculoCv.do?cod_rh=0000031091,"EDUCACIÃ“N, INFANCIA Y LENGUAS EXTRANJERAS",2018-01-01, Actual,Investigador Senior (IS),Doctorado,16,1-4BHH8AAAAJ,6
MONICA MARIA ALVAREZ GALLEGO,Integrante,19,https://scienti.minciencias.gov.co/cvlac/visualizador/generarCurriculoCv.do?cod_rh=0001312596,"EDUCACIÃ“N, INFANCIA Y LENGUAS EXTRANJERAS",2014-02-01, Actual,sin clasificar,Maestría/Magister,7,zts5sHIAAAAJ,8
ADRIANA MARIA GALLEGO HENAO,Integrante,18,https://scienti.minciencias.gov.co/cvlac/visualizador/generarCurriculoCv.do?cod_rh=0000961124,"EDUCACIÃ“N, INFANCIA Y LENGUAS EXTRANJERAS",2007-02-01, Actual,Investigador Asociado (I),Maestría/Magister,12,2b28iRkAAAAJ,5
BAIRON JARAMILLO VALENCIA,Integrante,8,https://scienti.minciencias.gov.co/cvlac/visualizador/generarCurriculoCv.do?cod_rh=0000006371,"EDUCACIÃ“N, INFANCIA Y LENGUAS EXTRANJERAS",2013-02-01, Actual,sin clasificar,Maestría/Magister,18,bEplYn8AAAAJ,8
CLAUDIA MARCELA ARANA MEDINA,Integrante,10,https://scienti.minciencias.gov.co/cvlac/visualizador/generarCurriculoCv.do?cod_rh=0001360885,"EDUCACIÃ“N, INFANCIA Y LENGUAS EXTRANJERAS",2019-01-01, Actual,Investigador Asociado (I),Doctorado,7,RHbX7ioAAAAJ,3
DAVID FERNANDO MARTINEZ RESTREPO,Integrante,10,https://scienti.minciencias.gov.co/cvlac/visualizador/generarCurriculoCv.do?cod_rh=0001882193,"EDUCACIÃ“N, INFANCIA Y LENGUAS EXTRANJERAS",2021-01-01, Actual,sin clasificar,Maestría/Magister,0,NA,0
ISABEL PILAR GOMEZ HENAO,Integrante,10,https://scienti.minciencias.gov.co/cvlac/visualizador/generarCurriculoCv.do?cod_rh=0001604613,"EDUCACIÃ“N, INFANCIA Y LENGUAS EXTRANJERAS",2021-01-01, Actual,sin clasificar,Doctorado,0,NA,0
JOSE FEDERICO AGUDELO TORRES,Integrante,8,https://scienti.minciencias.gov.co/cvlac/visualizador/generarCurriculoCv.do?cod_rh=0001509155,"EDUCACIÃ“N, INFANCIA Y LENGUAS EXTRANJERAS",2014-02-01, Actual,Investigador Junior (IJ),Maestría/Magister,10,trVcxggAAAAJ,4
JOSE VICENTE ABAD OLAYA,Integrante,21,https://scienti.minciencias.gov.co/cvlac/visualizador/generarCurriculoCv.do?cod_rh=0001367136,"EDUCACIÃ“N, INFANCIA Y LENGUAS EXTRANJERAS",2013-03-01, Actual,sin clasificar,Doctorado,3,LhNZ3BgAAAAJ,9
JOSE WILMAR PINO MONTOYA,Integrante,22,https://scienti.minciencias.gov.co/cvlac/visualizador/generarCurriculoCv.do?cod_rh=0001236733,"EDUCACIÃ“N, INFANCIA Y LENGUAS EXTRANJERAS",2013-06-01, Actual,Investigador Asociado (I),Doctorado,12,WasxVdYAAAAJ&hl,3
OSCAR PELAEZ HENAO,Integrante,8,https://scienti.minciencias.gov.co/cvlac/visualizador/generarCurriculoCv.do?cod_rh=0000011178,"EDUCACIÃ“N, INFANCIA Y LENGUAS EXTRANJERAS",2014-02-01, Actual,sin clasificar,Maestría/Magister,3,Bo9j0C0AAAAJ,5
SONIA RUTH QUINTERO  ARRUBLA,Integrante,8,https://scienti.minciencias.gov.co/cvlac/visualizador/generarCurriculoCv.do?cod_rh=0001490544,"EDUCACIÃ“N, INFANCIA Y LENGUAS EXTRANJERAS",2017-01-01, Actual,sin clasificar,Maestría/Magister,0,BhyHthYAAAAJ,2
YUSTY CAROLINA RESTREPO SEGURA,Integrante,0,https://scienti.minciencias.gov.co/cvlac/visualizador/generarCurriculoCv.do?cod_rh=0001642056,"EDUCACIÃ“N, INFANCIA Y LENGUAS EXTRANJERAS",2019-01-01, Actual,sin clasificar,Doctorado,7,BhyHthYAAAAJ,2
LEISY MAGDALI  ARROYAVE TABORDA,Integrante,8,https://scienti.minciencias.gov.co/cvlac/visualizador/generarCurriculoCv.do?cod_rh=0000113376,"EDUCACIÃ“N, INFANCIA Y LENGUAS EXTRANJERAS",2021-01-01, Actual,sin clasificar,Maestría/Magister,0,00wsl70AAAAJ,12
EDISON FRANCISCO VIVEROS CHAVARRIA,Integrante,8,https://scienti.minciencias.gov.co/cvlac/visualizador/generarCurriculoCv.do?cod_rh=0000409847,FAMILIA DESARROLLO Y CALIDAD DE VIDA,2003-02-01, Actual,Investigador Asociado (I),Maestría/Magister,13,F2CwSh0AAAAJ,11
ALEXANDER RODRIGUEZ BUSTAMANTE,Integrante,8,https://scienti.minciencias.gov.co/cvlac/visualizador/generarCurriculoCv.do?cod_rh=0001325256,FAMILIA DESARROLLO Y CALIDAD DE VIDA,2010-02-01, Actual,Investigador Junior (IJ),Doctorado,12,F2CwSh0AAAAJ,11
ANGELA JOHANA VARGAS HERNANDEZ,Integrante,0,https://scienti.minciencias.gov.co/cvlac/visualizador/generarCurriculoCv.do?cod_rh=0001449850,FAMILIA DESARROLLO Y CALIDAD DE VIDA,2021-05-01, Actual,sin clasificar,Maestría/Magister,0,NA,0
ANGELA MARITZA LOPERA JARAMILLO,Integrante,6,https://scienti.minciencias.gov.co/cvlac/visualizador/generarCurriculoCv.do?cod_rh=0001357119,FAMILIA DESARROLLO Y CALIDAD DE VIDA,2017-01-01, Actual,sin clasificar,Maestría/Magister,1,NA,0
CAROLINA  VASQUEZ  LOPEZ,Integrante,0,https://scienti.minciencias.gov.co/cvlac/visualizador/generarCurriculoCv.do?cod_rh=0001725420,FAMILIA DESARROLLO Y CALIDAD DE VIDA,2020-01-01, Actual,sin clasificar,Maestría/Magister,0,2rKBGpEAAAAJ,0
JANETH  GARCIA  GALLEGO,Integrante,6,https://scienti.minciencias.gov.co/cvlac/visualizador/generarCurriculoCv.do?cod_rh=0001658723,FAMILIA DESARROLLO Y CALIDAD DE VIDA,2017-01-01, Actual,sin clasificar,Maestría/Magister,0,NA,0
JOSE TOMAS CORTES DIAZ,Integrante,5,https://scienti.minciencias.gov.co/cvlac/visualizador/generarCurriculoCv.do?cod_rh=0001444622,FAMILIA DESARROLLO Y CALIDAD DE VIDA,2013-10-01, Actual,sin clasificar,Doctorado,0,NA,0
LEDY MARYORY  BEDOYA  CARDONA,Integrante,8,https://scienti.minciencias.gov.co/cvlac/visualizador/generarCurriculoCv.do?cod_rh=0001559954,FAMILIA DESARROLLO Y CALIDAD DE VIDA,2017-01-01, Actual,sin clasificar,Maestría/Magister,2,6vKCOHYAAAAJ,3
LUCAS DAVILA CANAS,Integrante,4,https://scienti.minciencias.gov.co/cvlac/visualizador/generarCurriculoCv.do?cod_rh=0001487405,FAMILIA DESARROLLO Y CALIDAD DE VIDA,2020-02-01, Actual,sin clasificar,Maestría/Magister,4,mCT8CTsAAAAJ,3
MONICA MARIA CASTANEDA GOMEZ,Integrante,4,https://scienti.minciencias.gov.co/cvlac/visualizador/generarCurriculoCv.do?cod_rh=0001437458,FAMILIA DESARROLLO Y CALIDAD DE VIDA,2020-02-01, Actual,sin clasificar,Maestría/Magister,0,-4_OX-cAAAAJ&hl,1
OVIDIO HERRERA RIVERA,Integrante,12,https://scienti.minciencias.gov.co/cvlac/visualizador/generarCurriculoCv.do?cod_rh=0001410679,FAMILIA DESARROLLO Y CALIDAD DE VIDA,2011-02-01, Actual,Investigador Junior (IJ),Doctorado,10,gcjNnGEAAAAJ,2
YUBISAY NOIRALY MEJIAS PENA,Integrante,6,https://scienti.minciencias.gov.co/cvlac/visualizador/generarCurriculoCv.do?cod_rh=0000063227,FAMILIA DESARROLLO Y CALIDAD DE VIDA,2017-01-01, Actual,sin clasificar,Doctorado,0,82UcqOgAAAAJ,3
NICOLASA MARIA DURAN PALACIO,Integrante,10,https://scienti.minciencias.gov.co/cvlac/visualizador/generarCurriculoCv.do?cod_rh=0000328774,ESTUDIOS DE FENÃ“MENOS PSICOSOCIALES,2013-06-01, Actual,Investigador Asociado (I),Doctorado,9,ULpZsLAAAAAJ,6
ANYERSON STITHS GOMEZ  TABARES,Integrante,20,https://scienti.minciencias.gov.co/cvlac/visualizador/generarCurriculoCv.do?cod_rh=0001583946,ESTUDIOS DE FENÃ“MENOS PSICOSOCIALES,2015-07-01, Actual,sin clasificar,Doctorado,0,504O9wUAAAAJ,9
CAROLINA  VALDES HENAO,Integrante,5,https://scienti.minciencias.gov.co/cvlac/visualizador/generarCurriculoCv.do?cod_rh=0001561422,ESTUDIOS DE FENÃ“MENOS PSICOSOCIALES,2015-02-01, Actual,sin clasificar,Maestría/Magister,0,r-CYB90AAAAJ,2
HEIDI SMITH PULIDO VARON,Integrante,5,https://scienti.minciencias.gov.co/cvlac/visualizador/generarCurriculoCv.do?cod_rh=0001455249,ESTUDIOS DE FENÃ“MENOS PSICOSOCIALES,2015-10-01, Actual,Investigador Junior (IJ),Maestría/Magister,4,5ZIDAcEAAAAJ,1
HERWIN EDUARDO CARDONA QUITIAN,Integrante,4,https://scienti.minciencias.gov.co/cvlac/visualizador/generarCurriculoCv.do?cod_rh=0000987751,ESTUDIOS DE FENÃ“MENOS PSICOSOCIALES,2017-01-01, Actual,Investigador Asociado (I),Doctorado,4,Ojpa1lAAAAAJ,3
JOHN HARVY ARCIA GRAJALES,Integrante,10,https://scienti.minciencias.gov.co/cvlac/visualizador/generarCurriculoCv.do?cod_rh=0000150398,ESTUDIOS DE FENÃ“MENOS PSICOSOCIALES,2018-01-01, Actual,sin clasificar,Doctorado,1,dyMWHucAAAAJ,3
JOHN JAIRO GARCIA  PENA,Integrante,6,https://scienti.minciencias.gov.co/cvlac/visualizador/generarCurriculoCv.do?cod_rh=0001346821,ESTUDIOS DE FENÃ“MENOS PSICOSOCIALES,2012-01-01, Actual,Investigador Asociado (I),Maestría/Magister,0,NA,0
JOSE ALCIDES CASTRO ACEVEDO,Integrante,10,https://scienti.minciencias.gov.co/cvlac/visualizador/generarCurriculoCv.do?cod_rh=0001344426,ESTUDIOS DE FENÃ“MENOS PSICOSOCIALES,2018-01-01, Actual,sin clasificar,Doctorado,0,iXbqjRQAAAAJ,3
KATY LUZ MILLAN OTERO,Integrante,5,https://scienti.minciencias.gov.co/cvlac/visualizador/generarCurriculoCv.do?cod_rh=0000107163,ESTUDIOS DE FENÃ“MENOS PSICOSOCIALES,2016-07-01, Actual,sin clasificar,Doctorado,4,-RwHy5gAAAAJ,0
MAGDA VICTORIA DIAZ ALZATE,Integrante,10,https://scienti.minciencias.gov.co/cvlac/visualizador/generarCurriculoCv.do?cod_rh=0000007210,ESTUDIOS DE FENÃ“MENOS PSICOSOCIALES,2015-05-01, Actual,Investigador Junior (IJ),Doctorado,9,C9ZdWuEAAAAJ,2
MARIA CRISTINA CORREA DUQUE,Integrante,9,https://scienti.minciencias.gov.co/cvlac/visualizador/generarCurriculoCv.do?cod_rh=0001632953,ESTUDIOS DE FENÃ“MENOS PSICOSOCIALES,2017-02-01, Actual,sin clasificar,Maestría/Magister,2,GsRFkT8AAAAJ,3
PAULA VANESSA SANCHEZ AGUDELO,Integrante,10,https://scienti.minciencias.gov.co/cvlac/visualizador/generarCurriculoCv.do?cod_rh=0001453945,ESTUDIOS DE FENÃ“MENOS PSICOSOCIALES,2013-02-01, Actual,sin clasificar,Doctorado,4,SosfQ4QAAAAJ,3
SANDRA ISABEL MEJIA ZAPATA,Integrante,10,https://scienti.minciencias.gov.co/cvlac/visualizador/generarCurriculoCv.do?cod_rh=0000575917,ESTUDIOS DE FENÃ“MENOS PSICOSOCIALES,2016-01-01, Actual,Investigador Asociado (I),Maestría/Magister,5,IiNO1TwAAAAJ,5
HUBER YECID CASTRO ESCOBAR,Integrante,20,https://scienti.minciencias.gov.co/cvlac/visualizador/generarCurriculoCv.do?cod_rh=0000525693,CALIDAD DE VIDA,2014-08-01, Actual,sin clasificar,Maestría/Magister,6,jsQSXroAAAAJ,3
VICTOR TERAN REALES,Integrante,15,https://scienti.minciencias.gov.co/cvlac/visualizador/generarCurriculoCv.do?cod_rh=0000489573,CALIDAD DE VIDA,1996-03-01, Actual,sin clasificar,Doctorado,2,lOUtSkIAAAAJ&hl,1
ARGEMIRO JOSE AMAYA BUELVAS,Integrante,10,https://scienti.minciencias.gov.co/cvlac/visualizador/generarCurriculoCv.do?cod_rh=0001294644,CALIDAD DE VIDA,2015-05-01, Actual,sin clasificar,Doctorado,1,kyNzB50AAAAJ,6
CARLOS RODRIGUEZ SANTOS,Integrante,12,https://scienti.minciencias.gov.co/cvlac/visualizador/generarCurriculoCv.do?cod_rh=0000763330,CALIDAD DE VIDA,2015-02-01, Actual,sin clasificar,Especialización,0,FmH8nIkAAAAJ&hl,1
ESTELIO JOSE ANGULO,Integrante,20,https://scienti.minciencias.gov.co/cvlac/visualizador/generarCurriculoCv.do?cod_rh=0001629460,CALIDAD DE VIDA,2015-01-01, Actual,Investigador Senior (IS),Doctorado,2,NRo7HZIAAAAJ,1
LIVIA DIAZ GONZALEZ,Integrante,10,https://scienti.minciencias.gov.co/cvlac/visualizador/generarCurriculoCv.do?cod_rh=0000945765,CALIDAD DE VIDA,2015-03-01, Actual,sin clasificar,Doctorado,0,NA,0
PAULJAVIER BEDOYA PASTRANA,Integrante,10,https://scienti.minciencias.gov.co/cvlac/visualizador/generarCurriculoCv.do?cod_rh=0001616270,CALIDAD DE VIDA,2016-06-01, Actual,sin clasificar,Maestría/Magister,1,NA,0
MARIA CLAUDIA DIAZ  SOTOMAYOR,Integrante,4,https://scienti.minciencias.gov.co/cvlac/visualizador/generarCurriculoCv.do?cod_rh=0001445228,CALIDAD DE VIDA,2020-01-01, Actual,sin clasificar,Maestría/Magister,0,NA,0
GERMAN ANDRES  TORRES ESCOBAR,Integrante,5,https://scienti.minciencias.gov.co/cvlac/visualizador/generarCurriculoCv.do?cod_rh=0000127713,AYELEN,2017-07-01, Actual,sin clasificar,Maestría/Magister,0,NA,0
BENILDA LAYNE BERNAL,Integrante,10,https://scienti.minciencias.gov.co/cvlac/visualizador/generarCurriculoCv.do?cod_rh=0000551988,AYELEN,2008-09-01, Actual,sin clasificar,Maestría/Magister,0,Cw9U7VIAAAAJ,9
LAURA STELLA PARRA ESPITIA,Integrante,10,https://scienti.minciencias.gov.co/cvlac/visualizador/generarCurriculoCv.do?cod_rh=0001471845,AYELEN,2016-02-01, Actual,sin clasificar,Doctorado,1,NA,0
ROLAN  CORREA LOPEZ,Integrante,4,https://scienti.minciencias.gov.co/cvlac/visualizador/generarCurriculoCv.do?cod_rh=0001595362,AYELEN,2018-01-01, Actual,sin clasificar,Doctorado,0,NA,0
VIVIANA CARMENZA  AVILA NAVARRETE,Integrante,12,https://scienti.minciencias.gov.co/cvlac/visualizador/generarCurriculoCv.do?cod_rh=0001527700,AYELEN,2013-06-01, Actual,sin clasificar,Doctorado,0,c1XCBZ0AAAAJ,2
DUBIS MARCELA RINCON BARRETO,Integrante,6,https://scienti.minciencias.gov.co/cvlac/visualizador/generarCurriculoCv.do?cod_rh=0000991864,FARMACODEPENDENCIA Y OTRAS ADICCIONES,2018-01-01, Actual,sin clasificar,Doctorado,10,pjSE_C0AAAAJ,2
SANDRA MILENA RESTREPO ESCOBAR,Integrante,6,https://scienti.minciencias.gov.co/cvlac/visualizador/generarCurriculoCv.do?cod_rh=0001443659,FARMACODEPENDENCIA Y OTRAS ADICCIONES,2012-09-01, Actual,Investigador Asociado (I),Doctorado,13,eHauI0IAAAAJ,2
DAVID IGNACIO MOLINA VELASQUEZ,Integrante,2,https://scienti.minciencias.gov.co/cvlac/visualizador/generarCurriculoCv.do?cod_rh=0000985201,FARMACODEPENDENCIA Y OTRAS ADICCIONES,2020-01-01, Actual,sin clasificar,Maestría/Magister,2,xCRCMooAAAAJ,5
ELIZA KRATC  GIL,Integrante,5,https://scienti.minciencias.gov.co/cvlac/visualizador/generarCurriculoCv.do?cod_rh=0000068433,FARMACODEPENDENCIA Y OTRAS ADICCIONES,2018-02-01, Actual,sin clasificar,Maestría/Magister,0,r1I0YJYAAAAJ,4
GLADYS JANETH RIOS PALACIO,Integrante,3,https://scienti.minciencias.gov.co/cvlac/visualizador/generarCurriculoCv.do?cod_rh=0001697786,FARMACODEPENDENCIA Y OTRAS ADICCIONES,2019-02-01, Actual,sin clasificar,Maestría/Magister,0,I8eYYScAAAAJ,0
GLORIA CECILIA CARDONA RIOS,Integrante,5,https://scienti.minciencias.gov.co/cvlac/visualizador/generarCurriculoCv.do?cod_rh=0001677974,FARMACODEPENDENCIA Y OTRAS ADICCIONES,2018-02-01, Actual,sin clasificar,Maestría/Magister,0,zt9fGF0AAAAJ,1
GLORIA MARIA LOPEZ ARBOLEDA,Integrante,0,https://scienti.minciencias.gov.co/cvlac/visualizador/generarCurriculoCv.do?cod_rh=0000786349,FARMACODEPENDENCIA Y OTRAS ADICCIONES,2020-06-01, Actual,Investigador Asociado (I),Doctorado,2,iR3xAfEAAAAJ,1
JORGE HERNAN GONZALEZ CORTES,Integrante,2,https://scienti.minciencias.gov.co/cvlac/visualizador/generarCurriculoCv.do?cod_rh=0000110413,FARMACODEPENDENCIA Y OTRAS ADICCIONES,2020-02-01, Actual,sin clasificar,Doctorado,0,BfjlQ8QAAAAJ,3
JULIANALEJANDRO  GAVIRIA LOPEZ,Integrante,0,https://scienti.minciencias.gov.co/cvlac/visualizador/generarCurriculoCv.do?cod_rh=0001078674,FARMACODEPENDENCIA Y OTRAS ADICCIONES,2020-02-01, Actual,sin clasificar,Doctorado,0,NA,0
LINA MARIA GALLEGO RAMIREZ,Integrante,0,https://scienti.minciencias.gov.co/cvlac/visualizador/generarCurriculoCv.do?cod_rh=0001419926,FARMACODEPENDENCIA Y OTRAS ADICCIONES,2020-06-01, Actual,Investigador Senior (IS),Maestría/Magister,0,WPEpjKwAAAAJ,0
LUCAS DAVILA CANAS,Integrante,5,https://scienti.minciencias.gov.co/cvlac/visualizador/generarCurriculoCv.do?cod_rh=0001487405,FARMACODEPENDENCIA Y OTRAS ADICCIONES,2019-01-01, Actual,sin clasificar,Maestría/Magister,4,mCT8CTsAAAAJ,3
LUISA FERNANDA  CORREA PEREZ,Integrante,4,https://scienti.minciencias.gov.co/cvlac/visualizador/generarCurriculoCv.do?cod_rh=0000000418,FARMACODEPENDENCIA Y OTRAS ADICCIONES,2019-07-01, Actual,sin clasificar,Maestría/Magister,0,NA,0
MARIA VICTORIA RESTREPO TOBON,Integrante,0,https://scienti.minciencias.gov.co/cvlac/visualizador/generarCurriculoCv.do?cod_rh=0000011235,FARMACODEPENDENCIA Y OTRAS ADICCIONES,2019-01-01, Actual,sin clasificar,Maestría/Magister,0,R5D6vOoAAAAJ,2
MARICELLY GOMEZ VARGAS,Integrante,6,https://scienti.minciencias.gov.co/cvlac/visualizador/generarCurriculoCv.do?cod_rh=0001142755,FARMACODEPENDENCIA Y OTRAS ADICCIONES,2018-02-01, Actual,Investigador Junior (IJ),Doctorado,5,XNkEWKgAAAAJ,6
MAURICIO ALEJANDRO BEDOYA JIMENEZ,Integrante,4,https://scienti.minciencias.gov.co/cvlac/visualizador/generarCurriculoCv.do?cod_rh=0001429266,FARMACODEPENDENCIA Y OTRAS ADICCIONES,2017-02-01, Actual,sin clasificar,Maestría/Magister,3,wDY8t8gAAAAJ,1
OLENA KLIMENKO KLIMENKO,Integrante,4,https://scienti.minciencias.gov.co/cvlac/visualizador/generarCurriculoCv.do?cod_rh=0000757896,FARMACODEPENDENCIA Y OTRAS ADICCIONES,2018-02-01, Actual,Investigador Asociado (I),Doctorado,6,0r6pOxoAAAAJ,11
YUSTY CAROLINA RESTREPO SEGURA,Integrante,0,https://scienti.minciencias.gov.co/cvlac/visualizador/generarCurriculoCv.do?cod_rh=0001642056,FARMACODEPENDENCIA Y OTRAS ADICCIONES,2020-02-01, Actual,sin clasificar,Doctorado,7,BhyHthYAAAAJ,2
ALEXANDER RODRIGUEZ BUSTAMANTE,Integrante,4,https://scienti.minciencias.gov.co/cvlac/visualizador/generarCurriculoCv.do?cod_rh=0001325256,FARMACODEPENDENCIA Y OTRAS ADICCIONES,2019-01-01, Actual,Investigador Junior (IJ),Doctorado,12,F2CwSh0AAAAJ,11
LINA MARIA RENDON LOPEZ,Integrante,10,https://scienti.minciencias.gov.co/cvlac/visualizador/generarCurriculoCv.do?cod_rh=0001376578,URBANITAS,2020-02-01, Actual,Investigador Asociado (I),Doctorado,0,6uKvLyYAAAAJ,6
LINA MARIA GONZALEZ  CORREA,Integrante,8,https://scienti.minciencias.gov.co/cvlac/visualizador/generarCurriculoCv.do?cod_rh=0001377516,URBANITAS,2010-02-01, Actual,Investigador Junior (IJ),Doctorado,0,NA,0
ANCIZAR VARGAS LEON,Integrante,10,https://scienti.minciencias.gov.co/cvlac/visualizador/generarCurriculoCv.do?cod_rh=0000409782,URBANITAS,2014-03-01, Actual,Investigador Junior (IJ),Doctorado,0,NA,0
CARLOS ANDRES TREJOS GIL,Integrante,20,https://scienti.minciencias.gov.co/cvlac/visualizador/generarCurriculoCv.do?cod_rh=0000173459,URBANITAS,2018-02-01, Actual,sin clasificar,Maestría/Magister,8,Hw7ZjsEAAAAJ,1
CARLOS SUAREZ QUICENO,Integrante,11,https://scienti.minciencias.gov.co/cvlac/visualizador/generarCurriculoCv.do?cod_rh=0000485446,URBANITAS,2008-02-01, Actual,Investigador Junior (IJ),Doctorado,1,1ATgz8UAAAAJ,0
EDWIN ANDRES SEPULVEDA CARDONA,Integrante,22,https://scienti.minciencias.gov.co/cvlac/visualizador/generarCurriculoCv.do?cod_rh=0000703338,URBANITAS,2005-08-01, Actual,Investigador Asociado (I),Doctorado,6,KH7yFUsAAAAJ,3
FERNANDO AQUILES DE LA SANTISI ARANGO NAVARRO,Integrante,10,https://scienti.minciencias.gov.co/cvlac/visualizador/generarCurriculoCv.do?cod_rh=0001018922,URBANITAS,2014-08-01, Actual,sin clasificar,Maestría/Magister,1,NA,0
JHOEEN SNEYDER ROJAS DIAZ,Integrante,20,https://scienti.minciencias.gov.co/cvlac/visualizador/generarCurriculoCv.do?cod_rh=0001317040,URBANITAS,2017-02-01, Actual,sin clasificar,Maestría/Magister,1,SuGmv1UAAAAJ,1
JIMENA  ISAZA ALVAREZ,Integrante,0,https://scienti.minciencias.gov.co/cvlac/visualizador/generarCurriculoCv.do?cod_rh=0000087315,URBANITAS,2019-01-01, Actual,sin clasificar,Pregrado/Universitario,0,NA,0
JUAN DIEGO LOPEZ MEDINA,Integrante,10,https://scienti.minciencias.gov.co/cvlac/visualizador/generarCurriculoCv.do?cod_rh=0001206427,URBANITAS,2015-02-01, Actual,sin clasificar,Doctorado,1,5rZW9KcAAAAJ,2
LINA MARIA MARTINEZ GUTIERREZ,Integrante,8,https://scienti.minciencias.gov.co/cvlac/visualizador/generarCurriculoCv.do?cod_rh=0001728525,URBANITAS,2020-02-01, Actual,sin clasificar,Especialización,0,NA,0
MARCOS VEGA SENA,Integrante,0,https://scienti.minciencias.gov.co/cvlac/visualizador/generarCurriculoCv.do?cod_rh=0000630233,URBANITAS,2017-02-01, Actual,sin clasificar,Doctorado,0,h3lf-PsAAAAJ,2
LIGIA INES  ZULUAGA ARIAS,Integrante,4,https://scienti.minciencias.gov.co/cvlac/visualizador/generarCurriculoCv.do?cod_rh=0001409601,URBANITAS,2020-01-01, Actual,sin clasificar,Maestría/Magister,0,NA,0
PAULA ANDREA VARGAS LONDONO,Integrante,4,https://scienti.minciencias.gov.co/cvlac/visualizador/generarCurriculoCv.do?cod_rh=0000107235,URBANITAS,2019-02-01, Actual,sin clasificar,Maestría/Magister,0,NA,0
ANDRES ALFREDO CASTRILLON CASTRILLON,Integrante,5,https://scienti.minciencias.gov.co/cvlac/visualizador/generarCurriculoCv.do?cod_rh=0001010859,FILOSOFÃA Y TEOLOGIA CRITICA,2013-02-01, Actual,sin clasificar,Maestría/Magister,4,09VhuCYAAAAJ,1
DAVID ESTEBAN ZULUAGA MESA,Integrante,15,https://scienti.minciencias.gov.co/cvlac/visualizador/generarCurriculoCv.do?cod_rh=0000904473,FILOSOFÃA Y TEOLOGIA CRITICA,2006-02-01, Actual,Investigador Asociado (I),Doctorado,7,NA,0
DANIEL ESTEBAN QUIROZ OSPINA,Integrante,3,https://scienti.minciencias.gov.co/cvlac/visualizador/generarCurriculoCv.do?cod_rh=0000075174,FILOSOFÃA Y TEOLOGIA CRITICA,2018-01-01, Actual,sin clasificar,Maestría/Magister,0,NA,0
JORGE WILLIAM GUERRA MONTOYA,Integrante,7,https://scienti.minciencias.gov.co/cvlac/visualizador/generarCurriculoCv.do?cod_rh=0000140546,FILOSOFÃA Y TEOLOGIA CRITICA,2018-02-01, Actual,sin clasificar,Maestría/Magister,0,NA,0
JUAN ESTEBAN LONDONO BETANCUR,Integrante,10,https://scienti.minciencias.gov.co/cvlac/visualizador/generarCurriculoCv.do?cod_rh=0001681125,FILOSOFÃA Y TEOLOGIA CRITICA,2019-01-01, Actual,sin clasificar,Doctorado,0,kmGAVz0AAAAJ&hl,3
JUAN SEBASTIAN HERNANDEZ VALENCIA,Integrante,10,https://scienti.minciencias.gov.co/cvlac/visualizador/generarCurriculoCv.do?cod_rh=0001592411,FILOSOFÃA Y TEOLOGIA CRITICA,2018-01-01, Actual,sin clasificar,Maestría/Magister,3,YulZHwUAAAAJ,0
KELLY VARGAS GARCIA,Integrante,10,https://scienti.minciencias.gov.co/cvlac/visualizador/generarCurriculoCv.do?cod_rh=0001375807,FILOSOFÃA Y TEOLOGIA CRITICA,2018-02-01, Actual,sin clasificar,Doctorado,1,FSZpothCoVgC,1
LINA MARCELA DE LA MILAGROSA CADAVID RAMIREZ,Integrante,11,https://scienti.minciencias.gov.co/cvlac/visualizador/generarCurriculoCv.do?cod_rh=0000883891,FILOSOFÃA Y TEOLOGIA CRITICA,2010-06-01, Actual,Investigador Asociado (I),Doctorado,5,NA,0
MANUEL DAVID GOMEZ ERAZO,Integrante,12,https://scienti.minciencias.gov.co/cvlac/visualizador/generarCurriculoCv.do?cod_rh=0000070095,FILOSOFÃA Y TEOLOGIA CRITICA,2018-01-01, Actual,sin clasificar,Doctorado,0,ZN11BuUAAAAJ,1
PALOMA  MARIN ESCOBAR,Integrante,4,https://scienti.minciencias.gov.co/cvlac/visualizador/generarCurriculoCv.do?cod_rh=0001510508,FILOSOFÃA Y TEOLOGIA CRITICA,2019-01-01, Actual,sin clasificar,Especialización,0,sRuFPZsAAAAJ,0
ANDRES ESCOBAR VASQUEZ,Integrante,10,https://scienti.minciencias.gov.co/cvlac/visualizador/generarCurriculoCv.do?cod_rh=0001534028,FILOSOFÃA Y TEOLOGIA CRITICA,2021-01-01, Actual,sin clasificar,Maestría/Magister,1,HgkxSmsAAAAJ,1
ANDRES FELIPE AGUDELO ZORRILLA,Integrante,9,https://scienti.minciencias.gov.co/cvlac/visualizador/generarCurriculoCv.do?cod_rh=0001411392,FILOSOFÃA Y TEOLOGIA CRITICA,2019-01-01, Actual,sin clasificar,Pregrado/Universitario,2,GJRrDiEAAAAJ&hl,2
CAROLINA VILA PORRAS,Integrante,3,https://scienti.minciencias.gov.co/cvlac/visualizador/generarCurriculoCv.do?cod_rh=0001410751,FILOSOFÃA Y TEOLOGIA CRITICA,2019-01-01, Actual,sin clasificar,Doctorado,2,Kd1AWwkAAAAJ,2
DIEGO ALEJANDRO RAMIREZ TAPIAS,Integrante,8,https://scienti.minciencias.gov.co/cvlac/visualizador/generarCurriculoCv.do?cod_rh=0001437009,CONTAS,2019-02-01, Actual,Investigador Junior (IJ),Maestría/Magister,2,NA,0
MARIA VICTORIA AGUDELO VARGAS,Integrante,2,https://scienti.minciencias.gov.co/cvlac/visualizador/generarCurriculoCv.do?cod_rh=0000574961,CONTAS,2012-01-01, Actual,Investigador Junior (IJ),Doctorado,0,NA,0
ALBA LUCIA GOMEZ RAMIREZ,Integrante,13,https://scienti.minciencias.gov.co/cvlac/visualizador/generarCurriculoCv.do?cod_rh=0000512664,CONTAS,2017-01-01, Actual,sin clasificar,Maestría/Magister,0,NA,0
CANDY LORENA CHAMORRO  GONZALEZ,Integrante,6,https://scienti.minciencias.gov.co/cvlac/visualizador/generarCurriculoCv.do?cod_rh=0000087869,CONTAS,2019-02-01, Actual,sin clasificar,Maestría/Magister,0,vOpE5gUAAAAJ&hl,4
CARLOS EDUARDO CASTANO RIOS,Integrante,2,https://scienti.minciencias.gov.co/cvlac/visualizador/generarCurriculoCv.do?cod_rh=0001412587,CONTAS,2015-01-01, Actual,Investigador Asociado (I),Maestría/Magister,4,LRUmr_cAAAAJ,13
CESAR AUGUSTO VALENCIA BAQUERO,Integrante,2,https://scienti.minciencias.gov.co/cvlac/visualizador/generarCurriculoCv.do?cod_rh=0000574503,CONTAS,2016-01-01, Actual,sin clasificar,Maestría/Magister,0,NA,0
ELKIN HORACIO QUIROS LIZARAZO,Integrante,6,https://scienti.minciencias.gov.co/cvlac/visualizador/generarCurriculoCv.do?cod_rh=0000439843,CONTAS,2003-02-01, Actual,Investigador Asociado (I),Maestría/Magister,0,NA,0
FARLEY SARY ROJAS  RESTREPO,Integrante,4,https://scienti.minciencias.gov.co/cvlac/visualizador/generarCurriculoCv.do?cod_rh=0000009209,CONTAS,2016-05-01, Actual,sin clasificar,Maestría/Magister,0,Q0JvK8cAAAAJ&hl,7
JOHN FERNANDO DIOSSA CASTRO,Integrante,6,https://scienti.minciencias.gov.co/cvlac/visualizador/generarCurriculoCv.do?cod_rh=0001471004,CONTAS,2015-01-01, Actual,sin clasificar,Maestría/Magister,1,NA,0
LEIDY PATRICIA  RODRIGUEZ  PINEROS,Integrante,2,https://scienti.minciencias.gov.co/cvlac/visualizador/generarCurriculoCv.do?cod_rh=0001836432,CONTAS,2020-06-01, Actual,sin clasificar,Pregrado/Universitario,0,NA,0
LUZ MERY ORTIZ SANCHEZ,Integrante,0,https://scienti.minciencias.gov.co/cvlac/visualizador/generarCurriculoCv.do?cod_rh=0001322788,CONTAS,2019-01-01, Actual,sin clasificar,Maestría/Magister,9,NA,0
MARIELA VELASQUEZ PEREZ,Integrante,8,https://scienti.minciencias.gov.co/cvlac/visualizador/generarCurriculoCv.do?cod_rh=0001500476,CONTAS,2019-01-01, Actual,sin clasificar,"NA",0,NA,0
MARLON DAVID GARCIA JIMENEZ,Integrante,20,https://scienti.minciencias.gov.co/cvlac/visualizador/generarCurriculoCv.do?cod_rh=0001366775,CONTAS,2016-01-01, Actual,sin clasificar,Maestría/Magister,2,zwGXNrAAAAAJ,4
MAURICIO ALEJANDRO BEDOYA JIMENEZ,Integrante,2,https://scienti.minciencias.gov.co/cvlac/visualizador/generarCurriculoCv.do?cod_rh=0001429266,CONTAS,2016-01-01, Actual,sin clasificar,Maestría/Magister,3,wDY8t8gAAAAJ,1
OLGA PATRICIA VASQUEZ MONTOYA,Integrante,2,https://scienti.minciencias.gov.co/cvlac/visualizador/generarCurriculoCv.do?cod_rh=0001409276,CONTAS,2015-02-01, Actual,sin clasificar,Maestría/Magister,0,NA,0
PAULA ANDREA USQUIANO YEPES,Integrante,8,https://scienti.minciencias.gov.co/cvlac/visualizador/generarCurriculoCv.do?cod_rh=0001757791,CONTAS,2019-01-01, Actual,sin clasificar,Maestría/Magister,0,NA,0
RUBY STELLA CABRERA JARAMILLO,Integrante,4,https://scienti.minciencias.gov.co/cvlac/visualizador/generarCurriculoCv.do?cod_rh=0001580615,CONTAS,2019-02-01, Actual,sin clasificar,Maestría/Magister,3,_Swwv5oAAAAJ,1
SOL BEATRIZ  VELEZ ESCOBAR,Integrante,8,https://scienti.minciencias.gov.co/cvlac/visualizador/generarCurriculoCv.do?cod_rh=0001530033,CONTAS,2020-06-01, Actual,sin clasificar,Maestría/Magister,0,NA,0
NATALIA ANDREA ALZATE ALZATE,Integrante,10,https://scienti.minciencias.gov.co/cvlac/visualizador/generarCurriculoCv.do?cod_rh=0000964875,LUES,2020-01-01, Actual,sin clasificar,Doctorado,0,sAljacYAAAAJ,1
JENNY MARCELA ACEVEDO VALENCIA,Integrante,20,https://scienti.minciencias.gov.co/cvlac/visualizador/generarCurriculoCv.do?cod_rh=0001186337,LUES,2014-11-01, Actual,sin clasificar,Doctorado,2,ul0fN9wAAAAJ,5
ALFREDO MANUEL GHISO COTOS,Integrante,4,https://scienti.minciencias.gov.co/cvlac/visualizador/generarCurriculoCv.do?cod_rh=0000020192,LUES,1999-01-01, Actual,Investigador Junior (IJ),"NA",2,Cj2hqc4AAAAJ&hl,2
ANGELA MARIA  VELASQUEZ  VELASQUEZ,Integrante,20,https://scienti.minciencias.gov.co/cvlac/visualizador/generarCurriculoCv.do?cod_rh=0000117510,LUES,2017-01-01, Actual,Investigador Junior (IJ),Doctorado,0,BbHGEOcAAAAJ&hl,3
