grupo,categoria,tipo_producto,titulo,ano,numero_paginas,instituciones_participantes,URL,DOI,autores
CONTAS,Documentos de trabajo,Documento de trabajo (Working Paper),"EL EFECTO RE-DISTRIBUIDOR DEL IMPUESTO DE RENTA. UN ANÁLISIS DESDE EL MODELO IMPOSITIVO DE CHILE, ECUADOR Y COLOMBIA",2017,18,Universidad Católica Luis Amigo Universidad Católica de Oriente, http://congreso.investiga.fca.unam.mx/es/congreso_xxii.php                 ,,JOHN FERNANDO DIOSSA CASTRO
CONTAS,Documentos de trabajo,Documento de trabajo (Working Paper),CONVERGENCIA CONTABLE EN COLOMBIA Y LAS TENSIONES CONCEPTUALES EN LOS REPORTES,2016,27,universidad de los andes FACES, https://sites.google.com/site/cursoscarlosmunoz/documentos-de-trabajo                 ,N/A,CARLOS ALBERTO MUNOZ RESTREPO
CONTAS,Documentos de trabajo,Documento de trabajo (Working Paper),LA VIGENCIA DE LA TENEDURÍA DE LIBROS POR PARTIDA DOBLE EN ÉPOCA DE ADOPCIÓN DE ESTÁNDARES INTERNACIONALES DE CONTABILIDAD,2016,20,Facultad de Ciencias Económicas y administrativas ¿ITM, https://www.researchgate.net/project/vigencia-de-la-Teneduria-de-libros-por-partidad-doble-en-epoca-de-adopcion-de-estandares-de-contabilidad                 ,N/A,CARLOS ALBERTO MUNOZ RESTREPO
CONTAS,Documentos de trabajo,Documento de trabajo (Working Paper),LA ARCHIVISTICA Y EL CONTABLE1,2016,6,UNIVERSIDAD PEDAGOGICA Y TECNOLOGICA DE COLOMBIA TUNJA BOYACA  MAESTRIA EN HISTORIA, https://sites.google.com/site/cursoscarlosmunoz/documentos-de-trabajo                 ,N/A,CARLOS ALBERTO MUNOZ RESTREPO
CONTAS,Documentos de trabajo,Documento de trabajo (Working Paper),"LA ARMONIZACIÓN, SU VINCULACIÓN DESDE LA CUANTIFICACIÓN Y LA HOMOGENIZACIÓN COMO FENÓMENOS HISTÓRICOS ASOCIADOS",2016,9,universidad de los andes-posgrado en ciencias contables, https://sites.google.com/site/cursoscarlosmunoz/documentos-de-trabajo                 ,N/A,CARLOS ALBERTO MUNOZ RESTREPO
CONTAS,Documentos de trabajo,Documento de trabajo (Working Paper),La relacion de referencia y el signo contable,2015,36,Universidad de los Andes FACES. Venezuela, https://www.researchgate.net/publication/282025747_La_relacion_de_referencia_y_el_signo_contable                 ,10.13140/RG.2.1.1973.2960,CARLOS ALBERTO MUNOZ RESTREPO
CONTAS,Documentos de trabajo,Documento de trabajo (Working Paper),"Economía, gestión y fútbol: de la pasión a la sostenibilidad financiera",2015,26,, https://mpra.ub.uni-muenchen.de/72778/                 ,,"RAMON JAVIER MESA CALLEJAS, JAIR ALBEIRO OSORIO AGUDELO, CARLOS EDUARDO CASTANO RIOS"
CONTAS,Documentos de trabajo,Documento de trabajo (Working Paper),La planificación contable como herramienta para el fortalecimiento de los procesos de planificación económico-social,2009,169,, http://www.funlam.edu.co/html/catalogo.investigaciones/catalogo_de_investigaciones_2008.pdf                 ,,ELKIN HORACIO QUIROS LIZARAZO
CONTAS,Documentos de trabajo,Documento de trabajo (Working Paper),"Usos y requerimientos de la información contable: integración de la regulación contable para el sector privado en Colombia Línea de investigación: Contabilidad, Ambiente y Sociedad",2009,169,, http://www.funlam.edu.co/html/catalogo.investigaciones/catalogo_de_investigaciones_2008.pdf                 ,,ELKIN HORACIO QUIROS LIZARAZO
CONTAS,Documentos de trabajo,Documento de trabajo (Working Paper),Informe operativo final: diagnóstico de la aplicación de legislación sobre gestión ambiental para un grupo de empresas de Medellín,2005,23,,                  ,,ELKIN HORACIO QUIROS LIZARAZO
CONTAS,Documentos de trabajo,Documento de trabajo (Working Paper),Informe operativo final: Análisis de la responsabilidad social en pequeñas y medianas empresas de Medellín,2005,18,,                  ,,ELKIN HORACIO QUIROS LIZARAZO
CONTAS,Documentos de trabajo,Documento de trabajo (Working Paper),Fundamentos teóricos y metodológicos para una línea de investigación en contabilidad social y ambiental,2004,26,,                  ,,ELKIN HORACIO QUIROS LIZARAZO
FILOSOFIA Y TEOLOGIA CRITICA,Documentos de trabajo,Documento de trabajo (Working Paper),Sobre la escritura,2020,3,Universidad Católica Luis Amigó, https://figshare.com/articles/online_resource/Sobre_la_escritura/13249568                 ,10.6084/m9.figshare.13249568.v1,DAVID ESTEBAN ZULUAGA MESA
FILOSOFIA Y TEOLOGIA CRITICA,Documentos de trabajo,Documento de trabajo (Working Paper),Para recuperar el amor,2020,3,Uniiversidad Católica Luis Amigó, https://figshare.com/articles/Para_recuperar_el_amor/12185421                 ,10.6084/m9.figshare.12185421.v1,DAVID ESTEBAN ZULUAGA MESA
FILOSOFIA Y TEOLOGIA CRITICA,Documentos de trabajo,Documento de trabajo (Working Paper),Marguerite a pesar de Wittgenstein: la zozobra de unamor,2020,6,Universidad Católica Luis Amigó, https://figshare.com/articles/Marguerite_a_pesar_de_Wittgenstein_docx/11969052/2                 ,10.6084/m9.figshare.11969052.v2,DAVID ESTEBAN ZULUAGA MESA
URBANITAS,Documentos de trabajo,Documento de trabajo (Working Paper),PUBLICIDAD SOCIAL Línea de investigación,2020,33,Universidad Católica Luis Amigó, https://www.researchgate.net/publication/343934998_PUBLICIDAD_SOCIAL_Linea_de_investigacion                 ,10.13140/RG.2.2.32503.04009,JUAN DIEGO LOPEZ MEDINA
URBANITAS,Documentos de trabajo,Documento de trabajo (Working Paper),RECOMENDACIONES PARA UNA MEJOR VISIBILIZACIÓN DE LA PRODUCCIÓN INVESTIGATIVA DE LA UNIVERSIDAD CATÓLICA LUIS AMIGÓ,2019,20,Universidad Católica Luis Amigó, https://www.researchgate.net/publication/337739371_Recomendaciones_para_una_mejor_visibilizacion_de_la_produccion_investigativa_de_la_Universidad_Catolica_Luis_Amigo?channel=doi&linkId=5de7b28aa6fdcc283704e845&showFulltext=true                 ,10.13140/RG.2.2.34562.63683,"CARLOS SUAREZ QUICENO, JUAN DIEGO LOPEZ MEDINA, LINA MARIA GONZALEZ CORREA, DANIEL BUSTAMANTE BAENA"
URBANITAS,Documentos de trabajo,Documento de trabajo (Working Paper),SISTEMA INTERACTIVO DE LOCALIZACIÓN INTERNA PARA LA UNIVERSIDAD CATÓLICA LUIS AMIGÓ,2018,31,Universidad Católica Luis Amigó - Grupos de investigación Urbanitas y Sisco, https://www.researchgate.net/publication/325929566_SISTEMA_INTERACTIVO_DE_LOCALIZACION_INTERNA_PARA_LA_UNIVERSIDAD_CATOLICA_LUIS_AMIGO                 ,10.13140/RG.2.2.25439.36004,"JUAN DIEGO LOPEZ MEDINA, ALEJANDRO ESTRADA AGUDELO, AMILKAR DAVID ALVAREZ CUADRADO, CARLOS SUAREZ QUICENO"
URBANITAS,Documentos de trabajo,Documento de trabajo (Working Paper),Modelo de negocio para un corredor de exportaciones,2018,15,Universidad Católica Luis Amigó ImpoExport Medellín, https://www.academia.edu/41336614/Modelo_de_negocio_para_un_corredor_de_exportaciones                 ,10.13140/RG.2.2.24172.51842,JUAN DIEGO LOPEZ MEDINA
URBANITAS,Documentos de trabajo,Documento de trabajo (Working Paper),"Comunicación e innovación: más que un clic para Pymes, Colombia. Estudio de caso",2016,3,Politécnico Grancolombiano de Bogotá., http://repository.poligran.edu.co/handle/10823/551                 ,http//190.131.241.186/handle/10823/551,GABRIEL JAIME LOTERO ECHEVERRI
URBANITAS,Documentos de trabajo,Documento de trabajo (Working Paper),Documento Maestro Pregrado Publicidad Apartadó,2013,271,Fundación Universitaria Luis Amigó - Medellín Centro Regional Apartadó,                  ,,RAFAEL VARGAS CANO
URBANITAS,Documentos de trabajo,Documento de trabajo (Working Paper),Documento Maestro Pregrado Publicidad Montería,2012,366,Fundación Universitaria Luis Amigó - Medellín Centro Regional Montería,                  ,,RAFAEL VARGAS CANO
FARMACODEPENDENCIA Y OTRAS ADICCIONES,Documentos de trabajo,Documento de trabajo (Working Paper),Autoevaluación de la Maestría en Derecho y del programa de Derecho Medellín.,2020,220,Universidad Católica Luis Amigó. Facultad de Derecho y Ciencias Políticas., https://www.funlam.edu.co/modules/escuelaposgrados/item.php?itemid=102                 ,,"ALEXANDER RODRIGUEZ BUSTAMANTE, JUAN ESTEBAN AGUIRRE ESPINOSA"
FARMACODEPENDENCIA Y OTRAS ADICCIONES,Documentos de trabajo,Documento de trabajo (Working Paper),Carta descriptiva Curso Neurodesarrollo y Aprendizaje,2020,5,Universidad Católica Luis Amigó,                  ,,DUBIS MARCELA RINCON BARRETO
FARMACODEPENDENCIA Y OTRAS ADICCIONES,Documentos de trabajo,Documento de trabajo (Working Paper),Editor de la Revista Análisis,2004,0,,                  ,,GUILLERMO ALONSO CASTANO PEREZ
FARMACODEPENDENCIA Y OTRAS ADICCIONES,Documentos de trabajo,Documento de trabajo (Working Paper),Editor de la Revista Análisis,2004,0,,                  ,,GUSTAVO ADOLFO CALDERON VALLEJO
FARMACODEPENDENCIA Y OTRAS ADICCIONES,Documentos de trabajo,Documento de trabajo (Working Paper),Clínica I de las adicciones,2002,30,, http://www.unireddrogas.org                 ,,GUILLERMO ALONSO CASTANO PEREZ
AYELEN,Documentos de trabajo,Documento de trabajo (Working Paper),Red Internacional de Educadores Amigonianos,2018,17,"Congregación Religiosos Terciarios Capuchinos - Amigonianos Mis.A.P General (Misión, Apostolado y Pedagogía)", https://amigonianoscg.org/cpa/red-internacional-de-educadores/presentacion/                 ,,"VIVIANA CARMENZA AVILA NAVARRETE, ANGELICA PATRICIA VELASCO LOPEZ, CLAUDIA DEL PILAR VELEZ DE LA CALLE, JUAN JOSE CALDERON, JOSE SALVADOR MORALES GIRALDO"
AYELEN,Documentos de trabajo,Documento de trabajo (Working Paper),Departamento de Pedagogía Amigoniano,2018,20,"Congregación Religiosos Terciarios Capuchinos - Amigonianos Mis.A.P General (Misión, Apostolado y Pedagogía).", http://amigonianoscg.org/cpa/departamento-de-pedagogia/acerca-del-departamento-de-pedagogia/                 ,,"VIVIANA CARMENZA AVILA NAVARRETE, CLAUDIA DEL PILAR VELEZ DE LA CALLE, JUAN JOSE CALDERON, JOSE SALVADOR MORALES GIRALDO, ANGELICA PATRICIA VELASCO LOPEZ"
AYELEN,Documentos de trabajo,Documento de trabajo (Working Paper),"Centro de Pensamiento, Doctrina y Pedagogía Amigoniano C.P.A.",2018,45,"Congregación Religiosos Terciarios Capuchinos - Amigonianos Mis.A.P General (Misión, Apostolado y Pedagogía). ", https://amigonianoscg.org/cpa/                 ,,"VIVIANA CARMENZA AVILA NAVARRETE, CLAUDIA DEL PILAR VELEZ DE LA CALLE, ANGELICA PATRICIA VELASCO LOPEZ, JOSE SALVADOR MORALES GIRALDO, JUAN JOSE CALDERON"
AYELEN,Documentos de trabajo,Documento de trabajo (Working Paper),MANUAL INTEGRADO PARA LA PRESENTACIÓN DE TRABAJOS DE GRADO,2017,29,Universidad Católica Luis Amigó, https://es.calameo.com/read/004564320fe56ffa64f3c                 ,,VIVIANA CARMENZA AVILA NAVARRETE
AYELEN,Documentos de trabajo,Documento de trabajo (Working Paper),Responsabilidad social universitaria con poblaciones en alto riesgo de Bogotá y Medellín,2014,10,Fundación Universitaria Luis Amigó - CR Bogotá,                  ,,SANDRA LUZ CASTRO LESMES
AYELEN,Documentos de trabajo,Documento de trabajo (Working Paper),El diario de campo: Estrategias de Investigación y Enseñanza Universitaria,2014,25,Universidad Distrital Francisco José de Caldas,                  ,,SANDRA LUZ CASTRO LESMES
AYELEN,Documentos de trabajo,Documento de trabajo (Working Paper),Atención psicosocial y victimologia,2014,6,Universidad Católica Luis Amigó, www.funlam.edu.co/bogota                 ,,BENILDA LAYNE BERNAL
AYELEN,Documentos de trabajo,Documento de trabajo (Working Paper),Desarrollo de habilidades diagnósticas y de intervención en la conducta suicida,2014,6,Universidad Católica Luis Amigó, www.funlam.edu.co/bogota                 ,,BENILDA LAYNE BERNAL
AYELEN,Documentos de trabajo,Documento de trabajo (Working Paper),Módulo de Sistematización de Experiencias,2013,33,Organización Nacional Indígena de Colombia,                  ,No aplica,SANDRA LUZ CASTRO LESMES
CALIDAD DE VIDA,Documentos de trabajo,Documento de trabajo (Working Paper),Modulo: Modelos y Tendencias Pedagógicas Contemporáneas,2010,70,UNIVERSIDAD  CATÓLICA   LUIS   AMIGO,                  ,,LUZ BRUNAL DE PETRO
CALIDAD DE VIDA,Documentos de trabajo,Documento de trabajo (Working Paper),Escenarios para el desarrollo y aplicación de habilidades docentes mediados por TIC,2009,50,, www.unicorvirtual.edu.co/cpe                 ,,GLENIS BIBIANA ALVAREZ QUIROZ
CALIDAD DE VIDA,Documentos de trabajo,Documento de trabajo (Working Paper),Posicionamiento del Modelo de Convivencia Ambiental,2007,190,Fundación Universitaria luis Amigó, www.desarrollamos.com                 ,www.desarrollamos.com,FRANCISCO WILLIAM MERCADO MERCADO
CALIDAD DE VIDA,Documentos de trabajo,Documento de trabajo (Working Paper),Elementos conceptuales para la Proyección Comunitaria,2006,201,Fundación Universitaría Luis Amigó, www.desarrollamos.com                 ,www.desarrollamos.com,FRANCISCO WILLIAM MERCADO MERCADO
CALIDAD DE VIDA,Documentos de trabajo,Documento de trabajo (Working Paper),"Habla Gotica de Agua, Habla Gotica...Habla...",2006,201,Fundación Universitaria luis Amigó, www.desarrollamos.com                 ,www.desarrollamos.com,FRANCISCO WILLIAM MERCADO MERCADO
CALIDAD DE VIDA,Documentos de trabajo,Documento de trabajo (Working Paper),LA INVESTIGACIÓN EN EL AULA Y EN LA ESCUELA,2006,1,, MONTERÍA                 ,,VICTOR TERAN REALES
CALIDAD DE VIDA,Documentos de trabajo,Documento de trabajo (Working Paper),"Diagnóstico de Realidades y Necesidades de los Jovenes del Poblado, Visión Mundial",2005,12,,                  ,,MIGUEL EFREN GARCES PRETTEL
CALIDAD DE VIDA,Documentos de trabajo,Documento de trabajo (Working Paper),Sistematización de Experiencias del Proyecto de Formación en Valores Visión Mundial,2004,150,,                  ,,MIGUEL EFREN GARCES PRETTEL
ESTUDIOS DE FENOMENOS PSICOSOCIALES,Documentos de trabajo,Documento de trabajo (Working Paper),Diseño del curso Escritura Científica del Doctorado en Estudios Interdisciplinarios en Psicología,2018,12,Universidad Católica Luis Amigó, www.funlam.edu.co                 ,,JAIRO GUTIERREZ AVENDANO
ESTUDIOS DE FENOMENOS PSICOSOCIALES,Documentos de trabajo,Documento de trabajo (Working Paper),Pasos para el diseño de cada componente de un proyecto de Investigación sobre la intervención psicosocial,2012,16,, http://es.slideshare.net/jairogarciap/pasos-para-el-diseo-de-cada-componente-de-un-proyecto-de-investigacin-social                 ,,JOHN JAIRO GARCIA PENA
ESTUDIOS DE FENOMENOS PSICOSOCIALES,Documentos de trabajo,Documento de trabajo (Working Paper),"Competencias, Herramientas y Sabres De La Práctica Social Del Psicólogo Necesarias Para El Abordaje De Los Ámbitos: Educativo, Comunitario Y Organizacional",2005,95,,                  ,,"LUZ MARINA ARANGO GOMEZ, CESAR AUGUSTO JARAMILLO JARAMILLO, MARIA ALEJANDRA RESTREPO"
ESTUDIOS DE FENOMENOS PSICOSOCIALES,Documentos de trabajo,Documento de trabajo (Working Paper),"Competencias, Saberes y Herramientas necesarias para la intervención social del psicólogo",2005,95,,                  ,,"LUZ MARINA ARANGO GOMEZ, CESAR AUGUSTO JARAMILLO JARAMILLO, MARIA ALEJANDRA RESTREPO"
FAMILIA DESARROLLO Y CALIDAD DE VIDA,Documentos de trabajo,Documento de trabajo (Working Paper),INFORME DE AUTOEVALUACIÓN PROGRAMA ACADÉMICO COMUNICACIÓN SOCIAL Registro Calificado SNIES 7351,2010,284,Universidad Católica Luis Amigó., http://files.acreditacioncomunicacion.webnode.com/200000106-00f0501ea3/Informe_de_Autoevaluacion_Comunicacion_SocialSep2010.pdf                 ,,ALEXANDER RODRIGUEZ BUSTAMANTE
FAMILIA DESARROLLO Y CALIDAD DE VIDA,Documentos de trabajo,Documento de trabajo (Working Paper),Modelos de autoridad familiar,2009,12,N/A, N/A                 ,N/A,MONICA MARIA ALVAREZ GALLEGO
FAMILIA DESARROLLO Y CALIDAD DE VIDA,Documentos de trabajo,Documento de trabajo (Working Paper),"Modernidad, posmodernidad y familia",2004,1,,                  ,,EDISON FRANCISCO VIVEROS CHAVARRIA
"EDUCACION, INFANCIA Y LENGUAS EXTRANJERAS",Documentos de trabajo,Documento de trabajo (Working Paper),Graduation paper manual: Guidelines for research-article monographs,2018,26,Universidad Católica Luis Amigó, http://repository.ucatolicaluisamigo.edu.co:8080/handle/ucatolicaluisamigo/117                 ,,JOSE VICENTE ABAD OLAYA
"EDUCACION, INFANCIA Y LENGUAS EXTRANJERAS",Documentos de trabajo,Documento de trabajo (Working Paper),Documento maestro Doctorado en Educación,2018,180,Universidad Católica Luis Amigó, https://www.funlam.edu.co/modules/escuelaposgrados/item.php?itemid=233                 ,,CARMEN YSABEL MARTINEZ DE MERINO
"EDUCACION, INFANCIA Y LENGUAS EXTRANJERAS",Documentos de trabajo,Documento de trabajo (Working Paper),Carta descriptiva. Fundamentos de la Educación I,2018,7,Universidad Cátolica Luis Amigó, https://www.funlam.edu.co/html/Cartas-Descriptivas/CD-Facultad-Educacion/CD-Doctorado-en-Educacion/1_CD_Fundamentacion%20de%20la%20Educacion%20I.pdf                 ,,CARMEN YSABEL MARTINEZ DE MERINO
"EDUCACION, INFANCIA Y LENGUAS EXTRANJERAS",Documentos de trabajo,Documento de trabajo (Working Paper),Carta descriptiva. Fundamentos de la Educación II,2018,7,Universidad Católica Luis Amigó, https://www.funlam.edu.co/html/Cartas-Descriptivas/CD-Facultad-Educacion/CD-Doctorado-en-Educacion/3_CD_Fundamentacion%20de%20la%20Educacion%20II.pdf                 ,,CARMEN YSABEL MARTINEZ DE MERINO
"EDUCACION, INFANCIA Y LENGUAS EXTRANJERAS",Documentos de trabajo,Documento de trabajo (Working Paper),Percepciones de mi Universidad,2018,8,Universidad Eafit Universidad Católica Luis Amigó, http://repository.ucatolicaluisamigo.edu.co:8080/jspui/handle/ucatolicaamigo/582                 ,,"JOSE VICENTE ABAD OLAYA, ANA PATRICIA MUNOZ RESTREPO"
"EDUCACION, INFANCIA Y LENGUAS EXTRANJERAS",Documentos de trabajo,Documento de trabajo (Working Paper),Documento Maestro Doctorado en Educación,2018,185,Universidad Católica Luis Amigó, https://www.funlam.edu.co/modules/escuelaposgrados/item.php?itemid=233                 ,,"CARMEN YSABEL MARTINEZ DE MERINO, JOSE WILMAR PINO MONTOYA, DIANA CAROLINA GARCIA LONDONO"
"EDUCACION, INFANCIA Y LENGUAS EXTRANJERAS",Documentos de trabajo,Documento de trabajo (Working Paper),Documento maestro Maestría en Educación,2015,200,Universidad Católica Luis Amigó, www.funlam.edu.co                 ,N/A,"ADRIANA MARIA GALLEGO HENAO, JOSE FEDERICO AGUDELO TORRES"
"EDUCACION, INFANCIA Y LENGUAS EXTRANJERAS",Documentos de trabajo,Documento de trabajo (Working Paper),Interview for English Teachers,2014,2,Fundación Universitaria Luis Amigó American Psychological Association (APA). , http://psycnet.apa.org/index.cfm?fa=search.defaultSearchForm                 ,http//dx.doi.org/10.1037/t34533-000%0d,"JOSE VICENTE ABAD OLAYA, LILIANA MARIA MATURANA PATARROYO"
NEUROCIENCIAS BASICAS Y APLICADAS,Documentos de trabajo,Documento de trabajo (Working Paper),LA CARRERA DEL PSICÓPATA: UN APORTE DESDE LAS NEUROCIENCIAS,2022,7,Universidad Católica Luis Amigó, https://drive.google.com/file/d/1v5xMyehseMbZf_su-yuBc8UAbpYXxwcU/view?usp=sharing                 ,,CESAR ANDRES CARMONA CARDONA
NEUROCIENCIAS BASICAS Y APLICADAS,Documentos de trabajo,Documento de trabajo (Working Paper),Diseño y elaboración carta descriptiva Proyecto de Tesis Doctoral. Doctorado en Estudios Interdisciplinarios en Psicología,2017,8,Universidad Católica Luis Amigó, www.funlam.edu.co                 ,.,PAULA ANDREA MONTOYA ZULUAGA
NEUROCIENCIAS BASICAS Y APLICADAS,Documentos de trabajo,Documento de trabajo (Working Paper),Diseño y elaboración de carta descriptiva Ruta de tesis doctoral. Doctorado en Estudios Interdisciplinarios en Psicología.,2017,7,Universidad Católica Luis Amigó, www.funlam.edu.co                 ,.,PAULA ANDREA MONTOYA ZULUAGA
NEUROCIENCIAS BASICAS Y APLICADAS,Documentos de trabajo,Documento de trabajo (Working Paper),Carta descriptiva Etiologia y psicología criminal,2017,14,Universidad Católica Luis Amigo, http://www.funlam.edu.co/modules/escuelaposgrados/item.php?itemid=63                 ,,JUAN DIEGO BETANCUR ARIAS
NEUROCIENCIAS BASICAS Y APLICADAS,Documentos de trabajo,Documento de trabajo (Working Paper),Documento Maestro Maestría Neuropsicopedagogía,2015,336,Fundación Universitaria Luis Amigó, N/A                 ,N/A,PAULA ANDREA MONTOYA ZULUAGA
NEUROCIENCIAS BASICAS Y APLICADAS,Documentos de trabajo,Documento de trabajo (Working Paper),"Carta descriptiva del curso ""Taller de creatividad científica""",2015,0,,                  ,,JULIO ANTONIO OLIVERA LA ROSA
NEUROCIENCIAS BASICAS Y APLICADAS,Documentos de trabajo,Documento de trabajo (Working Paper),Elaboración de carta descriptiva Tutoría y Coloquio de Investigación IV. Maestría en Neuropsicopedagogía,2014,12,Fundación Universitaria Luis Amigó,                  ,,PAULA ANDREA MONTOYA ZULUAGA
NEUROCIENCIAS BASICAS Y APLICADAS,Documentos de trabajo,Documento de trabajo (Working Paper),Elaboración de carta descriptiva Tutoría y Coloquio de Investigación III. Maestría en Neuropsicopedagogía,2014,14,Fundación Universitaria Luis Amigó,                  ,,PAULA ANDREA MONTOYA ZULUAGA
NEUROCIENCIAS BASICAS Y APLICADAS,Documentos de trabajo,Documento de trabajo (Working Paper),Elaboración de carta descriptiva Tutoría y Coloquio de Investigación I. Maestría en Neuropsicopedagogía,2014,12,Fundación Universitaria Luis Amigó,                  ,,PAULA ANDREA MONTOYA ZULUAGA
NEUROCIENCIAS BASICAS Y APLICADAS,Documentos de trabajo,Documento de trabajo (Working Paper),Diseño de carta descriptiva Seminario de investigación IV Maestría en Neuropsicopedagogía,2014,14,Fundación Universitaria Luis Amigó,                  ,,PAULA ANDREA MONTOYA ZULUAGA
NEUROCIENCIAS BASICAS Y APLICADAS,Documentos de trabajo,Documento de trabajo (Working Paper),Diseño carta descriptiva seminario de investigación III. Maestría en Neuropsicopedagogía,2014,12,Fundación Universitaria Luis Amigó,                  ,,PAULA ANDREA MONTOYA ZULUAGA
NEUROCIENCIAS BASICAS Y APLICADAS,Documentos de trabajo,Documento de trabajo (Working Paper),Diseño de Carta descriptiva Seminario de investigación II. Maestría en Neuropsicopedagogía,2014,9,Fundación Universitaria Luis Amigó,                  ,,PAULA ANDREA MONTOYA ZULUAGA
NEUROCIENCIAS BASICAS Y APLICADAS,Documentos de trabajo,Documento de trabajo (Working Paper),Diseño de carta descriptiva Seminario de investigación I Maestría en Neuropsicopedagogía,2014,9,Funlam,                  ,,PAULA ANDREA MONTOYA ZULUAGA
NEUROCIENCIAS BASICAS Y APLICADAS,Documentos de trabajo,Documento de trabajo (Working Paper),Elaboración de carta descriptiva Tutoría y Coloquio de Investigación II. Maestría en Neuropsicopedagogía,2014,13,Fundación Universitaria Luis Amigó,                  ,,PAULA ANDREA MONTOYA ZULUAGA
NEUROCIENCIAS BASICAS Y APLICADAS,Documentos de trabajo,Documento de trabajo (Working Paper),Lineamientos Trabajo de Investigación Maestría Intervenciones Psicosociales,2014,10,Fundación Universitaria Luis Amigó,                  ,,PAULA ANDREA MONTOYA ZULUAGA
NEUROCIENCIAS BASICAS Y APLICADAS,Documentos de trabajo,Documento de trabajo (Working Paper),Lineamientos Trabajo de grado Especialización Neuropsicopedagogía Infantil,2014,16,Fundación Universitaria Luis Amigó,                  ,,PAULA ANDREA MONTOYA ZULUAGA
NEUROCIENCIAS BASICAS Y APLICADAS,Documentos de trabajo,Documento de trabajo (Working Paper),Procedimientos Pasantías Neuropsicopedagógicas,2014,13,Fundación Universitaria Luis Amigó,                  ,,PAULA ANDREA MONTOYA ZULUAGA
NEUROCIENCIAS BASICAS Y APLICADAS,Documentos de trabajo,Documento de trabajo (Working Paper),Elaboración carta descriptiva Seminario de línea II. Maestría en Intervenciones Psicosociales,2013,12,Fundación Universitaria Luis Amigó,                  ,,PAULA ANDREA MONTOYA ZULUAGA
NEUROCIENCIAS BASICAS Y APLICADAS,Documentos de trabajo,Documento de trabajo (Working Paper),Modulo virtual Generalidades de la Investigación,2013,53,Fundación Universitaria Luis Amigó, http://virtual.funlam.edu.co/login/index.php                 ,www.google.com.co/webhp?sourceid=chrome-instant&ion=1&espv=2&ie=UTF-8#q=generalidades+de+la+investigaci%C3%B3n+paula+montoya,PAULA ANDREA MONTOYA ZULUAGA
NEUROCIENCIAS BASICAS Y APLICADAS,Documentos de trabajo,Documento de trabajo (Working Paper),Elaboración carta descriptiva Seminario de línea I. Maestría en Intervenciones Psicosociales,2013,14,Fundación Universitaria Luis Amigó,                  ,,PAULA ANDREA MONTOYA ZULUAGA
NEUROCIENCIAS BASICAS Y APLICADAS,Documentos de trabajo,Documento de trabajo (Working Paper),Diseño y elaboración del programa Seminario de Investigación II. Maestría en Educación,2012,11,Universidad de Antioquia,                  ,,PAULA ANDREA MONTOYA ZULUAGA
NEUROCIENCIAS BASICAS Y APLICADAS,Documentos de trabajo,Documento de trabajo (Working Paper),Diseño y elaboración del programa Seminario de Investigación I. Maestría en Educación,2011,14,Universidad de Antioquia,                  ,,PAULA ANDREA MONTOYA ZULUAGA
GESNE,Documentos de trabajo,Documento de trabajo (Working Paper),Autoevaluación con fines de Acreditación,2017,385,Universidad Católica Luis Amigó, www.funlam.edu.co                 ,www.funlam.edu.co,MARTHA DEL SOCORRO ALZATE CARDENAS
GESNE,Documentos de trabajo,Documento de trabajo (Working Paper),Documento Maestro Renovación de Registro Calificado Programa Administración de Empresas Funlam,2017,327,Universidad Católica Luis Amigó, www.funlam.edu.co                 ,www.funlam.edu.co,MARTHA DEL SOCORRO ALZATE CARDENAS
GESNE,Documentos de trabajo,Documento de trabajo (Working Paper),Plan Estratégico a la Cámara de Comercio del Chocó,2014,0,Cámara de Comercio del Chocó, http://www.camarachoco.org.co/                 ,,"VICTORIA BLAQUISED RIVERA, LAURA ELENA ZAPATA JIMENEZ"
GESNE,Documentos de trabajo,Documento de trabajo (Working Paper),"La experiencia de formación en el Semillero de Investigación de Administración, Economía y Negocios Internacionales",2010,6,,                  ,,LUZ DOLLY LOPERA GARCIA
GESNE,Documentos de trabajo,Documento de trabajo (Working Paper),Diseño de propuesta de curso electivo para plan de estudios del programa de Administración de Empresas,2009,9,,                  ,,LUZ DOLLY LOPERA GARCIA
GESNE,Documentos de trabajo,Documento de trabajo (Working Paper),Propuesta de desarrollo alternativo-economía de solidaridad: emprendimientos solidarios y circuitos económicos solidarios,2009,0,,                  ,,LUZ DOLLY LOPERA GARCIA
GESNE,Documentos de trabajo,Documento de trabajo (Working Paper),Documento de conceptualización y fundamentación teórica sobre el tema de economías alternativas e identificación de ámbitos temáticos y problemáticos,2009,22,,                  ,,LUZ DOLLY LOPERA GARCIA
GESNE,Documentos de trabajo,Documento de trabajo (Working Paper),Gestión de la investigación : el semillero de investigación en Administración,2008,15,,                  ,,LUZ DOLLY LOPERA GARCIA
GESNE,Documentos de trabajo,Documento de trabajo (Working Paper),CONSTRUCCIÓN DE REFERENTES TEÓRICOS Y CONCEPTUALES PARA LA FUNDAMENTACIÓN DE LA LÍNEA DE INVESTIGACIÓN EN ECONOMÍA SOLIDARIA,2008,26,,                  ,,LUZ DOLLY LOPERA GARCIA
GESNE,Documentos de trabajo,Documento de trabajo (Working Paper),Propuesta formativa para realimentar el curriculo a partir de la revisión de resultados de las investigaciones realizadas por el grupo ECOSOL,2008,14,,                  ,,LUZ DOLLY LOPERA GARCIA
GESNE,Documentos de trabajo,Documento de trabajo (Working Paper),APORTES DE LA ECONOMÍA SOLIDARIA AL DESARROLLO LOCAL DEL NORTE DE ANTIOQUIA,2008,14,,                  ,,"LUZ DOLLY LOPERA GARCIA, GABRIEL POSADA"
GESNE,Documentos de trabajo,Documento de trabajo (Working Paper),Módulo economia solidaria y del trabajo,2008,80,Fundación Universitaria Luis Amigó, www.funlam.edu.co                 ,,HERNANDO EMILIO ZABALA SALAZAR
GESNE,Documentos de trabajo,Documento de trabajo (Working Paper),Módulo Gestion de empresas de economía solidaria,2008,0,Fundación Universitaria Luis Amigó, www.funlam.edu.co                 ,,HERNANDO EMILIO ZABALA SALAZAR
GESNE,Documentos de trabajo,Documento de trabajo (Working Paper),Lineamientos para el diseño de una propuesta de intervención que este en relación con las prácticas sociales de la economía solidaria y los procesos autogestionarios de las comunidades locales,2007,18,,                  ,,LUZ DOLLY LOPERA GARCIA
GESNE,Documentos de trabajo,Documento de trabajo (Working Paper),La Economía Solidaria como eje transversal en las áreas del curriculo,2005,1,Fundación Universitaria Luis Amigó, www.funlam.edu.co                 ,,"HERNANDO EMILIO ZABALA SALAZAR, LUZ DOLLY LOPERA GARCIA"
GESNE,Documentos de trabajo,Documento de trabajo (Working Paper),Antecedentes de la producción escritural sobre cooperativismo y economía solidaria en Colombia 1930-1960,2005,1,Fundación Universitaria Luis Amigó, www.funlam.edu.co                 ,,"HERNANDO EMILIO ZABALA SALAZAR, MARIO CADAVID FONNEGRA, OLGA LUCIA ARBOLEDA ALVAREZ"
GESNE,Documentos de trabajo,Documento de trabajo (Working Paper),La organización de economía solidaria: un modelo de gestión innovador,2005,1,,                  ,,"OLGA LUCIA ARBOLEDA ALVAREZ, CLARA INES ORREGO CORREA"
GESNE,Documentos de trabajo,Documento de trabajo (Working Paper),La línea de investigación en economía solidaria y sus articulaciones con la gerencia de servicios sociales,2005,1,,                  ,,OLGA LUCIA ARBOLEDA ALVAREZ
GESNE,Documentos de trabajo,Documento de trabajo (Working Paper),Módulo Gestión social de la economía solidaria,2005,1,Fundación Universitaria Luis Amigó, www.funlam.edu.co                 ,,"HERNANDO EMILIO ZABALA SALAZAR, LUZ DOLLY LOPERA GARCIA"
GESNE,Documentos de trabajo,Documento de trabajo (Working Paper),Pedagogias Solidarias,2005,11,,                  ,,LUZ DOLLY LOPERA GARCIA
GESNE,Documentos de trabajo,Documento de trabajo (Working Paper),El proceso de investigación social: métodologías y técnicas de investigación social. Lo cualitativo y lo cuantitativo,2002,6,,                  ,,"OLGA LUCIA ARBOLEDA ALVAREZ, SANTIAGO ALBERTO MORALES"
GESNE,Documentos de trabajo,Documento de trabajo (Working Paper),La investigación sobre Economía Solidaria en la Funlam: Desarrollo y Prospectiva,2002,7,,                  ,,"OLGA LUCIA ARBOLEDA ALVAREZ, LUZ DOLLY LOPERA GARCIA"
GESNE,Documentos de trabajo,Documento de trabajo (Working Paper),Del Dato Histórico a la Evidencia Histórica,2001,3,,                  ,,OLGA LUCIA ARBOLEDA ALVAREZ
GORAS,Documentos de trabajo,Documento de trabajo (Working Paper),Libro maestro de condiciones de calidad para el programa de Gastronomía,2018,225,Universidad Católica Luis Amigó,                  ,,SUGEY ELENA ANAYA GARCIA
GORAS,Documentos de trabajo,Documento de trabajo (Working Paper),Documento Maestro Especialización en Finanzas - distancia,2018,253,Construcción del documento maestro para la renovación del registro calificado de la especialización en finanzas modalidad distancia se obtuvo registro mediante resolución 000408 del 21 de enero de 2019 del MEN,                  ,,MAURICIO ALEJANDRO BEDOYA JIMENEZ
GORAS,Documentos de trabajo,Documento de trabajo (Working Paper),Documento Maestro Especialización en Finanzas - Presencial,2018,206,Construcción del documento maestro para la renovación del registro calificado de la especialización en fiannanzas modalidad presencial se obtuvo registro mediante resolución 001251 del 4 de febrero de 2019 del MEN,                  ,,MAURICIO ALEJANDRO BEDOYA JIMENEZ
GORAS,Documentos de trabajo,Documento de trabajo (Working Paper),"Creatividad y Flexibilidad Cognitiva en una Muestra de Reclusos Beneficiarios del Posacuerdo Colombiano en la Cárcel de Bellavista en Medellín, Colombia.",2018,1,"Nicolás Parra-Bolaños1  Juan Sebastián Benjumea-Garcés1 y Sindy Yuliana Gallego-Tavera2  1 Institución Universitaria Marco Fidel Suárez, Colombia 2 Corporación Universitaria Minuto de Dios, Colombia", https://neuropsychologylearning.com/revista/articulos-revista/                 ,https//neuropsychologylearning.com/wp-content/uploads/pdf/pdf-revista-vol1/revis-neuro-1-240118.pdf,SINDY YULIANA GALLEGO TAVERANA
GORAS,Documentos de trabajo,Documento de trabajo (Working Paper),Política Sistema de Gestión de la Seguridad y Salud en el trabajo (SG-SST),2015,23,Administración y Negocios Nutibara S.A.S  Fundación universitaria Luis Amigó, NA                 ,"NA",JORMARIS MARTINEZ GOMEZ NANA
GORAS,Documentos de trabajo,Documento de trabajo (Working Paper),Propuesta de linea de investigación conocimiento y competitividad organizacional,2010,34,Universidad Adventista de Colombia, www.unac.edu.co                 ,,CARLOS MARIO DURANGO YEPES
GORAS,Documentos de trabajo,Documento de trabajo (Working Paper),Aproximación a la Tipificación de la Administración,2009,1,, http://www.funlam.edu.co/                 ,,JOSE ENRIQUE ARIAS PEREZ
JURIDICAS Y SOCIALES,Documentos de trabajo,Documento de trabajo (Working Paper),"La responsabilidad internacional del Estado colombiano. Observaciones al cumplimiento de las sentencias en las cuales ha sido condenado por la Corte Interamericana de Derechos Humanos, en cuanto a la reparación integral de las víctimas",2019,60,Universidad Católica Luis Amigó, https://www.funlam.edu.co/                 ,,LAURA VICTORIA CARDENAS ROJAS
JURIDICAS Y SOCIALES,Documentos de trabajo,Documento de trabajo (Working Paper),Avance de investigación 1 (W.P.) Reflexiones sobre la crisis de la Política Criminal en Colombia,2019,9,Universidad Católica Luis Amigó,                  ,,LAURA VICTORIA CARDENAS ROJAS
JURIDICAS Y SOCIALES,Documentos de trabajo,Documento de trabajo (Working Paper),De subjetividades interpeladas a titularidades de derechos desplazadas. Una lectura crítica de las sentencias con equidad y construcciones de género de la Corte Constitucional colombiana,2019,137,Universidad Nacional de La Plata (Argentina), http://sedici.unlp.edu.ar/handle/10915/70958                 ,,JENNIFFER LONDONO JURADO
JURIDICAS Y SOCIALES,Documentos de trabajo,Documento de trabajo (Working Paper),Balance Desafíos y perspectivas sobre el feminicidio en Colombia,2018,10,Universidad de Caldas,                  ,,JENNIFFER LONDONO JURADO
JURIDICAS Y SOCIALES,Documentos de trabajo,Documento de trabajo (Working Paper),INFORME DE AUTOEVALUACIÓN CON FINES DE RENOVACIÓN DE LA ACREDITACIÓN,2015,236,Universidad Católica Luis Amigó Facultad de Derecho y Ciencias Políticas, https://www.funlam.edu.co/modules/ofertaacademica/item.php?itemid=6                 ,,JORGE IVAN GAVIRIA MESA
JURIDICAS Y SOCIALES,Documentos de trabajo,Documento de trabajo (Working Paper),Instituciones constitucionales sujetas a reforma en el marco del proceso de paz con las FARC-EP,2014,290,Fundación Universitaria Luis Amigó,                  ,,PAULO BERNARDO ARBOLEDA RAMIREZ
JURIDICAS Y SOCIALES,Documentos de trabajo,Documento de trabajo (Working Paper),ORALIDAD HERRAMIENTA DEL PROCESAMIENTO LABORAL Y DE LA SEGURIDAD SOCIAL EN COLOMBIA,2008,0,, https://docs.google.com/viewer?a=v&q=cache:NVTW6lXh-gkJ:revistas.pucp.edu.pe/index.php/derechoprocesal/article/download/2112/2047+&hl=es&gl=co&pid=bl&srcid=ADGEESivveNBI-PGKbo0Epi2LIxLooGnK8js54p0mdBQBrou3YOfj0Q_y6IzcVchBS-RpL0cuz9MFqCSC2Cu0umWmKuSEFfmQhlW13UOh_dzC149EFfMEPogAKqqo1dThNDv6xw2vwWG&sig                 ,,JOSE MAURICIO ARREDONDO DEL RIO
SISCO,Documentos de trabajo,Documento de trabajo (Working Paper),Quality Concepts of Learning Objects,2013,3,,                  ,,WALTER HUGO ARBOLEDA MAZO
SISCO,Documentos de trabajo,Documento de trabajo (Working Paper),Design of a MOOC on Software Engineering Learning,2013,8,,                  ,,WALTER HUGO ARBOLEDA MAZO
SISCO,Documentos de trabajo,Documento de trabajo (Working Paper),Estado del arte de la Ingeniería de Software para Desarrollar Objetos de Aprendizaje,2011,0,,                  ,,EDGAR SERNA M
SISCO,Documentos de trabajo,Documento de trabajo (Working Paper),Informe de avance de proyecto de investigación,2011,0,,                  ,,EDGAR SERNA M
SISCO,Documentos de trabajo,Documento de trabajo (Working Paper),Modelo de madurez de la gestión del conocimiento de corte interpretativo,2010,16,,                  ,,EDGAR SERNA M
SISCO,Documentos de trabajo,Documento de trabajo (Working Paper),Analisis a los indicadores de autoevaluacion de la Facultad de Ingenierias,2010,25,,                  ,,"EDGAR SERNA M, JOSE EUCARIO PARRA CASTRILLON, PAULA ANDREA TAMAYO OSORIO, LUIS FERNANDO VARGAS CANO"
SISCO,Documentos de trabajo,Documento de trabajo (Working Paper),"Estructuracion de la linea de investigacion ""Sistemas de informacion y sociedad del conocimiento""",2010,89,,                  ,,EDGAR SERNA M
SISCO,Documentos de trabajo,Documento de trabajo (Working Paper),Proyecto Educativo del Programa de Ingeniería de Sistemas de la FUNLAM,2009,58,,                  ,,LUIS FERNANDO VARGAS CANO
SISCO,Documentos de trabajo,Documento de trabajo (Working Paper),Estructura curricular programa Ingenieria de Sistemas,2009,1,,                  ,,"EDGAR SERNA M, JOSE EUCARIO PARRA CASTRILLON, LUIS FERNANDO VARGAS CANO"
SISCO,Documentos de trabajo,Documento de trabajo (Working Paper),Indicadores sociales de ciencia y tecnología de la Fundación Universitaria Luis Amigó,2009,9,,                  ,,EDGAR SERNA M
SISCO,Documentos de trabajo,Documento de trabajo (Working Paper),Documento de Autoevaluación con Fines de Acreditación del programa de Ingeniería de Sistemas de la FUNLAM,2009,132,,                  ,,LUIS FERNANDO VARGAS CANO
SISCO,Documentos de trabajo,Documento de trabajo (Working Paper),"Informe de la revisión documental y discusión alrededor de las categorías producción científica, ciencia, tecnología e innovación",2009,22,,                  ,,EDGAR SERNA M
SISCO,Documentos de trabajo,Documento de trabajo (Working Paper),Actualización de la Estructura Curricular para el Programa de Ingeniería de Sistemas de la FUNLAM,2009,45,,                  ,,LUIS FERNANDO VARGAS CANO
SISCO,Documentos de trabajo,Documento de trabajo (Working Paper),Carta descriptiva de la materia Matematica Discreta,2009,8,,                  ,,EDGAR SERNA M
SISCO,Documentos de trabajo,Documento de trabajo (Working Paper),Propuesta para la implementacion del departamento de ciencias basicas en la Funlam,2009,120,,                  ,,EDGAR SERNA M
SISCO,Documentos de trabajo,Documento de trabajo (Working Paper),"Analisis a la interdisciplinaridad de Educacion, Comunicacion Social e Ingenieria de Sistemas",2009,28,,                  ,,LUIS FERNANDO VARGAS CANO
SISCO,Documentos de trabajo,Documento de trabajo (Working Paper),"Diseño de la propuesta curricular de las áreas de Algoritmos y Lógica de Programación, Matemáticas Discretas y Matemáticas Aplicadas",2009,23,,                  ,,JOSE EUCARIO PARRA CASTRILLON
SISCO,Documentos de trabajo,Documento de trabajo (Working Paper),"Propuesta para estructurar, disenar y publicar una Revista Digital",2009,43,,                  ,,"EDGAR SERNA M, LUIS FERNANDO VARGAS CANO"
SISCO,Documentos de trabajo,Documento de trabajo (Working Paper),"Analisis al aporte de la tecnologia, la ciencia y la innovacion a un programa universitario de investigacion",2009,23,,                  ,,EDGAR SERNA M
SISCO,Documentos de trabajo,Documento de trabajo (Working Paper),Cómo leer acerca de ciencia,2009,2,,                  ,,EDGAR SERNA M
SISCO,Documentos de trabajo,Documento de trabajo (Working Paper),El estado del arte la relacion entre los tres programas,2009,25,,                  ,,LUIS FERNANDO VARGAS CANO
SISCO,Documentos de trabajo,Documento de trabajo (Working Paper),Presentacion de la Revista Digital Lámpsakos a la comunidad universitaria,2009,4,,                  ,,LUIS FERNANDO VARGAS CANO
SISCO,Documentos de trabajo,Documento de trabajo (Working Paper),Cartas Descriptivas para los Cursos de la nueva Estructura Curricular del Programa de Ingeniería de Sistemas de la FUNLAM,2009,98,,                  ,,LUIS FERNANDO VARGAS CANO
SISCO,Documentos de trabajo,Documento de trabajo (Working Paper),Documento de Registro Calificado para la Renovación del Programa de Ingeniería de Sistemas de la FUNLAM,2009,257,,                  ,,LUIS FERNANDO VARGAS CANO
SISCO,Documentos de trabajo,Documento de trabajo (Working Paper),Analisis del producto final de los ciclos propedeuticos en las facultades de ingenieria en Antioquia,2008,1,,                  ,,WALTER HUGO ARBOLEDA MAZO
SISCO,Documentos de trabajo,Documento de trabajo (Working Paper),La Administración de Proyectos,2008,1,,                  ,,WALTER HUGO ARBOLEDA MAZO
SISCO,Documentos de trabajo,Documento de trabajo (Working Paper),Algoritmos Inteligentes y Metodos de Busqueda,2008,1,,                  ,,WALTER HUGO ARBOLEDA MAZO
SISCO,Documentos de trabajo,Documento de trabajo (Working Paper),UML y OMT Metodologías Orientadas a Objetos,2008,1,,                  ,,WALTER HUGO ARBOLEDA MAZO
SISCO,Documentos de trabajo,Documento de trabajo (Working Paper),El Poder del Solver,2007,1,,                  ,,WALTER HUGO ARBOLEDA MAZO
SISCO,Documentos de trabajo,Documento de trabajo (Working Paper),Monitoreo y Control Satelital,2006,1,,                  ,,WALTER HUGO ARBOLEDA MAZO
