grupo,categoria,Tipo_generacion,Titulo,Ano,Pais,Idioma,Medio_divulgacion,Sitio_web,Emisora,Instituciones_participantes,Autores
CONTAS,Generación de Contenido Multimedia,Otro,Conferencia entidades del régimen tributario especial,2018, Colombia,Español,Electrónico,//www.youtube.com/watch?v=gMEIeeufm7I&t=112s,Universidad Catolica Luis Amigó,Universidad Catolica Luis Amigó,MARIA VICTORIA AGUDELO VARGAS
CONTAS,Generación de Contenido Multimedia,Otro,Defensa pública de tesis doctoral,2017, Venezuela,Español,Electrónico,//www.youtube.com/watch?v=8_7Dzbqejhg,Universidad de los Andes,Universidad de los Andes,MARIA VICTORIA AGUDELO VARGAS
FILOSOFIA Y TEOLOGIA CRITICA,Generación de Contenido Multimedia,Otro,Filosofía de la cultura,2019, Colombia,Español,Electrónico,,Fundación universitaria Cátolica del norte,Fundación universitaria Cátolica del norte,ANDRES FELIPE AGUDELO ZORRILLA
FILOSOFIA Y TEOLOGIA CRITICA,Generación de Contenido Multimedia,Otro,Antropología filosófica,2019, Colombia,Español,Electrónico,,Fundación universitaria Cátolica del norte,Fundación universitaria Cátolica del norte,ANDRES FELIPE AGUDELO ZORRILLA
FILOSOFIA Y TEOLOGIA CRITICA,Generación de Contenido Multimedia,Entrevista,Hora de Consultar 2018 Grupo de investigación Filosofía y Teología crítica,2017, Colombia,Español,Electrónico,//youtu.be/rjVR6QCqySU,Universidad Católica Luis Amigó,Universidad Católica Luis Amigó,DAVID ESTEBAN ZULUAGA MESA
FILOSOFIA Y TEOLOGIA CRITICA,Generación de Contenido Multimedia,Otro,Escuela de Formación a Distancia Didajé. Módulo Mariano: Santa María la Virgen. No. 11,2009, Colombia,Español,Electrónico,//www.minutodediosmed.org/tierra%20nueva/Didajemd.htm,Emisora Minuto de Dios,,JANNETH MUNOZ RENDON
FILOSOFIA Y TEOLOGIA CRITICA,Generación de Contenido Multimedia,Otro,Escuela de Formación a Distancia Didajé. Módulo Mariano: Santa María la Virgen. No. 17,2008, Colombia,Español,Electrónico,//www.minutodediosmed.org/tierra%20nueva/Didajemd.htm,Minuto de Dios,,JANNETH MUNOZ RENDON
FILOSOFIA Y TEOLOGIA CRITICA,Generación de Contenido Multimedia,Otro,Escuela de Formación a Distancia Didajé. Módulo Mariano: Santa María la Virgen. No. 19,2008, Colombia,Español,Electrónico,//www.minutodediosmed.org/tierra%20nueva/Didajemd.htm,Emisora Minuto de Dios,,JANNETH MUNOZ RENDON
FILOSOFIA Y TEOLOGIA CRITICA,Generación de Contenido Multimedia,Otro,Escuela de Formación a Distancia Didajé. Módulo Mariano: Santa María la Virgen. No. 21,2008, Colombia,Español,Electrónico,//www.minutodediosmed.org/tierra%20nueva/Didajemd.htm,Emisora Minuto de Dios,,JANNETH MUNOZ RENDON
FILOSOFIA Y TEOLOGIA CRITICA,Generación de Contenido Multimedia,Otro,Escuela de Formación a Distancia Didajé. Módulo Mariano: Santa María la Virgen. No. 20,2008, Colombia,Español,Electrónico,//www.minutodediosmed.org/tierra%20nueva/Didajemd.htm,Emisora Minuto de Dios,,JANNETH MUNOZ RENDON
FILOSOFIA Y TEOLOGIA CRITICA,Generación de Contenido Multimedia,Otro,Escuela de Formación a Distancia Didajé. Módulo Mariano: Santa María la Virgen. No. 14,2008, Colombia,Español,Electrónico,//www.minutodediosmed.org/tierra%20nueva/Didajemd.htm,Emisora Minuto de Dios,,JANNETH MUNOZ RENDON
FILOSOFIA Y TEOLOGIA CRITICA,Generación de Contenido Multimedia,Otro,Escuela de Formación a Distancia Didajé. Módulo Mariano: Santa María la Virgen. No. 18,2008, Colombia,Español,Electrónico,//www.minutodediosmed.org/tierra%20nueva/Didajemd.htm,Minuto de Dios,,JANNETH MUNOZ RENDON
FILOSOFIA Y TEOLOGIA CRITICA,Generación de Contenido Multimedia,Otro,Escuela de Formación a Distancia Didajé. Módulo Mariano: Santa María la Virgen. No. 16,2008, Colombia,Español,Electrónico,//www.minutodediosmed.org/tierra%20nueva/Didajemd.htm,Minuto de Dios,,JANNETH MUNOZ RENDON
FILOSOFIA Y TEOLOGIA CRITICA,Generación de Contenido Multimedia,Otro,Escuela de Formación a Distancia Didajé. Módulo Mariano: Santa María la Virgen. No. 15,2008, Colombia,Español,Electrónico,//www.minutodediosmed.org/tierra%20nueva/Didajemd.htm,Emisora Minuto de Dios,,JANNETH MUNOZ RENDON
FILOSOFIA Y TEOLOGIA CRITICA,Generación de Contenido Multimedia,Otro,Escuela de Formación a Distancia Didajé. Módulo Mariano: Santa María la Virgen. No. 13,2008, Colombia,Español,Electrónico,//www.minutodediosmed.org/tierra%20nueva/Didajemd.htm,Minuto de Dios,,JANNETH MUNOZ RENDON
FILOSOFIA Y TEOLOGIA CRITICA,Generación de Contenido Multimedia,Otro,Escuela de Formación a Distancia Didajé. Módulo Mariano: Santa María la Virgen. No. 8,2008, Colombia,Español,Electrónico,//www.minutodediosmed.org/tierra%20nueva/Didajemd.htm,Minuto de Dios,,JANNETH MUNOZ RENDON
FILOSOFIA Y TEOLOGIA CRITICA,Generación de Contenido Multimedia,Otro,Escuela de Formación a Distancia Didajé. Módulo Mariano: Santa María la Virgen. No. 9,2008, Colombia,Español,Electrónico,//www.minutodediosmed.org/tierra%20nueva/Didajemd.htm,Emisora Minuto de Dios,,JANNETH MUNOZ RENDON
FILOSOFIA Y TEOLOGIA CRITICA,Generación de Contenido Multimedia,Otro,Escuela de Formación a Distancia Didajé. Módulo Mariano: Santa María la Virgen. No. 10,2008, Colombia,Español,Electrónico,//www.minutodediosmed.org/tierra%20nueva/Didajemd.htm,Emisora Minuto de Dios,,JANNETH MUNOZ RENDON
FILOSOFIA Y TEOLOGIA CRITICA,Generación de Contenido Multimedia,Otro,Escuela de Formación a Distancia Didajé. Módulo Mariano: Santa María la Virgen. No. 12,2008, Colombia,Español,Electrónico,//www.minutodediosmed.org/tierra%20nueva/Didajemd.htm,Emisora Minuto de Dios,,JANNETH MUNOZ RENDON
FILOSOFIA Y TEOLOGIA CRITICA,Generación de Contenido Multimedia,Otro,Escuela de Formación a Distancia Didajé. Módulo Mariano: Santa María la Virgen. No. 7,2008, Colombia,Español,Electrónico,//www.minutodediosmed.org/tierra%20nueva/Didajemd.htm,Minuto de Dios,,JANNETH MUNOZ RENDON
FILOSOFIA Y TEOLOGIA CRITICA,Generación de Contenido Multimedia,Otro,Escuela de Formación a Distancia Didajé. Módulo Mariano: Santa María la Virgen. No. 6,2008, Colombia,Español,Electrónico,//www.minutodediosmed.org/tierra%20nueva/Didajemd.htm,Emisora Minuto de Dios,,JANNETH MUNOZ RENDON
FILOSOFIA Y TEOLOGIA CRITICA,Generación de Contenido Multimedia,Otro,Escuela de Formación a Distancia Didajé. Módulo Mariano: Santa María la Virgen. No. 5,2008, Colombia,Español,Electrónico,//www.minutodediosmed.org/tierra%20nueva/Didajemd.htm,Emisora Minuto de Dios,,JANNETH MUNOZ RENDON
FILOSOFIA Y TEOLOGIA CRITICA,Generación de Contenido Multimedia,Otro,Escuela de Formación a Distancia Didajé. Módulo Mariano: Santa María la Virgen. No. 4,2008, Colombia,Español,Electrónico,//www.minutodediosmed.org/tierra%20nueva/Didajemd.htm,Emisora Minuto de Dios,,JANNETH MUNOZ RENDON
FILOSOFIA Y TEOLOGIA CRITICA,Generación de Contenido Multimedia,Otro,Escuela de Formación a Distancia Didajé. Módulo Mariano: Santa María la Virgen. No. 3,2008, Colombia,Español,Electrónico,//www.minutodediosmed.org/tierra%20nueva/Didajemd.htm,Emisora minuto de Dios,,JANNETH MUNOZ RENDON
FILOSOFIA Y TEOLOGIA CRITICA,Generación de Contenido Multimedia,Otro,"Escuela de Formación a Distancia Didajé. Módulo Mariano: Santa María la Virgen. No.1. Tema: ""María Inmaculada"".",2008, Colombia,Español,Electrónico,//www.minutodediosmed.org/tierra%20nueva/Didajemd.htm,Emisora Minuto de Dios,,JANNETH MUNOZ RENDON
FILOSOFIA Y TEOLOGIA CRITICA,Generación de Contenido Multimedia,Otro,"Escuela de Formación a Distancia Didajé. Módulo Mariano: Santa María la Virgen. No. 2. Tema: ""María Inmaculada""",2008, Colombia,Español,Electrónico,//www.minutodediosmed.org/tierra%20nueva/Didajemd.htm,Emisora Minuto de Dios,,JANNETH MUNOZ RENDON
URBANITAS,Generación de Contenido Multimedia,Otro,Marketing digital en las empresas pymes de Aburrá Sur,2020, Colombia,Español,Electrónico,//alponiente.com/marketing-digital-en-las-empresas-pymes-de-aburra-sur/,Al Poniente,Universidad Católica Luis Amigó y La Cámara de Comercio Aburrá Sur,CARLOS ANDRES TREJOS GIL
URBANITAS,Generación de Contenido Multimedia,Entrevista,Visualización del proceso académico de formación en tiempo real. Desarrollo de una App,2018, Colombia,Español,Electrónico,//telemedellin.tv/programas/tiempo-fuera/,Telemedellín,Universidad Católica Luis Amigó,CARLOS ANDRES TREJOS GIL
URBANITAS,Generación de Contenido Multimedia,Otro,Tecnología y Fe,2018, Colombia,Español,Electrónico,//audio.vivecontic.org/,Emisora Vida AM,Universidad Católica Luis Amigó,JHOEEN SNEYDER ROJAS DIAZ
URBANITAS,Generación de Contenido Multimedia,Entrevista,"Programa de Televisión: ""En Rojo y Negro"", Comunicación y tecnología",2015, Colombia,Español,,"//www.upb.edu.co/portal/page?_pageid=1054,52477264&_dad=portal&_schema=PORTAL",CPA - UPB,"Universidad Pontificia Bolivariana, Funlam","EDWIN ANDRES SEPULVEDA CARDONA, CARLOS SUAREZ QUICENO"
URBANITAS,Generación de Contenido Multimedia,Mesa redonda,Transmisión en vivo desde la novena Fiesta del Libro y la Cultura de Medellín,2015, Colombia,Español,Electrónico,//bibliolabs.cc/radio/,Sistema de Bibliotecas Públicas de Medellín,"Alcaldía de Medellín, Sistema de Bibliotecas Públicas de Medellín, Fiesta del Libro y la Cultura de Medellín, Funlam","EDWIN ANDRES SEPULVEDA CARDONA, CARLOS SUAREZ QUICENO"
URBANITAS,Generación de Contenido Multimedia,Mesa redonda,Transmisión en vivo desde la 9na Fiesta del Libro y la Cultura de Medellín,2015, Colombia,Español,Electrónico,//bibliolabs.cc/radio,Sistema de Bibliotecas Públicas de Medellín,"Alcaldía de Medellín, Sistema de Bibliotecas Públicas de Medellín, Fiesta del libro y la Cultura de Medellín, Funlam","CARLOS SUAREZ QUICENO, EDWIN ANDRES SEPULVEDA CARDONA"
URBANITAS,Generación de Contenido Multimedia,Otro,Video educativo para la prevención del suicidio en el escenario escolar,2012, Colombia,Español,Electrónico,//www.youtube.com/watch?v=_CkIKPN9B6U,,"Colciencias, Universidad San Buenaventura y Universidad Católica Luis Amigó. Mención especial y estatuilla IAMS otorgadas por la Universidad Nacional de Colombia, la Muestra Internacional de Cine y Video Científico y de Investigación DOCUMEN ¿ TALES y la International Association for Media in Scienc",PAOLO ANTONIO VILLALBA STORTI
URBANITAS,Generación de Contenido Multimedia,Entrevista,1230 AM Noticias Magazín,2011, Colombia,Español,,//www.minutodediosmed.org/emisora/emisora.htm,Emisora Minuto de Dios,Fundación Universitaria Luis Amigó - Facultad de Comunicación Social y Publicidad,ANCIZAR VARGAS LEON
FARMACODEPENDENCIA Y OTRAS ADICCIONES,Generación de Contenido Multimedia,Entrevista,Suicidio en estudiantes universitarios,2019, Colombia,Español,Papel,//www.youtube.be/mJNmauOtlMQ,Telemedellín,ITM,LEIDY TATIANA CASTANEDA QUIRAMA
FARMACODEPENDENCIA Y OTRAS ADICCIONES,Generación de Contenido Multimedia,Entrevista,Fobias: reales y tratables,2017, Colombia,Español,Electrónico,//www.youtube.com/watch?v=RvZE3V0NvnY,TELEMEDELLÍN,UNIVERSIDAD CATÓLICA LUIS AMIGÓ,LEIDY TATIANA CASTANEDA QUIRAMA
FARMACODEPENDENCIA Y OTRAS ADICCIONES,Generación de Contenido Multimedia,Entrevista,Temor a estar sin celular ¿ Nomofobia,2017, Colombia,Español,Electrónico,//telemedellin.tv/,Telemedellín,Universidad Católica Luis Amigó,SANDRA MILENA RESTREPO ESCOBAR
FARMACODEPENDENCIA Y OTRAS ADICCIONES,Generación de Contenido Multimedia,Entrevista,Rupturas amorosas por redes sociales,2016, Colombia,Español,Electrónico,//tucanaltvn.com/website/senal-en-vivo/,Canal TVN- Bello,Fundación Universitaria Luis Amigó,SANDRA MILENA RESTREPO ESCOBAR
FARMACODEPENDENCIA Y OTRAS ADICCIONES,Generación de Contenido Multimedia,Entrevista,Ciclo familiar,2016, Colombia,Español,Electrónico,//tucanaltvn.com/website/senal-en-vivo/,Canal TVN- Bello,Fundación Universitaria Luis Amigó,SANDRA MILENA RESTREPO ESCOBAR
FARMACODEPENDENCIA Y OTRAS ADICCIONES,Generación de Contenido Multimedia,Entrevista,El barrismo,2016, Colombia,Español,Electrónico,//tucanaltvn.com/website/senal-en-vivo/,Canal TVN- Bello,Fundación Universitaria Luis Amigó,SANDRA MILENA RESTREPO ESCOBAR
FARMACODEPENDENCIA Y OTRAS ADICCIONES,Generación de Contenido Multimedia,Entrevista,El cutting,2016, Colombia,Español,Electrónico,//tucanaltvn.com/website/senal-en-vivo/,Canal TVN- Bello,Fundación Universitaria Luis Amigó,SANDRA MILENA RESTREPO ESCOBAR
FARMACODEPENDENCIA Y OTRAS ADICCIONES,Generación de Contenido Multimedia,Entrevista,Enfermedades Mentales,2016, Colombia,Español,Electrónico,//tucanaltvn.com/website/senal-en-vivo/,Canal TVN- Bello,Fundación Universitaria Luis Amigó,SANDRA MILENA RESTREPO ESCOBAR
FARMACODEPENDENCIA Y OTRAS ADICCIONES,Generación de Contenido Multimedia,Entrevista,Identidades Juveniles: Otakus y Emos,2016, Colombia,Español,Electrónico,//tucanaltvn.com/website/senal-en-vivo/,Canal TVN- Bello,Fundación Universitaria Luis Amigó,SANDRA MILENA RESTREPO ESCOBAR
FARMACODEPENDENCIA Y OTRAS ADICCIONES,Generación de Contenido Multimedia,Entrevista,Miedos e inseguridades,2016, Colombia,Español,Electrónico,//tucanaltvn.com/website/senal-en-vivo/,Canal TVN- Bello,Fundación Universitaria Luis Amigó,SANDRA MILENA RESTREPO ESCOBAR
FARMACODEPENDENCIA Y OTRAS ADICCIONES,Generación de Contenido Multimedia,Entrevista,Identidades Juveniles: Rastafaris y Punks,2016, Colombia,Español,Electrónico,//tucanaltvn.com/website/senal-en-vivo/,Canal TVN- Bello,Fundación Universitaria Luis Amigó,SANDRA MILENA RESTREPO ESCOBAR
FARMACODEPENDENCIA Y OTRAS ADICCIONES,Generación de Contenido Multimedia,Entrevista,Política pública de Familia,2016, Colombia,Español,Electrónico,//tucanaltvn.com/website/senal-en-vivo/,Canal TVN- Bello,Fundación Universitaria Luis Amigó,SANDRA MILENA RESTREPO ESCOBAR
FARMACODEPENDENCIA Y OTRAS ADICCIONES,Generación de Contenido Multimedia,Entrevista,El arte como fuente de creatividad,2016, Colombia,Español,Electrónico,//tucanaltvn.com/website/senal-en-vivo/,Canal TVN- Bello,Fundación Universitaria Luis Amigó,SANDRA MILENA RESTREPO ESCOBAR
FARMACODEPENDENCIA Y OTRAS ADICCIONES,Generación de Contenido Multimedia,Entrevista,Las Fobias,2016, Colombia,Español,Electrónico,//tucanaltvn.com/website/senal-en-vivo/,Canal TVN- Bello,Fundación Universitaria Luis Amigó,SANDRA MILENA RESTREPO ESCOBAR
FARMACODEPENDENCIA Y OTRAS ADICCIONES,Generación de Contenido Multimedia,Entrevista,La farmacodependencia,2016, Colombia,Español,Electrónico,//tucanaltvn.com/website/senal-en-vivo/,Canal TVN- Bello,Fundación Universitaria Luis Amigó,SANDRA MILENA RESTREPO ESCOBAR
FARMACODEPENDENCIA Y OTRAS ADICCIONES,Generación de Contenido Multimedia,Comentario,"FACTORES PROTECTORES Y ALTERNATIVAS PREVENTIVAS EN LUDOPATÍA, MEDELLÍN 2007",2008, Colombia,Español,,,Emisora Caracol Radio,,MARIA ADELAIDA STORTI CALDERON
FARMACODEPENDENCIA Y OTRAS ADICCIONES,Generación de Contenido Multimedia,Comentario,"FACTORES PROTECTORES Y ALTERNATIVAS PREVENTIVAS EN LUDOPATÍA, MEDELLÍN 2007",2007, Colombia,Español,,,Carisma-Una ventana a la vida,,MARIA ADELAIDA STORTI CALDERON
FARMACODEPENDENCIA Y OTRAS ADICCIONES,Generación de Contenido Multimedia,Entrevista,Consumo de Drogas en Latinoamerica y Programas de Prevencion,2000, Estados Unidos,Español,,,Hisapnic radio Network,,GUILLERMO ALONSO CASTANO PEREZ
ESTUDIOS DE FENOMENOS PSICOSOCIALES,Generación de Contenido Multimedia,Mesa redonda,"Programa Radial ""Hablemos del suicidio"".",2019, Colombia,Español,,//www.solovidafundacion.org,Emisora Verdad y Vida Radio,"Emisora Verdad y Vida Radio, 870AM","JOHN JAIRO GARCIA PENA, JHOEEN SNEYDER ROJAS DIAZ, MARCOS FIDEL VEGA SENA, GLORIA CECILIA CARDONA RIOS, ELIZA KRATC GIL, ANGEL AUGUSTO VIZCAYA CASTILLO, OMAR AUGUSTO AMADOR SANCHEZ, SANDRA ISABEL MEJIA ZAPATA"
ESTUDIOS DE FENOMENOS PSICOSOCIALES,Generación de Contenido Multimedia,Entrevista,LA EDUCACIÓN INCLUSIVA EN LA UNIVERSIDAD CATÓLICA LUIS AMIGÓ,2019, Colombia,Español,Electrónico,//www.youtube.com/watch?v=SS03Uqdt0J8,Universidad Católica Luis Amigó,Universidad Católica Luis Amigó,"MARTHA DEL SOCORRO ALZATE CARDENAS, SANDRA ISABEL MEJIA ZAPATA"
ESTUDIOS DE FENOMENOS PSICOSOCIALES,Generación de Contenido Multimedia,Entrevista,Programa televisivo Estrategias orientadas para la prevención del suicidio.,2019, Colombia,Español,,,Oficina de Comunicaciones de la Unión,"Oficina de Comunicaciones de la Unión, Antioquia.","JOHN JAIRO GARCIA PENA, OMAR AUGUSTO AMADOR SANCHEZ, MARCOS FIDEL VEGA SENA, GLORIA CECILIA CARDONA RIOS, ELIZA KRATC GIL, SANDRA ISABEL MEJIA ZAPATA, JHOEEN SNEYDER ROJAS DIAZ"
ESTUDIOS DE FENOMENOS PSICOSOCIALES,Generación de Contenido Multimedia,Otro,Pensamiento situado en recuperar la tierra para recuperarlo todo,2019, Colombia,Español,,,Seminario Permanente,"Universidad Católica Luis Amigó - Resguardo de Guambia, Cauca. Universidad de Manizales","JOHN HARVY ARCIA GRAJALES, CAROLINA GALLEGO, JOHNNY ANDRES CALDERON MENDEZ"
ESTUDIOS DE FENOMENOS PSICOSOCIALES,Generación de Contenido Multimedia,Otro,Pimeras tesis de psicopatología y formas clínicas en Colombia,2019, Colombia,Español,Papel,//www.youtube.com/watch?v=hKJznsFohBY&t=5s,Universidad de Antioquia,Universidad de Antioquia,JAIRO GUTIERREZ AVENDANO
ESTUDIOS DE FENOMENOS PSICOSOCIALES,Generación de Contenido Multimedia,Entrevista,Programa de Televisión: Comportamiento Suicida.,2018, Colombia,Español,Electrónico,//www.youtube.com/watch?v=P2Ag7KDSO90,AUPAN Televisión.,AUPAN Televisión - Universidad Católica Luis Amigó.,"JOHN JAIRO GARCIA PENA, SANDRA ISABEL MEJIA ZAPATA"
ESTUDIOS DE FENOMENOS PSICOSOCIALES,Generación de Contenido Multimedia,Otro,Desencuentros entre Ley y Agro en el Valle de San Nicolás,2016, Colombia,Español,Electrónico,//www.youtube.com/watch?v=yRFN1FZUovY&t=263s,Universidad Católica Luis Amigó,"Universidad Católica Luis Amigó, Auralac, ASPHOR, Asofrutas",SONIA NATALIA COGOLLO OSPINA
ESTUDIOS DE FENOMENOS PSICOSOCIALES,Generación de Contenido Multimedia,Otro,"Conferencia ""Copie y pegue: plagio y fraude en la escritura académica. Reflexiones para estudiantes""",2015, Colombia,Español,Electrónico,//www.youtube.com/watch?v=wkKW7HvZBos,Universidad Católica Luis Amigó,Universidad Católica Luis Amigó,SONIA NATALIA COGOLLO OSPINA
ESTUDIOS DE FENOMENOS PSICOSOCIALES,Generación de Contenido Multimedia,Entrevista,"Video colgado en You Tube ""Video Prevención del suicidio en el escenario escolar""",2012, Colombia,Español,Papel,//www.youtube.com/watch?v=nPze08ik3Ng,Canal Funlam,"Fundación Universitaria Luis Amigó, Universidad de San Buenaventura y Colciencias",JAIME ALBERTO CARMONA PARRA
ESTUDIOS DE FENOMENOS PSICOSOCIALES,Generación de Contenido Multimedia,Entrevista,Video en You Tube Mitos acerca del suicidio en niños y adolecentes (Parte 02).avi,2012, Colombia,Español,Electrónico,//www.youtube.com/watch?v=TpW8A8YzwoI,Canal Funlam,"Fundación Universitaria Luis Amigó, Universidad de San Buenaventura y Colciencias",JAIME ALBERTO CARMONA PARRA
ESTUDIOS DE FENOMENOS PSICOSOCIALES,Generación de Contenido Multimedia,Otro,Video en  You Tube Mitos acerca del suicidio en niños y adolescentes (Parte 01) 3.280 visualizaciones,2010, Colombia,Español,Electrónico,//www.youtube.com/watch?v=nPze08ik3Ng,YouTube,"Fundación Universitaria Luis Amigó, Universidad de San Buenaventura y Colciencias","JAIME ALBERTO CARMONA PARRA, ANCIZAR VARGAS LEON, JOHN FELIPE TOBON HOYOS, JUAN CARLOS  JARAMILLO ESTRADA, PAOLO VILLALBA STORTI, YULIANA  AREIZA"
FAMILIA DESARROLLO Y CALIDAD DE VIDA,Generación de Contenido Multimedia,Entrevista,"Programa radial Pensemos en Familia. La disciplina del desarrollo familiar colombiano. Un diálogo entre conocimiento científico, intervención y acompañamiento familiar",2018, Colombia,Español,Electrónico,//co.ivoox.com/es/podcast-pensemos-familia_sq_f1391303_1.html,Universidad Pontificia Bolivariana-Emisora,Universidad Pontificia Bolivariana - Universidad Católica Luis Amigó,"GERMAN DARIO HERRERA SARAY, ALEXANDER RODRIGUEZ BUSTAMANTE, LUZ MARIA LOPEZ MONTANO, EDISON FRANCISCO VIVEROS CHAVARRIA"
FAMILIA DESARROLLO Y CALIDAD DE VIDA,Generación de Contenido Multimedia,Comentario,La familia como una empresa,2018, Colombia,Español,Electrónico,//www.teleantioquia.co/programas/teleantioquia-dulce-hogar/,Teleantioquia,,LEDY MARYORY  BEDOYA  CARDONA
FAMILIA DESARROLLO Y CALIDAD DE VIDA,Generación de Contenido Multimedia,Entrevista,"Comunicación, clave contra la ansiedad",2017, Colombia,Español,Electrónico,//www.elmundo.com/noticia/Comunicacion-clave-contra-la-ansiedad-/50082,EL MUNDO.COM,Periódico EL MUNDO - Universidad Católica Luis Amigó,ALEXANDER RODRIGUEZ BUSTAMANTE
FAMILIA DESARROLLO Y CALIDAD DE VIDA,Generación de Contenido Multimedia,Entrevista,Que el regreso a clases no sea traumático,2017, Colombia,Español,Electrónico,//www.elmundo.com/noticia/Que-el-regreso-a-clases-no-sea-traumatico/44368,Periódico El Mundo,Universidad Católica Luis Amigó,ALEXANDER RODRIGUEZ BUSTAMANTE
FAMILIA DESARROLLO Y CALIDAD DE VIDA,Generación de Contenido Multimedia,Entrevista,¿Qué regalar a tus niños en Navidad?,2016, Colombia,Español,Electrónico,//www.elmundo.com/portal/vida/estilos_de_vida/que_regalar_a_tus_ninios_en_navidad.php#.WFLhdVPhAdW,Periódico El Mundo,Universidad Católica Luis Amigó,ALEXANDER RODRIGUEZ BUSTAMANTE
FAMILIA DESARROLLO Y CALIDAD DE VIDA,Generación de Contenido Multimedia,Entrevista,"Configuración identitaria en jóvenes que vivieron en su infancia la desaparición forzada de un familiar, en el marco del conflicto armado Colombiano",2016, Colombia,Español,Electrónico,//www.radiobolivarianavirtual.com/medellin-colombia/programacion.php?id_pagina=16&volver=,Radio Bolivariana,Fundación Universitaria Luis Amigó,ALEXANDER RODRIGUEZ BUSTAMANTE
FAMILIA DESARROLLO Y CALIDAD DE VIDA,Generación de Contenido Multimedia,Entrevista,Volverse a enamorar,2012, Colombia,Español,Electrónico,//www.lifedesigntv.com/,Canal Life Design TV,,ALEXANDER RODRIGUEZ BUSTAMANTE
FAMILIA DESARROLLO Y CALIDAD DE VIDA,Generación de Contenido Multimedia,Entrevista,El propósito del matrimonio,2012, Colombia,Español,Electrónico,//www.lifedesigntv.com/,Canal Life Design TV,,ALEXANDER RODRIGUEZ BUSTAMANTE
FAMILIA DESARROLLO Y CALIDAD DE VIDA,Generación de Contenido Multimedia,Entrevista,Amor para siempre,2012, Colombia,Español,Electrónico,//www.lifedesigntv.com/index.php,LIFE DESIGN TV Canal de Televisión Internacional.,,ALEXANDER RODRIGUEZ BUSTAMANTE
FAMILIA DESARROLLO Y CALIDAD DE VIDA,Generación de Contenido Multimedia,Entrevista,Resiliencia Familiar,2012, Colombia,Español,Electrónico,//www.cosmovision.tv/contenidos/programas/belleza_con_estilo.php,Canal Cosmovisión,,ALEXANDER RODRIGUEZ BUSTAMANTE
FAMILIA DESARROLLO Y CALIDAD DE VIDA,Generación de Contenido Multimedia,Entrevista,El lugar de los hijos en la Familia,2012, Colombia,Español,Electrónico,//www.lifedesigntv.com/index.php,LIFE DESIGN TV Canal de Televisión Internacional.,,ALEXANDER RODRIGUEZ BUSTAMANTE
FAMILIA DESARROLLO Y CALIDAD DE VIDA,Generación de Contenido Multimedia,Entrevista,¿Cómo acompañar a los niños y adolescentes de regreso al Colegio?,2012, Colombia,Español,Electrónico,//www.cosmovision.tv/contenidos/videos/videos_belleza_con_estilo.php,Canal Cosmovisión Televisión Regional - Antioquia,,ALEXANDER RODRIGUEZ BUSTAMANTE
FAMILIA DESARROLLO Y CALIDAD DE VIDA,Generación de Contenido Multimedia,Entrevista,Disfrutar en familia: las vacaciones un espacio para crecer...,2012, Colombia,Español,Electrónico,//www.minutodediosmed.org/?micro2=emisora,Minuto de Dios 1.230 AM Medellín.,,ALEXANDER RODRIGUEZ BUSTAMANTE
FAMILIA DESARROLLO Y CALIDAD DE VIDA,Generación de Contenido Multimedia,Entrevista,Familias con jefatura femenina o masculina.,2012, Colombia,Español,Electrónico,//cosmovision.tv/contenidos/programas/belleza_con_estilo.php,Canal Cosmovisión Televisión Regional - Antioquia,,ALEXANDER RODRIGUEZ BUSTAMANTE
FAMILIA DESARROLLO Y CALIDAD DE VIDA,Generación de Contenido Multimedia,Entrevista,La temporada de vacaciones: un espacio para aprender y estar en familia.,2011, Colombia,Español,Electrónico,//www.cosmovision.tv/contenidos/videos/videos_belleza_con_estilo.php,Canal Cosmovisión Televisión Regional - Antioquia,,ALEXANDER RODRIGUEZ BUSTAMANTE
FAMILIA DESARROLLO Y CALIDAD DE VIDA,Generación de Contenido Multimedia,Entrevista,"En vacaciones, rencuéntrese con el juego",2011, Colombia,Español,Electrónico,//www.udea.edu.co/portal/page/portal/BibliotecaProgramas/ProgramaSalud/Secciones/familia/DinamicaFamiliar/B490D92A2C4B5821E04018C8341F17D6,Medios SALUDA - Universidad de Antioquia,,ALEXANDER RODRIGUEZ BUSTAMANTE
FAMILIA DESARROLLO Y CALIDAD DE VIDA,Generación de Contenido Multimedia,Entrevista,Víctimas de la Violencia - Libro El Cielo no me abandona,2008, Colombia,Español,Electrónico,victimas-de-la-violencia-libro-el-cielo-no-me-abandona&catid=36&Itemid=50,Telemedellín,,ALEXANDER RODRIGUEZ BUSTAMANTE
"EDUCACION, INFANCIA Y LENGUAS EXTRANJERAS",Generación de Contenido Multimedia,Entrevista,Universidad de los Niños,2015, Colombia,Español,Electrónico,N/A,Universidad Católica Luis Amigó,FUNLAM,MONICA MARIA ALVAREZ GALLEGO
"EDUCACION, INFANCIA Y LENGUAS EXTRANJERAS",Generación de Contenido Multimedia,Mesa redonda,Life Design,2013, Colombia,Español,Electrónico,//www.lifedesigntv.com/,LifeDesign,LifeDesign,GLORIA MARIA LOPEZ ARBOLEDA
"EDUCACION, INFANCIA Y LENGUAS EXTRANJERAS",Generación de Contenido Multimedia,Mesa redonda,En Familia: ¿Cómo prevenir el suicidio en nuestros niños y adolescentes?,2010, Colombia,Español,Papel,//www.caracol.com.co/llevar.aspx?id=1353665,Caracol Nacional,,OSCAR DARIO BOHORQUEZ MARIN
GESNE,Generación de Contenido Multimedia,Entrevista,Cooperativismo Historia y Doctrina,2018, Colombia,Español,Electrónico,//www.youtube.com/watch?v=bSzEFurnUbE,Canal teleantioquia,Programa Vida Cooperativa- Cooperativa JFK,ELIAS ALEXANDER VALLEJO MONTOYA
GESNE,Generación de Contenido Multimedia,Entrevista,Cooperativismo - Formación y constitución de una cooperativa parte I,2018, Colombia,Español,Electrónico,//www.youtube.com/watch?v=zeyr7W382HA,Canal Regional de Telvision teleantioquia,Programa Vida Cooperativa- Cooperativa JFK,ELIAS ALEXANDER VALLEJO MONTOYA
GESNE,Generación de Contenido Multimedia,Entrevista,Cooperativismo-Formas de Cooperarcion,2018, Colombia,Español,Electrónico,//www.youtube.com/watch?v=4bmkySZIROA,Canal Regional de Telvision teleantioquia,Programa Vida Cooperativa- Cooperativa JFK,ELIAS ALEXANDER VALLEJO MONTOYA
GESNE,Generación de Contenido Multimedia,Entrevista,Educacion cooperativa simbolos del cooperativismo,2016, Colombia,Español,,//youtu.be/WtMbzQE9u48,teleantioquia,Cooperativa Jhon F. Kennedy- Teleantioquia,ELIAS ALEXANDER VALLEJO MONTOYA
JURIDICAS Y SOCIALES,Generación de Contenido Multimedia,Entrevista,"Desconocimiento, sinónimo de impunidad en investigación de delitos informáticos, Universidad EAFIT. Medellín. Mayo 17 de 2012. Publicado por agencia de noticias EAFIT.",2012, Colombia,Español,Electrónico,//www.eafit.edu.co/agencia-noticias/historico-noticias/2012/mayo/Paginas/desconocimiento-sinonimo-de-impunidad-en-investigacion-de-delitos-informaticos.aspx,Agencia de noticias universidad EAFIT,Universidad EAFIT,ANA MARIA MESA ELNESER
JURIDICAS Y SOCIALES,Generación de Contenido Multimedia,Entrevista,"¿Informática forense y su aplicación en la investigación de los delitos informáticos consagrados en la Ley 1273 de 2009¿, énfasis en el impacto social y de formación profesional.",2012, Colombia,Español,Papel,//www.radiomunera.com/beta/,Canal CNC,Múnera Eastman- Canal CNC,ANA MARIA MESA ELNESER
JURIDICAS Y SOCIALES,Generación de Contenido Multimedia,Entrevista,"Resultados finales de investigación interinstitucional en ejecución, fase finalización denominada ¿Informática forense y su aplicación en la investigación de los delitos informáticos consagrados en la Ley 1273 de 2009¿, impacto social y de formación profesional.",2012, Colombia,Español,Papel,//canalcncmedellin.com/una-mirada-la-justicia/,MUNERA EATSHMAN RADIO,Canal CNC- Múnera Eastman radio,ANA MARIA MESA ELNESER
JURIDICAS Y SOCIALES,Generación de Contenido Multimedia,Entrevista,Socialización de resultados de avance categoría Ambiente,2011, Colombia,Español,Electrónico,//www.unisabaneta.edu.co/index.php?option=com_content&view=category&layout=blog&id=90&Itemid=147,Unisabaneta radio online,Fundación Universitario Luís Amigo - Universidad Autónoma Latinoamericana,JORGE EDUARDO VASQUEZ SANTAMARIA
JURIDICAS Y SOCIALES,Generación de Contenido Multimedia,Mesa redonda,Presentación del proyecto de investigación PARTICIPACIÓN CIUDADANA EN LA CONSTRUCCIÓN DE CIUDADANÍA PARA LA PROTECCIÓN Y MEJORAMIENTO DEL AMBIENTE EN EL MUNICIPIO DE SABANETA,2011, Colombia,Español,Electrónico,//www.unisabaneta.edu.co/index.php?option=com_content&view=category&layout=blog&id=90&Itemid=147,Unisabaneta Radio,Fundación Universitario Luís Amigo - Universidad Autónoma Latinoamericana,"JORGE EDUARDO VASQUEZ SANTAMARIA, MARIA TERESA CASTRILLON  ALZATE, CAROLINA MONTES ROJAS"
