grupo,categoria,Medio,Titulo,Fecha,Entidades_vinculadas,Sitio_web,Autores
CONTAS,Generación de Contenido Virtual,Blog,I FORO HISTORIA Y PERSPECTIVAS DE LA CONTABILIDAD DEL COMPORTAMIENTO: RETOS DE LA CONVERGENCIA ENTRE PSICOLOGÍA Y CONTABILIDAD.,2018-02-27, Universidad Catòlica Luis Amigò - Politecnico Jaime Isaza Cadavid,https://sites.google.com/site/cursosusb/foro-contabilidad-del-comportamiento,"CARLOS ALBERTO MUNOZ RESTREPO, EDILGARDO DE JESUS LOAIZA BETANCUR"
CONTAS,Generación de Contenido Virtual,Blog,TEORÍAS USUARIOS EN INFORMES DE LA RESPONSABILIDAD SOCIAL EMPRESARIAL,2016-04-13, INSTITUTO TECNOLÓGICO METROPOLITANO,https://sites.google.com/site/cursosusb/foro-contabilidad-del-comportamiento,CARLOS ALBERTO MUNOZ RESTREPO
FILOSOFIA Y TEOLOGIA CRITICA,Generación de Contenido Virtual,Página web,La infancia de Jesús en dos pinturas de Rembrandt,2019-12-01, ,https://teounder.com/2018/12/11/infancia-rembrandt/,JUAN ESTEBAN LONDONO BETANCUR
FILOSOFIA Y TEOLOGIA CRITICA,Generación de Contenido Virtual,Página web,Marcella Althaus-Reid: el olor sexual de la teología,2019-11-25, ,https://teounder.com/2019/11/29/marcella-althaus-reid-el-olor-sexual-de-la-teologia/,JUAN ESTEBAN LONDONO BETANCUR
FILOSOFIA Y TEOLOGIA CRITICA,Generación de Contenido Virtual,Página web,Dorothee Sölle: Teología de la muerte de Dios,2019-08-03, ,https://teounder.com/2019/08/03/dorothee-solle-teologia-de-la-muerte-de-dios/,JUAN ESTEBAN LONDONO BETANCUR
FILOSOFIA Y TEOLOGIA CRITICA,Generación de Contenido Virtual,Página web,Religión y política en América Latina: una reflexión desde Alemania,2019-07-16, Missionsakademie an der Universität Hamburg,https://teounder.com/2019/07/16/religion-y-politica-en-america-latina-una-reflexion-desde-alemania/,JUAN ESTEBAN LONDONO BETANCUR
FILOSOFIA Y TEOLOGIA CRITICA,Generación de Contenido Virtual,Página web,Dietrich Bonhoeffer: una fe mundana,2019-06-05, ,https://teounder.com/2019/06/05/dietrich-bonhoeffer-una-fe-mundana/,JUAN ESTEBAN LONDONO BETANCUR
FILOSOFIA Y TEOLOGIA CRITICA,Generación de Contenido Virtual,Página web,Paul Tillich: Teología existencial y diálogo con la cultura,2019-04-28, ,https://teounder.com/2019/04/28/paul-tillich-teologia-existencial-y-dialogo-con-la-cultura/,JUAN ESTEBAN LONDONO BETANCUR
FILOSOFIA Y TEOLOGIA CRITICA,Generación de Contenido Virtual,Página web,Rudolf Bultmann: una reinterpretación de los símbolos cristianos,2019-03-12, ,https://teounder.com/2019/03/12/rudolf-bultmann-una-reinterpretacion-de-los-simbolos-cristianos/,JUAN ESTEBAN LONDONO BETANCUR
FILOSOFIA Y TEOLOGIA CRITICA,Generación de Contenido Virtual,Página web,Karl Barth: la contradicción y la Gracia,2019-02-01, ,https://teounder.com/2019/02/01/karl-barth-la-contradiccion-y-la-gracia/,JUAN ESTEBAN LONDONO BETANCUR
FILOSOFIA Y TEOLOGIA CRITICA,Generación de Contenido Virtual,Blog,Audiolibros libres,2018-10-12," Desarrollo de plataformas, herramientas y sistemas para el consumo de contenido cultural¿",https://www.ivoox.com/podcast-audiolibroslibres_sq_f1624971_1.html,PALOMA MARIN ESCOBAR
URBANITAS,Generación de Contenido Virtual,Página web,CURSO COMPORTAMIENTO DEL CONSUMIDOR,2020-04-01, UNIVERSIDAD DIGITAL DE ANTIOQUIA,https://www.iudigital.edu.co/,LINA MARIA MARTINEZ GUTIERREZ
URBANITAS,Generación de Contenido Virtual,Portal,Fanpage ebookcamp,2016-09-07, Funlam,https://www.facebook.com/eBookcampOficial/?ref=ts&fref=ts,CARLOS SUAREZ QUICENO
URBANITAS,Generación de Contenido Virtual,Página web,Significado de Futuro en la Prospectiva,2014-11-02, Uniacc,http://www.rutafuturo.cl/?cat=10,ANCIZAR VARGAS LEON
URBANITAS,Generación de Contenido Virtual,Blog,Proyecto eBooks interactivos,2012-03-01, Fundación Universitaria Luis Amigó,http://proyectoebooksinteractivos.tumblr.com/,EDWIN ANDRES SEPULVEDA CARDONA
FARMACODEPENDENCIA Y OTRAS ADICCIONES,Generación de Contenido Virtual,Página web,Praxis de nuestros docentes y formadores de docentes. Teoría crítica presente,2019-09-13, Universidad Pontificia Bolivariana - Universidad Católica Luis Amigó.,https://www.youtube.com/watch?v=LyVuN-OwmT8,ALEXANDER RODRIGUEZ BUSTAMANTE
CALIDAD DE VIDA,Generación de Contenido Virtual,Blog,¡Qué chéveres somos los seres vivos!,2009-04-15, I E JUAN XXIII-SEM MONTERÍA,http://fmercado66.blogspot.com,FRANCISCO WILLIAM MERCADO MERCADO
ESTUDIOS DE FENOMENOS PSICOSOCIALES,Generación de Contenido Virtual,Otro,Plan de curso y guía didáctica del curso Psicología Ciclo Vital,2019-04-28, Fundación Universitaria Claretiana.,https://www.uniclaretiana.edu.co/,JOHN JAIRO GARCIA PENA
ESTUDIOS DE FENOMENOS PSICOSOCIALES,Generación de Contenido Virtual,Otro,Plan de curso y guía didáctica del curso Psicología crítico social,2019-04-05, Fundación Universitaria Claretiana.,https://www.uniclaretiana.edu.co/,JOHN JAIRO GARCIA PENA
ESTUDIOS DE FENOMENOS PSICOSOCIALES,Generación de Contenido Virtual,Blog,Sonata de cine,2017-07-20, ,https://sonatadecine.wordpress.com/,SONIA NATALIA COGOLLO OSPINA
ESTUDIOS DE FENOMENOS PSICOSOCIALES,Generación de Contenido Virtual,Página web,Diplomado en Salud Mental en Emergencias y Desastres,2016-10-03, Universidad de Antioquia.,http://aprendeenlinea.udea.edu.co/lms/extension/,JOHN JAIRO GARCIA PENA
ESTUDIOS DE FENOMENOS PSICOSOCIALES,Generación de Contenido Virtual,Página web,Formación de profesionales para la reconciliación social en medio del conflicto,2016-06-01, Red Colombiana EAD,http://ruana.xegmenta.com/video/ver/126,MONICA ALZATE GARCIA
ESTUDIOS DE FENOMENOS PSICOSOCIALES,Generación de Contenido Virtual,Micrositio,Desencuentros entre Ley y Agro en el Valle de San Nicolás,2016-04-15, Universidad Católica Luis Amigó,https://www.youtube.com/watch?v=yRFN1FZUovY&t=263s,"NICOLASA MARIA DURAN PALACIO, SONIA NATALIA COGOLLO OSPINA, NORMAN DARIO MORENO CARMONA"
ESTUDIOS DE FENOMENOS PSICOSOCIALES,Generación de Contenido Virtual,Página web,Construcción de paz en las 8 grades áreas propuestas por Naciones Unidas,2016-03-01, Fundación Universitaria Luis Amigó,https://www.youtube.com/watch?v=,MONICA ALZATE GARCIA
ESTUDIOS DE FENOMENOS PSICOSOCIALES,Generación de Contenido Virtual,Página web,Impacto Psicosocial de la violencia,2016-03-01, Fundación Universitaria Luis Amigó,https://www.youtube.com/watch?v=h2GgwuwDLK4,MONICA ALZATE GARCIA
ESTUDIOS DE FENOMENOS PSICOSOCIALES,Generación de Contenido Virtual,Página web,Papel de la aproximación histórica para el posicionamiento personal ante la realidad,2016-03-01, Fundación Universitaria Luis Amigó,https://www.youtube.com/watch?v=4jymthftg7M,MONICA ALZATE GARCIA
ESTUDIOS DE FENOMENOS PSICOSOCIALES,Generación de Contenido Virtual,Página web,Utilidad del modelo ecológico y del modelo psicosocial para el análisis de la violencia,2016-03-01, Fundación Universitaria Luis Amigó,https://www.youtube.com/watch?v=4ptXka_P3yc,MONICA ALZATE GARCIA
ESTUDIOS DE FENOMENOS PSICOSOCIALES,Generación de Contenido Virtual,Página web,Superando los efectos de la violencia,2016-03-01, Fundación Universitaria Luis Amigó,https://www.youtube.com/watch?v=2BjBRHtiqb8,MONICA ALZATE GARCIA
ESTUDIOS DE FENOMENOS PSICOSOCIALES,Generación de Contenido Virtual,Página web,Curso virtual Generalidades del proceso de investigación,2016-02-11, ,http://virtual.funlam.edu.co/course/view.php?id=6307,DAMIEN LE GAL FRANCOIS
ESTUDIOS DE FENOMENOS PSICOSOCIALES,Generación de Contenido Virtual,Micrositio,Curso virtual Fundamentos y corrientes de la Psicología dinámica,2016-01-20, Universidad Católica Luis Amigó,http://virtual.funlam.edu.co/,SONIA NATALIA COGOLLO OSPINA
FAMILIA DESARROLLO Y CALIDAD DE VIDA,Generación de Contenido Virtual,Página web,¿Qué es una familia tóxica y qué puede hacer estando en ella?,2018-02-21," El Tiempo, Universidad Católica Luis Amigó",http://www.eltiempo.com/cultura/gente/que-es-una-familia-toxica-y-que-se-puede-hacer-estando-en-ella-185592,ALEXANDER RODRIGUEZ BUSTAMANTE
FAMILIA DESARROLLO Y CALIDAD DE VIDA,Generación de Contenido Virtual,Página web,Viveros Edison divulgación de artículos,2016-12-20, Universidad Católica Luis Amigó,https://www.facebook.com/edisonf.viveros/,EDISON FRANCISCO VIVEROS CHAVARRIA
"EDUCACION, INFANCIA Y LENGUAS EXTRANJERAS",Generación de Contenido Virtual,Página web,"La pluralidad: Rasgo de la subjetividad política y condición para construir el sentido del ""entre-nos""",2014-06-30, Universidad Pedagógica Nacional- Facultad de Educación,http://revistas.pedagogica.edu.co/index.php/PYS/article/view/2774,ANGELA MARIA URREGO TOVAR
"EDUCACION, INFANCIA Y LENGUAS EXTRANJERAS",Generación de Contenido Virtual,Página web,Epistemología de la pedagogía,2014-06-11, Fundación Universitaria Luis Amigó,www.youtube.com/watch?v=WxGd67Y9LvA,JOSE FEDERICO AGUDELO TORRES
"EDUCACION, INFANCIA Y LENGUAS EXTRANJERAS",Generación de Contenido Virtual,Página web,"Estudio Educación, violencia urbana, afectaciones al derecho a la educación. Un análisis comparado entre Colombia, Chile y México.",2013-08-06," Unesco, PIIE, CEP PARRAS, IPC",www.ipc.org.co,MARY LUZ MARIN POSADA
GESNE,Generación de Contenido Virtual,Página web,La Educación Inclusiva en la Universidad Católica Luis Amigó,2019-07-26, Universidad Católica Luis Amigó ,http://www.funlam.edu.co/modules/generalinternet/item.php?itemid=354,"SANDRA ISABEL MEJIA ZAPATA, MARTHA DEL SOCORRO ALZATE CARDENAS"
GESNE,Generación de Contenido Virtual,Página web,Cátedra abierta Beato Fray Melquiades 2018,2018-10-19, Fundación Tecnológica Rural Coredi ,https://www.youtube.com/watch?v=sI95yoFx3Vk,OSWALDO ANTONIO SALGADO CANAVERAL
GESNE,Generación de Contenido Virtual,Página web,Presentacion de las seis tradiciones del cooperativismo,2018-06-14, Cooperativa Financiera JFKennedy,https://www.youtube.com/watch?time_continue=98&v=BrjuWfTs2EE,OSWALDO ANTONIO SALGADO CANAVERAL
GESNE,Generación de Contenido Virtual,Página web,Curso básico de Economía Solidaria,2017-12-13, ESUMER,https://www.esumer.edu.co/,OSWALDO ANTONIO SALGADO CANAVERAL
GESNE,Generación de Contenido Virtual,Página web,Vídeo conferencia internacional sobre Habilidades estratégicas del administrador de empresas,2017-08-23, Universidad Benito Juarez,https://www.youtube.com/watch?v=7-WNuSU09zA&t=16s,VICTORIA BLAQUISED RIVERA
GESNE,Generación de Contenido Virtual,Página web,CONFERENCIA INTERNACIONAL HABILIDADES ESTRATÉGICAS DEL ADMINISTRADOR DE EMPRESAS,2017-07-07, Universidad Benito Juarez de Mexico,http://www.ubjonline.mx/eventos/habilidades-estrategicas-del-administrador-de-empresas/,VICTORIA BLAQUISED RIVERA
GESNE,Generación de Contenido Virtual,Página web,Políticas Públicas para la Economía Social y Solidaria,2017-06-29, Cooperativa Financiera JFKenedy,https://www.youtube.com/watch?v=8kayGTZnHnM,OSWALDO ANTONIO SALGADO CANAVERAL
GESNE,Generación de Contenido Virtual,Página web,"Principios ontológicos, epistemológicos, praxeológicos y metodológicos del enfoque cualitativo",2017-03-10, Universidad Católica Luis Amigò,https://es.slideshare.net/victoriab/principios-ontolgicos-epistemolgicos-praxeolgicos-y-metodolgicos-del-enfoque-cualitativo,VICTORIA BLAQUISED RIVERA
GESNE,Generación de Contenido Virtual,Página web,Proceso administrativo organización,2017-03-08, Universidad Católica Luis Amigò,https://es.slideshare.net/victoriab/proceso-administrativo-organizacin,VICTORIA BLAQUISED RIVERA
GESNE,Generación de Contenido Virtual,Página web,Habilidades directivas,2017-02-22, Universidad Católica Luis Amigò,https://es.slideshare.net/victoriab/habilidades-directivas-72460223,VICTORIA BLAQUISED RIVERA
GESNE,Generación de Contenido Virtual,Página web,Pensamiento estratégico,2017-02-22, Universidad Católica Luis Amigò,https://es.slideshare.net/victoriab/pensamiento-estrategico-72458167,VICTORIA BLAQUISED RIVERA
GESNE,Generación de Contenido Virtual,Página web,Planeación - proceso administrativo,2017-02-18, Universidad Católica Luis Amigò,https://es.slideshare.net/victoriab/planeacin-proceso-administrativo-72314592,VICTORIA BLAQUISED RIVERA
GESNE,Generación de Contenido Virtual,Página web,Diagnostico organizacional,2017-02-07, Universidad Católica Luis Amigò,https://es.slideshare.net/victoriab/diagnostico-organizacional-ok,VICTORIA BLAQUISED RIVERA
GESNE,Generación de Contenido Virtual,Página web,Procesos administrativos,2017-02-04, Universidad Católica Luis Amigò,https://es.slideshare.net/victoriab/procesos-administrtivos,VICTORIA BLAQUISED RIVERA
GESNE,Generación de Contenido Virtual,Página web,Mapa conceptual - HABILIDADES GERENCIALES,2017-01-31, Universidad Católica Luis Amigò,https://es.slideshare.net/victoriab/mapa-conceptual-71604780,VICTORIA BLAQUISED RIVERA
GESNE,Generación de Contenido Virtual,Micrositio,educacion cooperativa-la cooperativa,2016-12-01, Cooperativa Jhon F. Kennedy- Teleantioquia,https://youtu.be/AWDG5w9Odwc,ELIAS ALEXANDER VALLEJO MONTOYA
GESNE,Generación de Contenido Virtual,Página web,Monitorias estratégicas,2016-11-19, Universidad Católica Luis Amigò,https://www.slideshare.net/victoriab/monitorias-estrategicas-69303946,VICTORIA BLAQUISED RIVERA
GESNE,Generación de Contenido Virtual,Página web,Indicadores de gestión,2016-11-12, Universidad Católica Luis Amigò,https://www.slideshare.net/victoriab/indicadores-de-gestin-68790122,VICTORIA BLAQUISED RIVERA
GESNE,Generación de Contenido Virtual,Página web,Direccionamiento estratégico,2016-11-12, Universidad Católica Luis Amigò,https://www.slideshare.net/victoriab/direccionamiento-estrategico-68789933,VICTORIA BLAQUISED RIVERA
GESNE,Generación de Contenido Virtual,Página web,Balaced scorecard,2016-11-11, Universidad Católica Luis Amigò,https://www.slideshare.net/victoriab/balaced-scorecard,VICTORIA BLAQUISED RIVERA
GESNE,Generación de Contenido Virtual,Página web,Matriz de Posición Estratégica y Evaluación de la Acción - PEYEA,2016-11-02, Universidad Católica Luis Amigò,https://www.slideshare.net/victoriab/peyea-68082889,VICTORIA BLAQUISED RIVERA
GESNE,Generación de Contenido Virtual,Página web,Opciones estratégicas,2016-10-26, Universidad Católica Luis Amigò,https://www.slideshare.net/victoriab/opciones-estrategicas-67690379,VICTORIA BLAQUISED RIVERA
GESNE,Generación de Contenido Virtual,Página web,Estrategias financieras,2016-09-26, Universidad Católica Luis Amigò,https://www.slideshare.net/victoriab/estrategias-financieras-okok,VICTORIA BLAQUISED RIVERA
GESNE,Generación de Contenido Virtual,Página web,Paradigmas de la investigación desde un enfoque cuantitativo,2016-09-16, Universidad Católica Luis Amigó,https://es.slideshare.net/victoriab/paradigmas-de-la-investigacin-desde-un-enfoque-cuantitativo,VICTORIA BLAQUISED RIVERA
GESNE,Generación de Contenido Virtual,Página web,Paradigma de la investigación des de un enfoque cualitativo,2016-09-16, Universidad Católica Luis Amigó,https://es.slideshare.net/victoriab/paradigma-de-la-investigacion-des-de-un-enfoque-cualitativo,VICTORIA BLAQUISED RIVERA
GESNE,Generación de Contenido Virtual,Página web,La entrevista y el grupo focal,2016-07-25, Universidad Católica Luis Amigó,https://es.slideshare.net/victoriab/la-entrevista-grupo-focal,VICTORIA BLAQUISED RIVERA
GESNE,Generación de Contenido Virtual,Página web,Definición del objeto de investigación y etapas del proceso de investigación cualitativa,2016-07-25, Universidad Católica Luis Amigó,https://es.slideshare.net/victoriab/definicin-del-objeto-de-investigacin-y-etapas-del-proceso-de-investigacin-cualitativa,VICTORIA BLAQUISED RIVERA
GESNE,Generación de Contenido Virtual,Página web,Aspectos objetivos y subjetivos de la realidad y las formas de conocimiento de la realidad social,2016-07-25, Universidad Católica Luis Amigó,https://es.slideshare.net/victoriab/aspectos-objetivos-y-subjetivos-de-la-realidad-social,VICTORIA BLAQUISED RIVERA
GORAS,Generación de Contenido Virtual,Página web,Módulo de Emprendimiento,2018-12-21, Universidad Católica Luis Amigó,virtual.funlam.edu.co,SANDRA MILENA MALAVERA PINEDA
GORAS,Generación de Contenido Virtual,Aplicativo,"Desarrollo del modulo virtual de la asignatura ""Talento Humano""",2018-12-06, Universidad Católica Luis Amigó,www.funlam.edu.co,JAMES ALBERTO MARULANDA PATINO
GORAS,Generación de Contenido Virtual,Página web,Módulo Electiva de Gerencia de Mercadeo,2018-11-30, Universidad Católica Luis Amigó,virtual.funlam.edu.co,SANDRA MILENA MALAVERA PINEDA
GORAS,Generación de Contenido Virtual,Micrositio,Módulo Talento Humano,2018-11-23, Universidad Católica Luis Amigó,http://www.funlam.edu.co,JOSE ANTONIO LOPEZ GIRALDO
GORAS,Generación de Contenido Virtual,Aplicativo,APP RAIS,2018-05-15, UNIVERSIDAD CATÓLICA LUIS AMIGÓ; RED AMIGONIANA DE INNOVACIÓN SOCIAL RAIS,www.ucatolicaluisamigo.edu.co,UBEIMAR AURELIO OSORIO ATEHORTUA
GORAS,Generación de Contenido Virtual,Página web,Modulo Investigación de Mercados,2018-03-31, Universidad Católica Luis Amigó,virtual.funlam.edu.co,SANDRA MILENA MALAVERA PINEDA
GORAS,Generación de Contenido Virtual,Blog,"Clima organizacional para la empresa Industria, calidad y moda",2017-11-23, Universidad Católica Luis Amigó y la empresa Industria calidad y moda,https://mvq-68.wixsite.com/indcalidadymoda-sas,"LUIS FERNANDO QUINTERO ARANGO, JAMES ALBERTO MARULANDA PATINO"
GORAS,Generación de Contenido Virtual,Blog,Manufacturas Puli,2017-11-06, Manufacturas Puli y Universidad Católica Luis Amigó,https://mvq-68.wixsite.com/manufacturaspuli,"JAMES ALBERTO MARULANDA PATINO, LUIS FERNANDO QUINTERO ARANGO"
GORAS,Generación de Contenido Virtual,Blog,manufacturas puli,2017-11-06, Manufacturas PULI con NIT 716344263,http://www.mpuli.com,"LUIS FERNANDO QUINTERO ARANGO, JAMES ALBERTO MARULANDA PATINO"
GORAS,Generación de Contenido Virtual,Página web,Modulo Fundamentos de Mercadeo,2017-06-30, Universidad Católica Luis Amigó,virtual.funlam.edu.co,SANDRA MILENA MALAVERA PINEDA
GORAS,Generación de Contenido Virtual,Aplicativo,"Desarrollo del Módulo virtual de la asignatura ""Pensamiento Administrativo I""",2017-06-10, Universidad Católica Luis Amigó,www.funlam.edu.co,JAMES ALBERTO MARULANDA PATINO
GORAS,Generación de Contenido Virtual,Micrositio,Módulo de Gerencia Estratégica,2016-08-05, Universidad Católica Luis Amigó,http://www.funlam.edu.co/modules/facultadciencias/item.php?itemid=49,JAIME ALBERTO BELTRAN RIOS
GORAS,Generación de Contenido Virtual,Página web,Módulo de Mercadeo en organizaciones sociales,2016-06-21, Universidad Católigca Luis Ámigo,http://www.funlam.edu.co/modules/facultadciencias/item.php?itemid=49,LUIS FERNANDO QUINTERO ARANGO
GORAS,Generación de Contenido Virtual,Micrositio,Modelos Gerenciales,2014-06-20, Fundación Universitaria Luis Amigó,http://virtual.funlam.edu.co/course/view.php?id=4077,JUAN CARLOS MORALES GAVIRIA
GORAS,Generación de Contenido Virtual,Micrositio,Teorías de la Gerencia del Talento Humano,2014-06-20, Fundación Universitaria Luis Amigó,,JUAN CARLOS MORALES GAVIRIA
GORAS,Generación de Contenido Virtual,Página web,Módulo de Creatividad e Innovación,2014-01-09, Fundación Universitaria luis Amigó Y Universidad Catolica del Norte ,www.funlam.edu.co    http://www.ucn.edu.co/Paginas/index.aspx,MARTHA DEL SOCORRO ALZATE CARDENAS
JURIDICAS Y SOCIALES,Generación de Contenido Virtual,Otro,Planes de Ordenación y Manejo de Cuencas Hidrográficas,2020-06-26, Universidad Internacional de La Rioja,https://www.unir.net/,JORGE EDUARDO VASQUEZ SANTAMARIA
JURIDICAS Y SOCIALES,Generación de Contenido Virtual,Otro,Algunos ejemplos sectoriales de regulación ambiental en Colombia,2020-06-26, Universidad Internacional de La Rioja,https://www.unir.net/,JORGE EDUARDO VASQUEZ SANTAMARIA
JURIDICAS Y SOCIALES,Generación de Contenido Virtual,Otro,Planes Estratégicos de Áreas Hidrográficas o Macrocuencas,2020-06-26, Universidad Internacional de La Rioja,https://www.unir.net/,JORGE EDUARDO VASQUEZ SANTAMARIA
JURIDICAS Y SOCIALES,Generación de Contenido Virtual,Otro,Unidades Ambientales Costeras,2020-06-26, Universidad Internacional de La Rioja,https://www.unir.net/,JORGE EDUARDO VASQUEZ SANTAMARIA
JURIDICAS Y SOCIALES,Generación de Contenido Virtual,Otro,Aproximación a las Políticas Climáticas de Colombia,2020-06-15, Universidad Internacional de La Rioja,https://www.unir.net/,JORGE EDUARDO VASQUEZ SANTAMARIA
JURIDICAS Y SOCIALES,Generación de Contenido Virtual,Otro,"La acción popular, la acción de grupo y la acción de cumplimiento",2020-06-15, Universidad Internacional de La Rioja,https://www.unir.net/,JORGE EDUARDO VASQUEZ SANTAMARIA
JURIDICAS Y SOCIALES,Generación de Contenido Virtual,Otro,Aproximación a las Políticas Climáticas de Bolivia,2020-06-14, Universidad Internacional de La Rioja,https://www.unir.net/,JORGE EDUARDO VASQUEZ SANTAMARIA
JURIDICAS Y SOCIALES,Generación de Contenido Virtual,Otro,Aproximación a las Políticas Climáticas de Ecuador,2020-06-14, Universidad Internacional de La Rioja,https://www.unir.net/,JORGE EDUARDO VASQUEZ SANTAMARIA
JURIDICAS Y SOCIALES,Generación de Contenido Virtual,Otro,Datos no tan conocidos sobre la licencia de maternidad,2020-06-05, Plataforma Familias Ahora - Corporación Consultoría Jurídica Feminista para la Equidad,https://www.facebook.com/FamiliasAhora/photos/a.134582594981975/155298256243742,"ELVIGIA CARDONA ZULETA, MELISSA HINCAPIE OCHOA"
JURIDICAS Y SOCIALES,Generación de Contenido Virtual,Otro,Tres consejos para divorciarse responsablemente en Colombia,2020-06-05, Plataforma Familias Ahora - Corporación Consultoría Jurídica Feminista para la Equidad,https://www.facebook.com/FamiliasAhora/photos/a.134582594981975/150574300049471,"ELVIGIA CARDONA ZULETA, MELISSA HINCAPIE OCHOA"
JURIDICAS Y SOCIALES,Generación de Contenido Virtual,Otro,"¿Sabías que el estado debe procurar que todos los niños, niñas y adolescentes tengan un entorno seguro que garantice sus derechos?",2020-06-05, Plataforma Familias Ahora - Corporación Consultoría Jurídica Feminista para la Equidad,https://www.facebook.com/FamiliasAhora/photos/a.134582594981975/158672475906320,"MELISSA HINCAPIE OCHOA, ELVIGIA CARDONA ZULETA"
JURIDICAS Y SOCIALES,Generación de Contenido Virtual,Otro,El ordenamiento territorial en el ordenamiento jurídico de Colombia,2020-06-03, Universidad Internacional de La Rioja,https://www.unir.net/,JORGE EDUARDO VASQUEZ SANTAMARIA
JURIDICAS Y SOCIALES,Generación de Contenido Virtual,Otro,Sistema Nacional de Áreas Protegidas y Sistema de Parques Naturales Nacionales de Colombia.,2020-06-03, Universidad Internacional de La Rioja,https://www.unir.net/,JORGE EDUARDO VASQUEZ SANTAMARIA
JURIDICAS Y SOCIALES,Generación de Contenido Virtual,Otro,Sistema Nacional Ambiental: Institucionalidad y competencias,2020-06-03, Universidad Internacional de La Rioja,https://www.unir.net/,JORGE EDUARDO VASQUEZ SANTAMARIA
JURIDICAS Y SOCIALES,Generación de Contenido Virtual,Otro,Regulaciones tributarias en Colombia.,2020-06-03, Universidad Internacional de La Rioja,https://www.unir.net/,JORGE EDUARDO VASQUEZ SANTAMARIA
JURIDICAS Y SOCIALES,Generación de Contenido Virtual,Otro,Recursos forestales y aprovechamientos en Colombia.,2020-06-03, Universidad Internacional de La Rioja,https://www.unir.net/,JORGE EDUARDO VASQUEZ SANTAMARIA
JURIDICAS Y SOCIALES,Generación de Contenido Virtual,Otro,Marco constitucional del ambiente y la economía en Colombia.,2020-06-03, Universidad Internacional de La Rioja,https://www.unir.net/,JORGE EDUARDO VASQUEZ SANTAMARIA
JURIDICAS Y SOCIALES,Generación de Contenido Virtual,Otro,La tutela como acción constitucional que permite la protección del ambiente,2020-06-03, Universidad Internacional de La Rioja,https://www.unir.net/,JORGE EDUARDO VASQUEZ SANTAMARIA
JURIDICAS Y SOCIALES,Generación de Contenido Virtual,Otro,La regulación y la reglamentación del suelo: Tipologías a partir de las competencias normativas,2020-06-03, Universidad Internacional de La Rioja,https://www.unir.net/,JORGE EDUARDO VASQUEZ SANTAMARIA
JURIDICAS Y SOCIALES,Generación de Contenido Virtual,Otro,Incentivos ambientales en el ordenamiento jurídico colombiano.,2020-06-03, Universidad Internacional de La Rioja,https://www.unir.net/,JORGE EDUARDO VASQUEZ SANTAMARIA
JURIDICAS Y SOCIALES,Generación de Contenido Virtual,Otro,Corporaciones Autónomas Regionales y entidades territoriales.,2020-06-03, Universidad Internacional de La Rioja,https://www.unir.net/,JORGE EDUARDO VASQUEZ SANTAMARIA
JURIDICAS Y SOCIALES,Generación de Contenido Virtual,Otro,Casos de Derecho constitucional ambiental colombiano,2020-06-03, Universidad Internacional de La Rioja,https://www.unir.net/,JORGE EDUARDO VASQUEZ SANTAMARIA
JURIDICAS Y SOCIALES,Generación de Contenido Virtual,Otro,Consulta previa y Audiencia Públicas Ambientales,2020-06-03, Universidad Internacional de La Rioja,https://www.unir.net/,JORGE EDUARDO VASQUEZ SANTAMARIA
JURIDICAS Y SOCIALES,Generación de Contenido Virtual,Otro,Derechos de los ciudadanos en la normativa ambiental,2020-05-22, Universidad Internacional de La Rioja,https://www.unir.net/,JORGE EDUARDO VASQUEZ SANTAMARIA
JURIDICAS Y SOCIALES,Generación de Contenido Virtual,Otro,El Derecho internacional ambiental en el ordenamiento jurídico de Colombia.,2020-05-03, Universidad Internacional de La Rioja,https://www.unir.net/,JORGE EDUARDO VASQUEZ SANTAMARIA
JURIDICAS Y SOCIALES,Generación de Contenido Virtual,Otro,Principios y política nacional ambiental en Colombia,2020-05-03, Universidad Internacional de La Rioja,https://www.unir.net/,JORGE EDUARDO VASQUEZ SANTAMARIA
JURIDICAS Y SOCIALES,Generación de Contenido Virtual,Otro,Aula virtual curso de Derecho Administrativo,2020-03-01, Universidad Autónoma de Manizales,https://classroom.google.com/u/1/c/NjMyNTcwNzc3NTJa,ROBERTO MAURICIO ROMERO CARDENAS
JURIDICAS Y SOCIALES,Generación de Contenido Virtual,Página web,Aula virtual curso de Derecho Supranacional,2020-03-01, Universidad Autónoma de Manizales,https://classroom.google.com/u/1/c/NjMxNjIwMDc4NDha,ROBERTO MAURICIO ROMERO CARDENAS
JURIDICAS Y SOCIALES,Generación de Contenido Virtual,Página web,Aula virtual curso de Teoría Constitucional,2020-03-01, Universidad Autónoma de Manizales,https://classroom.google.com/u/1/c/NjMwOTY1NjE2Nzda,ROBERTO MAURICIO ROMERO CARDENAS
JURIDICAS Y SOCIALES,Generación de Contenido Virtual,Página web,Aula virtual curso de Teoría Política,2020-03-01, Universidad Católica Luis Amigó,https://classroom.google.com/u/2/c/NjEyNTY0MzU0Njda,ROBERTO MAURICIO ROMERO CARDENAS
JURIDICAS Y SOCIALES,Generación de Contenido Virtual,Página web,Metodología de la Investigación CualitativaModalidad virtual,2019-11-01, Universidad Católica Luis Amigó,https://virtual.ucatolicaluisamigo.edu.co/campus/,JENNY MARCELA ACEVEDO VALENCIA
JURIDICAS Y SOCIALES,Generación de Contenido Virtual,Página web,Revista Summa Iuris,2018-12-14, Universidad Católica Luis Amigó,http://www.funlam.edu.co/revistas/index.php/summaiuris,EYDER BOLIVAR MOJICA
JURIDICAS Y SOCIALES,Generación de Contenido Virtual,Página web,Revista Summa Iuris,2018-06-15, Universidad Católica Luis Amigó,http://www.funlam.edu.co/revistas/index.php/summaiuris,EYDER BOLIVAR MOJICA
SISCO,Generación de Contenido Virtual,Página web,Quien llegará al top,2019-08-05, Universidad Católica Luis Amigó,https://syslac5.webnode.com.co/,"INGRID DURLEY TORRES PARDO, DANIELA RESTREPO ACOSTA, JUAN CAMILO GIRALDO CESPEDES, JUAN PABLO GUTIERREZ LOPEZ, FRANKLIN FERRARO GOMEZ"
SISCO,Generación de Contenido Virtual,Página web,El Ingeniero de Hoy,2017-08-01, Universidad Católica Luis Amigó,https://linamontoyasu.wixsite.com/seringeniero,LINA MARIA MONTOYA SUAREZ
SISCO,Generación de Contenido Virtual,Página web,eserna.com,2014-06-04, Instituto Antioqueño de Investigación,www.eserna.com,"EDGAR SERNA M, ALEXEI SERNA A"
