grupo,categoria,Titulo,Ano,Proyecto_de_investigacion,Autores
CONTAS,Informes de investigación,Tensiones entre el realismo y las NIIF en las parroquias de la Diócesis de Sonsón-Rionegro,2015,Realismo y estándares contables. Un análisis para las parroquias de la diócesis de Sonsón-Rionegro.,"JOHN FERNANDO DIOSSA CASTRO, CARLOS MARIO VARGAS  RESTREPO"
FILOSOFIA Y TEOLOGIA CRITICA,Informes de investigación,Informe de avance producto de investigación,2019,Estética y religión,PALOMA MARIN ESCOBAR
FILOSOFIA Y TEOLOGIA CRITICA,Informes de investigación,Informe final de productos de investigación,2018,Filosofía y violencia,DAVID ESTEBAN ZULUAGA MESA
FILOSOFIA Y TEOLOGIA CRITICA,Informes de investigación,Informe final de proyecto de investigación,2017,"Estudio nacional sobre el papel de la universidad y la sociedad civil en la formación de los estudiantes universitarios y educadores sociales como agentes constructores de paz desde el enfoque del Desarrollo Humano en diez ciudades colombianas: Medellín,","DAVID ESTEBAN ZULUAGA MESA, JOSE WILMAR PINO MONTOYA, EYESID ALVAREZ BAHENA"
FILOSOFIA Y TEOLOGIA CRITICA,Informes de investigación,Informe final de productos de investigación,2017,Hacia una interpretación hipertextual de la ética de Wittgenstein,DAVID ESTEBAN ZULUAGA MESA
FILOSOFIA Y TEOLOGIA CRITICA,Informes de investigación,"Informe final de la investigación ""El sufrimiento en el contexto del VIH/SIDA. Aportes a la Antropología Teológica"".",2010,El sufrimiento en el contexto del VIH/SIDA. Aportes a la antropología teológica.,JANNETH MUNOZ RENDON
FILOSOFIA Y TEOLOGIA CRITICA,Informes de investigación,"Primer informe de avances de la investigación ""El sufrimiento en el contexto del VIH/SIDA. Aportes a la Antropología Teológica""",2009,El sufrimiento en el contexto del VIH/SIDA. Aportes a la antropología teológica.,JANNETH MUNOZ RENDON
URBANITAS,Informes de investigación,601_FO-MI-050-_Informe_de_avance_proyectos_Criterios estratégicos de patrocinios deportivos para la Responsabilidad Social Empresarial,2019,Criterios estratégicos de patrocinios deportivos para la Responsabilidad Social Empresarial,JUAN DIEGO LOPEZ MEDINA
URBANITAS,Informes de investigación,"Estrategias de producción, distribución y recepción de contenidos digitales en editoriales académicas: hacia un modelo integral editorial digital",2018,"Estrategias de producción, distribución y recepción de contenidos digitales en editoriales académicas: hacia un modelo integral editorial digital",EDWIN ANDRES SEPULVEDA CARDONA
URBANITAS,Informes de investigación,Ecosistema digital (APP Web) para Atención Primaria en Salud (APS) sobre la detección de consumo y adicciones. Fase 2,2018,Ecosistema digital (APP Web) para Atención Primaria en Salud (APS) sobre la detección de consumo y adicciones. Fase 2,EDWIN ANDRES SEPULVEDA CARDONA
URBANITAS,Informes de investigación,Informe de avance proyectos ImpoExport,2018,"Propuesta para establecer un mapa de proceso de creación y gestión de marcas sostenibles para el fortalecimiento de la Responsabilidad Social Empresarial (Caso sector confecciones);Mediación, acompañamiento y educación en sostenibilidad para un corredor de exportaciones.",JUAN DIEGO LOPEZ MEDINA
URBANITAS,Informes de investigación,Informe final proyecto Mapa Interactivo 2018-1,2018,Sistema interactivo de localización interna para la Universidad Católica Luis Amigó,JUAN DIEGO LOPEZ MEDINA
URBANITAS,Informes de investigación,Informe final de proyectos de investigación Marca sostenible,2017,Propuesta para establecer un mapa de proceso de creación y gestión de marcas sostenibles para el fortalecimiento de la Responsabilidad Social Empresarial (Caso sector confecciones),JUAN DIEGO LOPEZ MEDINA
URBANITAS,Informes de investigación,Informe final de proyectos de investigación RSE,2017,Responsabilidad Social Empresarial en el marco del posacuerdo de paz,JUAN DIEGO LOPEZ MEDINA
URBANITAS,Informes de investigación,Sistema digital para APS,2017,Sistema digital para Atención Primaria en Salud (APS) sobre la detección de consumo de Sustancias Psicoactivas (SPA),EDWIN ANDRES SEPULVEDA CARDONA
URBANITAS,Informes de investigación,601_FO-MI-050-_Informe_de_avance_proyectos_(V2) Juan-Diego López-Medina RSE,2017,Responsabilidad Social Empresarial en el marco del posacuerdo de paz,"JUAN DIEGO LOPEZ MEDINA, ANDRES FELIPE ALVAREZ CARDONA"
URBANITAS,Informes de investigación,601_FO-MI-050-_Informe_de_avance_proyectos_(V2) Juan-Diego López-Medina Marca sostenible,2017,Propuesta para establecer un mapa de proceso de creación y gestión de marcas sostenibles para el fortalecimiento de la Responsabilidad Social Empresarial (Caso sector confecciones),"JUAN DIEGO LOPEZ MEDINA, RAFAEL MAURICIO PARIS RESTREPO"
URBANITAS,Informes de investigación,Informe final de la investigación Literacidad electrónica: experiencias de lectura e inclusión de dispositivos electrónicos en bibliotecas,2015,Literacidad electrónica: experiencias de lectura e inclusión de dispositivos electrónicos en biblotecas,CARLOS SUAREZ QUICENO
URBANITAS,Informes de investigación,Informe final Comunicación e innovación en Pymes de Colombia,2015,"Soluciones e Instrumentos, innovando desde la Gestión de Conocimiento para la Comunicación",GABRIEL JAIME LOTERO ECHEVERRI
URBANITAS,Informes de investigación,Literacidad electrónica: diseño de experiencias de lectura e inclusión de dispositivos electrónicos en bibliotecas,2015,Literacidad electrónica en estudiantes universitarios: hacia un protocolo de inclusión de dispositivos móviles y libros electrónicos en bibliotecas,EDWIN ANDRES SEPULVEDA CARDONA
URBANITAS,Informes de investigación,Informe de avance de proyecto de investigación MP Fase 1,2015,Estructuración de plan de estudios y contenidos para maestría en publicidad. Fase 1.,JUAN DIEGO LOPEZ MEDINA
URBANITAS,Informes de investigación,Contenidos transmedia y crossmedia para la formación de competencias narrativas,2013,Contenidos transmedia y crossmedia para la formación de competencias narrativas,EDWIN ANDRES SEPULVEDA CARDONA
URBANITAS,Informes de investigación,Modelo para el diseño y producción de libros electrónicos interactivos (e-books) para Tablets PC,2012,Modelo para el diseño y producción de libros electrónicos interactivos (e-books) para Tablets PC.,EDWIN ANDRES SEPULVEDA CARDONA
URBANITAS,Informes de investigación,Estado del arte de la publicidad social en el escenario regional,2011,Estado del arte de la publicidad social en el escenario regional,ANA MESA FRANCO
FARMACODEPENDENCIA Y OTRAS ADICCIONES,Informes de investigación,Informe proyecto Funcionamiento Ejecutivo y su relación con el trastornos dismórfico corporal,2019,Funcionamiento ejecutivo y su relación con el trastorno dismórfico corporal en un grupo de usuarios del gimnasio de la Universidad Católica Luis Amigó,"SANDRA MILENA RESTREPO ESCOBAR, DUBIS MARCELA RINCON BARRETO"
FARMACODEPENDENCIA Y OTRAS ADICCIONES,Informes de investigación,Informe final primera fase,2017,Sistema digital para Atención Primaria en Salud (APS) sobre la detección de consumo de Sustancias Psicoactivas (SPA),"SANDRA MILENA RESTREPO ESCOBAR, EDWIN ANDRES SEPULVEDA CARDONA"
FARMACODEPENDENCIA Y OTRAS ADICCIONES,Informes de investigación,Informe de avance,2017,Sistema digital para Atención Primaria en Salud (APS) sobre la detección de consumo de Sustancias Psicoactivas (SPA),"SANDRA MILENA RESTREPO ESCOBAR, EDWIN ANDRES SEPULVEDA CARDONA"
AYELEN,Informes de investigación,Valoración del riesgo de exposición a la violencia filio-parental en familias con hijos adolescentes vinculados al Sistema de Responsabilidad Penal en Colombia,2019,Valoración del riesgo de exposición a la violencia filioparental en familias con hijos adolescentes vinculados al Sistema de Responsabilidad Penal en Colombia,"ROLAN CORREA LOPEZ, VIVIANA CARMENZA AVILA NAVARRETE"
AYELEN,Informes de investigación,TENDENCIA A LA VIOLENCIA FILIO-PARENTAL EN ADOLESCENTES VINCULADOS AL SISTEMA DE RESPONSABILIDAD PENAL,2018,TENDENCIA A LA VIOLENCIA FILIO-PARENTAL EN ADOLESCENTES COLOMBIANOS VINCULADOS AL SISTEMA DE RESPONSABILIDAD PENAL,VIVIANA CARMENZA AVILA NAVARRETE
AYELEN,Informes de investigación,Informe final del proyecto de investigación (FO-MI-051),2018,Analisis de los factores asociados a la deserción universitaria en programas a distancia tradicional y virtual en un grupo de instituciones educativas de Colombia: Estudio de casos múltiple,"GERMAN ANDRES TORRES ESCOBAR, LAURA STELLA PARRA ESPITIA, HEDRY OROZCO LARA, ADRIANA BELTRAN ARIZA, CARLOS JAIRO CABANZO CARRENO"
AYELEN,Informes de investigación,"Informe final 2018 proyecto Redes sociales, afrontamiento y migración Chile- Colombia-Panamá",2018,"Redes sociales, afrontamiento y migración Chile- Colombia-Panamá","PEDRO ALVAREZ MASSI, BENILDA LAYNE BERNAL"
AYELEN,Informes de investigación,"Informe final Estilos de vida saludable, estrategias de afrontamiento y ciberbullying en las Universidad Católica Luis Amigo y Miguel de cervantes Santiago de Chile",2017,"Estrategias de afrontamiento, estilos de vida saludable y cyberbulling en estudiantes Universitarios de la  Fundación Universitaria Luís Amigó y Miguel de Cervantes Santiago de Chile","BENILDA LAYNE BERNAL, PEDRO ALVAREZ MASSI"
AYELEN,Informes de investigación,"Estilos de vida saludable, Estrategias de afrontamiento y ciberbulling en estudiantes de la Fundación Universitaria Luís Amigó FUNLAM Centro Regional Bogotá y La Universidad Miguel de Cervantes UMC Santiago de Chile",2017,"Estrategias de afrontamiento, estilos de vida saludable y cyberbulling en estudiantes Universitarios de la  Fundación Universitaria Luís Amigó y Miguel de Cervantes Santiago de Chile","BENILDA LAYNE BERNAL, PEDRO ALVAREZ MASSI"
AYELEN,Informes de investigación,LA FAMILIA COLOMBIANA ACTUAL Y SU RELACION CON PROBLEMAS INTERNALIZADOS Y EXTERNALIZADOS EN LOS ADOLESCENTES,2016,LA FAMILIA COLOMBIANA ACTUAL Y SU RELACION CON PROBLEMAS INTERNALIZADOS Y EXTERNALIZADOS EN LOS ADOLESCENTES,"VIVIANA CARMENZA AVILA NAVARRETE, NORMAN DARIO MORENO CARMONA, PAULJAVIER BEDOYA PASTRANA"
AYELEN,Informes de investigación,Victimas policiales Revisión documental,2015,Victimas policiales,BENILDA LAYNE BERNAL
AYELEN,Informes de investigación,PONENCIA: EL EMPRENDIMIENTO EN LAS INSTITUCIONES EDUCATIVAS,2014,FUNLAM EMPRENDE,MIGUEL SIERRA ALVAREZ
AYELEN,Informes de investigación,"Bullying, ejercicio del poder en las Instituciones Escolares: Narratividades y Resolución",2013,"Bullying: Construcción de lo Social en instituciones educativas, respuestas pedagógicas",SANDRA LUZ CASTRO LESMES
AYELEN,Informes de investigación,Ritualidad y Sincretismos: Manifestaciones de Resistencia Cultural en Colombia,2013,"Mito y Rito: Sincretismos y Resistencias en el siglo XXI ""El caso de San Pascual Baylón"" en el dpto de Boyacá",SANDRA LUZ CASTRO LESMES
AYELEN,Informes de investigación,Condcuta suicida en Universidades de Bogota,2013,Dimensión psicosocial de la  construcción del intento de suicidio en universitarios a la luz del interaccionismo simbolico,BENILDA LAYNE BERNAL
AYELEN,Informes de investigación,Informe de investigación Estatuto Conceptual y Didácticas en la Licenciatura en Pedagogía Reeducativa (Capítulo II),2009,ESTATUTO CONCEPTUAL Y DIDACTICAS EN LA LICENCIATURA EN PEDAGOGÌA REEDUCATIVA (CAPITULO II),NOHORA PATRICIA ARIZA HERNANDEZ
AYELEN,Informes de investigación,Informe de investigación Estado del Arte en Inclusión e Integración Escolar,2009,Estado del Arte en Inclusión e Integración Escolar,PILAR ASTRID GUTIERREZ VALDERRAMA
AYELEN,Informes de investigación,Informe de investigación Estado del Arte en experiencias significativas en Inclusión y/o integración escolar.,2009,Estado del Arte en experiencias significativas en Inclusión y/o integración escolar.,PILAR ASTRID GUTIERREZ VALDERRAMA
CALIDAD DE VIDA,Informes de investigación,"ACTORES SOCIALES, PARTICIPACIÓN CIUDADANA E INNOVACIÓN. Triada de consolidación en la relación Estado - Sociedad Civil",2017,"Movimientos sociales y Participación ciudadana;ACTORES SOCIALES, PARTICIPACIÓN CIUDADANA E INNOVACIÓN. Triada de consolidación en la relación Estado - Sociedad Civil","ESTELIO JOSE ANGULO, MIREYA JOSEFINA SALAS DE GONZALEZ, MIGUEL EDUARDO NEGRON FUENMAYOR"
CALIDAD DE VIDA,Informes de investigación,Movimientos sociales y Participación ciudadana,2015,Movimientos sociales y Participación ciudadana,ESTELIO JOSE ANGULO
CALIDAD DE VIDA,Informes de investigación,"Violencia Intrafamiliar como factor de riesgo en el desarrollo integral del Niño, un problema prioritario del desarrollo Social.",2008,,CLARA HELENA GENES BITAR
CALIDAD DE VIDA,Informes de investigación,"Agenda Prospectiva de Ciencia y Tecnologia, departamento de Cordoba",2008,,CLARA HELENA GENES BITAR
CALIDAD DE VIDA,Informes de investigación,"Prevalencia de la tuberculosis en vidales, Cordoba 1989",2000,,CLARA HELENA GENES BITAR
ESTUDIOS DE FENOMENOS PSICOSOCIALES,Informes de investigación,"ACTA DE INICIO DE PROYECTOS DE INVESTIGACIÓN ""Factores psicosociales relacionados con la desconexión moral en adolescentes y jóvenes""",2021,Factores psicosociales relacionados con la desconexión moral en adolescentes y jóvenes.,ANYERSON STITHS GOMEZ TABARES
ESTUDIOS DE FENOMENOS PSICOSOCIALES,Informes de investigación,"ACTA DE INICIO DE PROYECTOS DE INVESTIGACIÓN ""Efectos de la insensibilidad emocional en el uso de los mecanismos de desconexión moral, según el sexo y el tipo de delito, en adolescentes infractores de la ley""",2021,"Efectos de la insensibilidad emocional en el uso de los mecanismos de desconexión moral, según el sexo y el tipo de delito, en adolescentes infractores de la ley",ANYERSON STITHS GOMEZ TABARES
ESTUDIOS DE FENOMENOS PSICOSOCIALES,Informes de investigación,"MECANISMOS DE DESCONEXIÓN MORAL Y PREDICTORES PSICOSOCIALES EN ADOLESCENTES INFRACTORES DE LA LEY, EN MANIZALES Y MEDELLÍN (COLOMBIA)",2020,"MECANISMOS DE DESCONEXIÓN MORAL Y PREDICTORES PSICOSOCIALES EN ADOLESCENTES INFRACTORES DE LA LEY, EN MANIZALES Y MEDELLÍN (COLOMBIA)","ANYERSON STITHS GOMEZ TABARES, NICOLASA MARIA DURAN PALACIO"
ESTUDIOS DE FENOMENOS PSICOSOCIALES,Informes de investigación,"FASE III ""Hacía una comprensión integral e integradora del suicidio. ¿la realidad no vista por unos y padecida por otros¿. La prevención del suicidio es una posibilidad de todos y todas""",2020,FASE II Hacia una comprensión integral e integradora del suicidio. La realidad no vista por unos y padecida por otro. La prevención del suicidio es una posibilidad de todos y todas¿;Fase III Hacia una comprensión integral e integradora del suicidio. La realidad no vista por unos y padecida por otro. La prevención del suicidio es una posibilidad de todos y todas¿,SANDRA ISABEL MEJIA ZAPATA
ESTUDIOS DE FENOMENOS PSICOSOCIALES,Informes de investigación,Informe final de investigación 2020,2020,Sistematización de experiencias en la Intervención Psicosocial con Recicladores,HEIDI SMITH PULIDO VARON
ESTUDIOS DE FENOMENOS PSICOSOCIALES,Informes de investigación,"Promoción de competencias prosociales en niños(as) de 5 a 7 años con problemáticas comportamentales, mediante la implementación de una estrategia educativa asistida con perros (EEA), en contextos educativos",2020,"Promoción de competencias prosociales en niños(as) de 5 a 7 años con problemáticas comportamentales, mediante la implementación de una estrategia educativa asistida con perros (EEA), en contextos educativos",MARIA CRISTINA CORREA DUQUE
ESTUDIOS DE FENOMENOS PSICOSOCIALES,Informes de investigación,Dinámicas migratorias de venezolanos y venezolanas irregulares residentes en el departamento de Antioquia,2020,Dinámicas migratorias de los Venezolanos regulares e irregulares residentes en el departamento de Antioquia,"KATY LUZ MILLAN OTERO, NICOLASA MARIA DURAN PALACIO"
ESTUDIOS DE FENOMENOS PSICOSOCIALES,Informes de investigación,"INFORME FINAL DE INVESTIGACIÓN ""MECANISMOS DE DESCONEXIÓN MORAL Y PREDICTORES PSICOSOCIALES EN ADOLESCENTES INFRACTORES DE LA LEY, EN MANIZALES Y MEDELLÍN (COLOMBIA)""",2020,"MECANISMOS DE DESCONEXIÓN MORAL Y PREDICTORES PSICOSOCIALES EN ADOLESCENTES INFRACTORES DE LA LEY, EN MANIZALES Y MEDELLÍN (COLOMBIA)",ANYERSON STITHS GOMEZ TABARES
ESTUDIOS DE FENOMENOS PSICOSOCIALES,Informes de investigación,"INFORME FINAL DE INVESTIGACIÓN ""Conductas prosociales y su relación con la desconexión moral en adolescentes desvinculados de grupos armados ilegales""",2020,Conductas prosociales y su relación con la desconexión moral en adolescentes desvinculados de grupos armados ilegales,ANYERSON STITHS GOMEZ TABARES
ESTUDIOS DE FENOMENOS PSICOSOCIALES,Informes de investigación,"Estudio de prevalencia en salud mental en NNA institucionalizados bajo medida de protección y responsabilidad penal, en Manizales y Medellín (Colombia)",2020,"Estudio de prevalencia en salud mental en NNA institucionalizados bajo medida de protección y responsabilidad penal, en Manizales y Medellín (Colombia)","MAGDA VICTORIA DIAZ ALZATE, JORGE HERNAN GONZALEZ CORTES"
ESTUDIOS DE FENOMENOS PSICOSOCIALES,Informes de investigación,INFORME FINAL DE INVESTIGACIÓN SOBRE PARTICIPACIÓN DE NIÑOS Y NIÑAS EN LAS COMISIONES DE LA VERDAD EN COLOMBIA,2020,Participación de niños y niñas en las Comisiones de la Verdad en Colombia,HERWIN EDUARDO CARDONA QUITIAN
ESTUDIOS DE FENOMENOS PSICOSOCIALES,Informes de investigación,Disposición hacia la reconciliación social en jóvenes con medidas privativas de la libertad en el Centro de Atención al joven Carlos Lleras Restrepo de Medellín y en la Ciudadela Los Zagales Escuela de Trabajo La Linda en Manizales.,2020,Disposición hacia la reconciliación social en jóvenes con medidas privativas de la libertad en el Centro de Atención al joven Carlos Lleras Restrepo de Medellín y en la Ciudadela Los Zagales Escuela de Trabajo La Linda en Manizales.,NICOLASA MARIA DURAN PALACIO
ESTUDIOS DE FENOMENOS PSICOSOCIALES,Informes de investigación,"INFORME FINAL DE INVESTIGACIÓN ""Riesgo suicida y su relación con la inteligencia emocional y la autoestima en estudiantes universitarios""",2020,Riesgo suicida y su relación con la inteligencia emocional y la autoestima en estudiantes universitarios,ANYERSON STITHS GOMEZ TABARES
ESTUDIOS DE FENOMENOS PSICOSOCIALES,Informes de investigación,INFORME FINAL DE PROYECTOS DE INVESTIGACIÓN,2020,Dinámicas migratorias de los Venezolanos regulares e irregulares residentes en el departamento de Antioquia,"NICOLASA MARIA DURAN PALACIO, KATY LUZ MILLAN OTERO"
ESTUDIOS DE FENOMENOS PSICOSOCIALES,Informes de investigación,Informe de investigación institucional sobre el Proyecto Hacía una comprensión integral e integradora del suicidio ¿la realidad no vista por unos y padecida por otros?,2020,Hacía una comprensión integral e integradora del suicidio. ¿la realidad no vista por unos y padecida por otros,"JOHN JAIRO GARCIA PENA, GLORIA CECILIA CARDONA RIOS, ELIZA KRATC GIL, MARCOS FIDEL VEGA SENA"
ESTUDIOS DE FENOMENOS PSICOSOCIALES,Informes de investigación,"ACTA DE INICIO DE PROYECTOS DE INVESTIGACIÓN ""Conductas prosociales y su relación con la desconexión moral en adolescentes desvinculados de grupos armados ilegales""",2020,Conductas prosociales y su relación con la desconexión moral en adolescentes desvinculados de grupos armados ilegales,ANYERSON STITHS GOMEZ TABARES
ESTUDIOS DE FENOMENOS PSICOSOCIALES,Informes de investigación,"ACTA DE INICIO DE PROYECTOS DE INVESTIGACIÓN ""MECANISMOS DE DESCONEXIÓN MORAL Y PREDICTORES PSICOSOCIALES EN ADOLESCENTES INFRACTORES DE LA LEY, EN MANIZALES Y MEDELLÍN (COLOMBIA)""",2020,"MECANISMOS DE DESCONEXIÓN MORAL Y PREDICTORES PSICOSOCIALES EN ADOLESCENTES INFRACTORES DE LA LEY, EN MANIZALES Y MEDELLÍN (COLOMBIA)",ANYERSON STITHS GOMEZ TABARES
ESTUDIOS DE FENOMENOS PSICOSOCIALES,Informes de investigación,"ACTA DE INICIO DE PROYECTOS DE INVESTIGACIÓN ""Riesgo suicida y su relación con la inteligencia emocional y la autoestima en estudiantes universitarios""",2020,Riesgo suicida y su relación con la inteligencia emocional y la autoestima en estudiantes universitarios,ANYERSON STITHS GOMEZ TABARES
ESTUDIOS DE FENOMENOS PSICOSOCIALES,Informes de investigación,"FASE II ""Hacía una comprensión integral e integradora del suicidio. ¿la realidad no vista por unos y padecida por otros¿. La prevención del suicidio es una posibilidad de todos y todas""",2019,FASE II Hacia una comprensión integral e integradora del suicidio. La realidad no vista por unos y padecida por otro. La prevención del suicidio es una posibilidad de todos y todas¿,SANDRA ISABEL MEJIA ZAPATA
ESTUDIOS DE FENOMENOS PSICOSOCIALES,Informes de investigación,Factores de inclusión y permanencia d las mujeres en su formación profesional en la Universidad Católica Luis Amigó,2019,"Factores de Inclusión y Permanencia de las Mujeres, en su Formación Profesional en la Universidad Católica Luis Amigó",SANDRA ISABEL MEJIA ZAPATA
ESTUDIOS DE FENOMENOS PSICOSOCIALES,Informes de investigación,"Informe final de investigación ""PROMOCIÓN DE COMPETENCIAS PROSOCIALES EN NIÑOS(AS) DE 5 A 7 AÑOS CON PROBLEMÁTICAS COMPORTAMENTALES, MEDIANTE LA IMPLEMENTACIÓN DE UNA ESTRATEGIA EDUCATIVA ASISTIDA CON PERROS (EAA), EN CONTEXTOS EDUCATIVOS""",2019,"PROMOCIÓN DE COMPETENCIAS PROSOCIALES EN NIÑOS(AS) DE 5 A 7 AÑOS CON PROBLEMÁTICAS COMPORTAMENTALES, MEDIANTE LA IMPLEMENTACIÓN DE UNA ESTRATEGIA EDUCATIVA ASISTIDA CON PERROS (EAA), EN CONTEXTOS EDUCATIVOS",ANYERSON STITHS GOMEZ TABARES
ESTUDIOS DE FENOMENOS PSICOSOCIALES,Informes de investigación,"Informe final de investigación ""Influencia de los patrones de crianza y estilos parentales en el desarrollo moral y la afectividad en escolares entre los 9 y 14 años, en la ciudad de Manizales""",2019,"Influencia de los patrones de crianza y estilos parentales en el desarrollo moral y la afectividad en escolares entre los 9 y 14 años, en la ciudad de Manizales",ANYERSON STITHS GOMEZ TABARES
ESTUDIOS DE FENOMENOS PSICOSOCIALES,Informes de investigación,INFORME FINAL DE INVESTIGACIÓN SOBRE ANÁLISIS LITERARIO DEL ABUSO INFANTIL EN COLOMBIA,2019,Narrativas sobre casos de abuso sexual infantil en Colombia: un análisis literario,HERWIN EDUARDO CARDONA QUITIAN
ESTUDIOS DE FENOMENOS PSICOSOCIALES,Informes de investigación,Informe final de investigación 2019,2019,Fortalecimiento de las capacidades comunitaria para la paz,HEIDI SMITH PULIDO VARON
ESTUDIOS DE FENOMENOS PSICOSOCIALES,Informes de investigación,"Promoción de competencias prosociales en niños(as) de 5 a 7 años con problemáticas comportamentales, mediante la implementación de una estrategia educativa asistida con perros (EEA), en contextos educativos",2019,"Promoción de competencias prosociales en niños(as) de 5 a 7 años con problemáticas comportamentales, mediante la implementación de una estrategia educativa asistida con perros (EEA), en contextos educativos","ANYERSON STITHS GOMEZ TABARES, MARIA CRISTINA CORREA DUQUE"
ESTUDIOS DE FENOMENOS PSICOSOCIALES,Informes de investigación,Reconocimiento de prácticas estético-políticas de mujeres artistas que aportan a la configuración de ciudadanías en el territorio Fase II,2019,Reconocimiento de prácticas estético-políticas de mujeres artistas que aportan a la configuración de ciudadanías en el territorio. Fase II,"MAGDA VICTORIA DIAZ ALZATE, NICOLASA MARIA DURAN PALACIO"
ESTUDIOS DE FENOMENOS PSICOSOCIALES,Informes de investigación,Reconocimiento de prácticas estético-políticas de mujeres artistas que aportan a la configuración de ciudadanías en el territorio. Fase II,2019,Reconocimiento de prácticas estético-políticas de mujeres artistas que aportan a la configuración de ciudadanías en el territorio. Fase II,"MAGDA VICTORIA DIAZ ALZATE, NICOLASA MARIA DURAN PALACIO, JUAN CARLOS TABARES CASTRILLON, LYDA MARCELA SUAREZ PULGARIN"
ESTUDIOS DE FENOMENOS PSICOSOCIALES,Informes de investigación,INFORME FINAL DE PROYECTOS DE INVESTIGACIÓN,2019,"Relación entre mediación parental y apoyo social percibido en adolescentes víctimas y agresores de cyberbullying de los municipios de Medellín y Bello, Antioquia.",KATY LUZ MILLAN OTERO
ESTUDIOS DE FENOMENOS PSICOSOCIALES,Informes de investigación,"ACTA DE INICIO DE PROYECTOS DE INVESTIGACIÓN Influencia de los patrones de crianza y estilos parentales en el desarrollo moral y la afectividad en escolares entre los 9 y 14 años, en la ciudad de Manizales",2019,"Influencia de los patrones de crianza y estilos parentales en el desarrollo moral y la afectividad en escolares entre los 9 y 14 años, en la ciudad de Manizales",ANYERSON STITHS GOMEZ TABARES
ESTUDIOS DE FENOMENOS PSICOSOCIALES,Informes de investigación,"ACTA DE INICIO DE PROYECTOS DE INVESTIGACIÓN PROMOCIÓN DE COMPETENCIAS PROSOCIALES EN NIÑOS(AS) DE 5 A 7 AÑOS CON PROBLEMÁTICAS COMPORTAMENTALES, MEDIANTE LA IMPLEMENTACIÓN DE UNA ESTRATEGIA EDUCATIVA ASISTIDA CON PERROS (EAA), EN CONTEXTOS EDUCATIVOS",2019,"PROMOCIÓN DE COMPETENCIAS PROSOCIALES EN NIÑOS(AS) DE 5 A 7 AÑOS CON PROBLEMÁTICAS COMPORTAMENTALES, MEDIANTE LA IMPLEMENTACIÓN DE UNA ESTRATEGIA EDUCATIVA ASISTIDA CON PERROS (EAA), EN CONTEXTOS EDUCATIVOS",ANYERSON STITHS GOMEZ TABARES
ESTUDIOS DE FENOMENOS PSICOSOCIALES,Informes de investigación,INFORME FINAL DE PROYECTOS DE INVESTIGACIÓN Factores de riesgo y predictores psicosociales y neuropsicológicos asociados a la conducta suicida en estudiantes universitarios entre 16 a 25 años en la ciudad de Manizales,2018,Factores de riesgo y predictores psicosociales y neuropsicológicos asociados a la conducta suicida en estudiantes universitarios entre 16 a 25 años en la ciudad de Manizales,ANYERSON STITHS GOMEZ TABARES
ESTUDIOS DE FENOMENOS PSICOSOCIALES,Informes de investigación,"FASE I ""Hacía una comprensión integral e integradora del suicidio. ¿la realidad no vista por unos y padecida por otros¿. La prevención del suicidio es una posibilidad de todos y todas""",2018,FASE II Hacia una comprensión integral e integradora del suicidio. La realidad no vista por unos y padecida por otro. La prevención del suicidio es una posibilidad de todos y todas¿,SANDRA ISABEL MEJIA ZAPATA
ESTUDIOS DE FENOMENOS PSICOSOCIALES,Informes de investigación,"INFORME FINAL DE PROYECTOS DE INVESTIGACIÓN Dimensiones de la prosocialidad en adolescentes pertenecientes a la modalidad Hogar Sustituto Vulneración del Instituto Colombiano de Bienestar Familiar, Centro Zonal Manizales 2 y Centro Zonal del Café.",2018,"Dimensiones de la prosocialidad en adolescentes pertenecientes a la modalidad Hogar Sustituto Vulneración del Instituto Colombiano de Bienestar Familiar, Centro Zonal Manizales 2 y Centro Zonal del Café.",ANYERSON STITHS GOMEZ TABARES
ESTUDIOS DE FENOMENOS PSICOSOCIALES,Informes de investigación,INFORME FINAL DE INVESTIGACIÓN NARRATIVAS SOBRE CASOS DE ABUSO SEXUAL INFANTIL EN COLOMBIA QUE DERIVARON EN ASESINATO,2018,Narrativas sobre casos de abuso sexual infantil en Colombia que derivaron en asesinato durante el periodo 2009-2017,HERWIN EDUARDO CARDONA QUITIAN
ESTUDIOS DE FENOMENOS PSICOSOCIALES,Informes de investigación,Informe de investigación institucional sobre proyecto Evaluación de la eficacia de un protocolo de diagnóstico e intervención neurocognitivo y psicosocial en personas desvinculadas del conflicto armado en Colombia,2018,Evaluación de la eficacia de un protocolo de diagnóstico e intervención neurocognitivo y psicosocial en personas desvinculadas del conflicto armado en Colombia.,"JOHN JAIRO GARCIA PENA, CLAUDIA MARCELA ARANA MEDINA"
ESTUDIOS DE FENOMENOS PSICOSOCIALES,Informes de investigación,Diplomado Construcción comunitaria de paz para líderes de la Comuna 4 de Medellín,2018,Fortalecimiento de Capacidades para la Paz en líderes comunitarios,"HEIDI SMITH PULIDO VARON, NICOLASA MARIA DURAN PALACIO"
ESTUDIOS DE FENOMENOS PSICOSOCIALES,Informes de investigación,"Narrativas colectivas, diálogo público y reconciliación social",2018,"Narrativas colectivas, diálogo público y reconciliación social","PAULA VANESSA SANCHEZ AGUDELO, CRISTIAN ALBERTO ROJAS GRANADA, NELVIA VICTORIA LUGO AGUDELO"
ESTUDIOS DE FENOMENOS PSICOSOCIALES,Informes de investigación,Acciones comunitarias que promueven la construcción de sentidos para la transformación política en el territorio. Fase I,2018,Acciones comunitarias que promueven la construcción de sentidos para la transformación política en el territorio,"MAGDA VICTORIA DIAZ ALZATE, NICOLASA MARIA DURAN PALACIO, LYDA MARCELA SUAREZ PULGARIN, JUAN CARLOS TABARES CASTRILLON"
ESTUDIOS DE FENOMENOS PSICOSOCIALES,Informes de investigación,Informe final de investigación 2018,2018,Fortalecimiento de las capacidades comunitaria para la paz,HEIDI SMITH PULIDO VARON
ESTUDIOS DE FENOMENOS PSICOSOCIALES,Informes de investigación,Acciones comunitarias que promueven la construcción de sentidos para la transformación política en el territorio,2018,Acciones comunitarias que promueven la construcción de sentidos para la transformación política en el territorio,"MAGDA VICTORIA DIAZ ALZATE, NICOLASA MARIA DURAN PALACIO"
ESTUDIOS DE FENOMENOS PSICOSOCIALES,Informes de investigación,"Informe de avance para proyectos de investigación Dimensiones de la prosocialidad en adolescentes pertenecientes a la modalidad Hogar Sustituto Vulneración del Instituto Colombiano de Bienestar Familiar, Centro Zonal Manizales 2 y Centro Zonal del Café.",2018,"Dimensiones de la prosocialidad en adolescentes pertenecientes a la modalidad Hogar Sustituto Vulneración del Instituto Colombiano de Bienestar Familiar, Centro Zonal Manizales 2 y Centro Zonal del Café.",ANYERSON STITHS GOMEZ TABARES
ESTUDIOS DE FENOMENOS PSICOSOCIALES,Informes de investigación,Informe de avance para proyectos de investigación Factores de riesgo y predictores psicosociales y neuropsicológicos asociados a la conducta suicida en estudiantes universitarios entre 16 a 25 años en la ciudad de Manizales,2018,Factores de riesgo y predictores psicosociales y neuropsicológicos asociados a la conducta suicida en estudiantes universitarios entre 16 a 25 años en la ciudad de Manizales,ANYERSON STITHS GOMEZ TABARES
ESTUDIOS DE FENOMENOS PSICOSOCIALES,Informes de investigación,Ser Mujer. Configuración de subjetividades frente a discursos de poder hegemónicos,2018,Ser Mujer. Configuración de subjetividades frente a discursos de poder hegemónicos,MAGDA VICTORIA DIAZ ALZATE
ESTUDIOS DE FENOMENOS PSICOSOCIALES,Informes de investigación,"ACTA DE INICIO DE PROYECTOS DE INVESTIGACIÓN Dimensiones de la prosocialidad en adolescentes pertenecientes a la modalidad Hogar Sustituto Vulneración del Instituto Colombiano de Bienestar Familiar, Centro Zonal Manizales 2 y Centro Zonal del Café.",2018,"Dimensiones de la prosocialidad en adolescentes pertenecientes a la modalidad Hogar Sustituto Vulneración del Instituto Colombiano de Bienestar Familiar, Centro Zonal Manizales 2 y Centro Zonal del Café.",ANYERSON STITHS GOMEZ TABARES
ESTUDIOS DE FENOMENOS PSICOSOCIALES,Informes de investigación,ACTA DE INICIO DE PROYECTOS DE INVESTIGACIÓN Factores de riesgo y predictores psicosociales y neuropsicológicos asociados a la conducta suicida en estudiantes universitarios entre 16 a 25 años en la ciudad de Manizales,2018,Factores de riesgo y predictores psicosociales y neuropsicológicos asociados a la conducta suicida en estudiantes universitarios entre 16 a 25 años en la ciudad de Manizales,ANYERSON STITHS GOMEZ TABARES
ESTUDIOS DE FENOMENOS PSICOSOCIALES,Informes de investigación,Modelo de gestión de apoyos para la empleabilidad de personas con diversidad funcional (discapacidad),2017,Modelo de gestión de apoyos para la empleabilidad de personas con diversidad funcional (discapacidad),SANDRA ISABEL MEJIA ZAPATA
ESTUDIOS DE FENOMENOS PSICOSOCIALES,Informes de investigación,"INFORME FINAL DE PROYECTOS DE INVESTIGACIÓN Conductas prosociales en niños, niñas y adolescentes desvinculados de grupos armados ilegales, pertenecientes a la modalidad Hogar Sustituto Tutor del Instituto Colombiano de Bienestar Familiar, en la ciudad de Manizales",2017,"Conductas prosociales en niños, niñas y adolescentes desvinculados de grupos armados ilegales, pertenecientes a la modalidad Hogar Sustituto Tutor del Instituto Colombiano de Bienestar Familiar, en la ciudad de Manizales",ANYERSON STITHS GOMEZ TABARES
ESTUDIOS DE FENOMENOS PSICOSOCIALES,Informes de investigación,Fortalecimiento de capacidades para la construcción de paz en líderes comunitarios,2017,Fortalecimiento de Capacidades para la Paz en líderes comunitarios,"HEIDI SMITH PULIDO VARON, NICOLASA MARIA DURAN PALACIO"
ESTUDIOS DE FENOMENOS PSICOSOCIALES,Informes de investigación,Implicaciones de la posición subjetiva de los padres en el tratamiento psicopedagógico de niños que presentan Necesidades Educativas Especiales en la Corporación Ser Especial,2017,Implicaciones de la posición subjetiva de los padres en el tratamiento psicopedagógico de niños que presentan Necesidades Educativas Especiales en la Corporación Ser Especial,"MAGDA VICTORIA DIAZ ALZATE, DIEGO LEON AGUDELO CORDOBA, NICOLASA MARIA DURAN PALACIO"
ESTUDIOS DE FENOMENOS PSICOSOCIALES,Informes de investigación,Narrativas de sobrevivencia y restauración con víctimas del conflicto armado en Caldas,2017,Narrativas de sobrevivencia y restauración con víctimas del conflicto armado en Caldas,"NELVIA VICTORIA LUGO AGUDELO, PAULA VANESSA SANCHEZ AGUDELO, CRISTIAN ALBERTO ROJAS GRANADA"
ESTUDIOS DE FENOMENOS PSICOSOCIALES,Informes de investigación,"Informe de avance para proyectos de investigación Conductas prosociales en niños, niñas y adolescentes desvinculados de grupos armados ilegales, pertenecientes a la modalidad Hogar Sustituto Tutor del Instituto Colombiano de Bienestar Familiar, en la ciudad de Manizales",2017,"Conductas prosociales en niños, niñas y adolescentes desvinculados de grupos armados ilegales, pertenecientes a la modalidad Hogar Sustituto Tutor del Instituto Colombiano de Bienestar Familiar, en la ciudad de Manizales",ANYERSON STITHS GOMEZ TABARES
ESTUDIOS DE FENOMENOS PSICOSOCIALES,Informes de investigación,"ACTA DE INICIO DE PROYECTOS DE INVESTIGACIÓN Conductas prosociales en niños, niñas y adolescentes desvinculados de grupos armados ilegales, pertenecientes a la modalidad Hogar Sustituto Tutor del Instituto Colombiano de Bienestar Familiar, en la ciudad de Manizales",2017,"Conductas prosociales en niños, niñas y adolescentes desvinculados de grupos armados ilegales, pertenecientes a la modalidad Hogar Sustituto Tutor del Instituto Colombiano de Bienestar Familiar, en la ciudad de Manizales",ANYERSON STITHS GOMEZ TABARES
ESTUDIOS DE FENOMENOS PSICOSOCIALES,Informes de investigación,Desarrollo de Habilidades para la vida en la prevención de las adicciones de adolescentes de12 a 14 años escolarizados en instituciones educativas públicas de la ciudad de Medellín,2016,Desarrollo de Habilidades para la vida en la prevención de las adicciones de adolescentes de 12 a 14 años escolarizados en Instituciones Educativas públicas de la ciudad de Medellín,SANDRA ISABEL MEJIA ZAPATA
ESTUDIOS DE FENOMENOS PSICOSOCIALES,Informes de investigación,Informe de investigación institucional Funlam,2016,"Evaluación, diagnóstico e intervención neurocognitiva y psicosocial de niños entre los 7 y 9 años que presentan comportamientos disruptivos y pertenecen a población vulnerable de la ciudad de Medellín.","JOHN JAIRO GARCIA PENA, CLAUDIA MARCELA ARANA MEDINA"
ESTUDIOS DE FENOMENOS PSICOSOCIALES,Informes de investigación,"Desarrollo de Habilidades para la vida en la prevención de las conductas adictivas en adolescentes de 12 a 14 años, escolarizados en instituciones educativas públicas de Medellín",2016,Desarrollo de Habilidades para la vida en la prevención de las adicciones de adolescentes de 12 a 14 años escolarizados en Instituciones Educativas públicas de la ciudad de Medellín,"MAGDA VICTORIA DIAZ ALZATE, SANDRA ISABEL MEJIA ZAPATA"
ESTUDIOS DE FENOMENOS PSICOSOCIALES,Informes de investigación,Evaluación del índice de severidad de psicopatía en población habitante de calle consumidora de sustancias psicoactivas en Medellín,2016,Evaluación del índice de severidad de Psicopatía de la población habitante de calle consumidora de Sustancias Psicoactivas de la Ciudad de Medellín,"MAGDA VICTORIA DIAZ ALZATE, SANDRA MILENA RESTREPO ESCOBAR"
ESTUDIOS DE FENOMENOS PSICOSOCIALES,Informes de investigación,"Informe Final Proyecto ""La Familia Colombiana actual y su relación con problemas internalizados y externalizados en los adolescentes",2016,La Familia Colombiana Actual y su relación con problemas internalizados y externalizados en los adolescentes,NORMAN DARIO MORENO CARMONA
ESTUDIOS DE FENOMENOS PSICOSOCIALES,Informes de investigación,Informe de investigación institucional validación de la Escala de Bienestar psicológico - EBP.,2016,Validación de la Escala de Bienestar psicológico - EBP,"JOHN JAIRO GARCIA PENA, CLAUDIA MARCELA ARANA MEDINA"
ESTUDIOS DE FENOMENOS PSICOSOCIALES,Informes de investigación,Percepción de legalidad en la población rural del Altiplano del Oriente Antioqueño,2016,Percepción de legalidad en campesinos organizados del Altiplano del  Oriente antioqueño;Percepción de legalidad en Campesinos Organizados del Altiplano del Oriente Antioqueño,"NICOLASA MARIA DURAN PALACIO, SONIA NATALIA COGOLLO OSPINA, NORMAN DARIO MORENO CARMONA"
ESTUDIOS DE FENOMENOS PSICOSOCIALES,Informes de investigación,Informe de investigación institucional,2015,Efectividad y Eficacia en la articulación de acciones institucionales para la atención de las víctimas de violencias sexuales a través de la Ruta de Atención Intersectorial en la ciudad de Medellín,JOHN JAIRO GARCIA PENA
ESTUDIOS DE FENOMENOS PSICOSOCIALES,Informes de investigación,Construcción de Vinculos de Jóvenes y despliegue de subjetividades,2015,Construcción de Vinculos de Jóvenes y despliegue de subjetividades,MAGDA VICTORIA DIAZ ALZATE
ESTUDIOS DE FENOMENOS PSICOSOCIALES,Informes de investigación,Informe Final Desarrollo Positivo del adolescente como protector de conductas de riesgo. Un estudio comparativo Colombia-México,2015,Desarrollo Positivo del Adolescente como protector de conductas de riesgo. Un estudio comparativo Colombia-México,NORMAN DARIO MORENO CARMONA
ESTUDIOS DE FENOMENOS PSICOSOCIALES,Informes de investigación,Ordenes discursivos en torno a la reincidencia del adolescente infractor,2015,Ordenes discursivos sociales e institucionales sobre la reincidencia del adolescente infractor en Manizales,PAULA VANESSA SANCHEZ AGUDELO
ESTUDIOS DE FENOMENOS PSICOSOCIALES,Informes de investigación,"Informe de investigación institucional sobre proyecto internacional Santiago de Chile y Medellín, Colombia.",2015,"Sentidos de la ley, nociones y prácticas de justicia en la comunidad educativa. Un estudio comparado Medellín Colombia - Santiago de Chile, en el marco de una educación para la paz CEPAR- Fase III.",JOHN JAIRO GARCIA PENA
ESTUDIOS DE FENOMENOS PSICOSOCIALES,Informes de investigación,El núcleo central de las representaciones sociales de los medellinenses acerca de los estadounidenses y de los franceses.,2015,,DAMIEN LE GAL FRANCOIS
ESTUDIOS DE FENOMENOS PSICOSOCIALES,Informes de investigación,"Informe Final Proyecto: Hacia un Observatorio de Infancia Niñez y Adolescencia en el Municipio de la Estrella Antioquia, Fase I",2014,"Hacia un Observatorio de Infancia y Adolescencia en el Municipio de la Estrella, Antioquia","NICOLASA MARIA DURAN PALACIO, NORMAN DARIO MORENO CARMONA"
ESTUDIOS DE FENOMENOS PSICOSOCIALES,Informes de investigación,"Construcción y ejecución de técnicas alternativas para abordar la intimidación escolar en las aulas, un proceso participativo y de responsabilidad social.",2014,"Bullying en instituciones educativas, un modo de ejercer el poder",PAULA VANESSA SANCHEZ AGUDELO
ESTUDIOS DE FENOMENOS PSICOSOCIALES,Informes de investigación,"Informe final del proyecto Evaluación Diagnóstico y rehabilitación neurocognitiva y psicosocial, de niños en edades comprendidas entre 5 y 9 años, que presentan comportamientos disruptivos y pertenecen a población vulnerable de la ciudad de Medellín",2014,"Evaluación Diagnóstico y rehabilitación neurocognitiva y psicosocial, de niños en edades comprendidas entre 5 y 9 años, que presentan comportamientos disruptivos y pertenecen a población vulnerable de la ciudad de Medellín",ALEXANDER ALVIS RIZZO
ESTUDIOS DE FENOMENOS PSICOSOCIALES,Informes de investigación,Informe final del proyecto Desarrollo positivo del adolescente como protector de conductas de riesgo. Un estudio comparativo Colombia-México,2014,Desarrollo positivo del adolescente como protector de conductas de riesgo. Un estudio comparativo Colombia-México,ALEXANDER ALVIS RIZZO
ESTUDIOS DE FENOMENOS PSICOSOCIALES,Informes de investigación,La Salud Mental entre las Fragilidades y Rupturas de los lazos afectivos,2014,Fragilidad y rupturas de vínculos afectivos y su impacto en la salud mental,NICOLASA MARIA DURAN PALACIO
ESTUDIOS DE FENOMENOS PSICOSOCIALES,Informes de investigación,Identificación de Capacidades en personas adultas con discapacidades en la ciudad de Medellín,2014,Capacidades y oportunidades en personas adultas con discapacidades en la ciudad de Medellín,NICOLASA MARIA DURAN PALACIO
ESTUDIOS DE FENOMENOS PSICOSOCIALES,Informes de investigación,"Escala de percepción de derechos de niñez y adolescencia en el Municipio de la estrella, Antioquia",2014,"Hacia un Observatorio de Infancia y Adolescencia en el Municipio de la Estrella, Antioquia",NICOLASA MARIA DURAN PALACIO
ESTUDIOS DE FENOMENOS PSICOSOCIALES,Informes de investigación,"El Bullying Escolar, una Construcción Social. Mas allá de las Víctimas, los Victimarios y los Testigos¿ la Familia, la Escuela y la Sociedad",2014,"Bullying en instituciones educativas, un modo de ejercer el poder",PAULA VANESSA SANCHEZ AGUDELO
ESTUDIOS DE FENOMENOS PSICOSOCIALES,Informes de investigación,"Informe de investigación convenio de Asociación Secretaría de equidad de Género para las mujeres - Gobernación de Antioquia con la Fundación Universitaria Luis Amigó. Modelo de reparación integral ""Las Fabiolas"" para mujeres víctimas de violencias sexuales por actores armados.",2013,"Modelo de reparación integral ""Las Fabiolas"" para  mujeres víctimas de violencias sexuales por actores del conflicto armado","JOHN JAIRO GARCIA PENA, CARMEN PATRICIA DUQUE SIERRA"
ESTUDIOS DE FENOMENOS PSICOSOCIALES,Informes de investigación,"Modelo de reparación integral ""Las Fabiolas"" a mujeres victimas de violencia sexual por actores del conflicto armado",2013,Modelo de reparación integral (Las Fabiolas) para mujeres víctimas de violencia sexual,CARMEN PATRICIA DUQUE SIERRA
ESTUDIOS DE FENOMENOS PSICOSOCIALES,Informes de investigación,"Informe final Rehabilitación Neurocognitiva de las funciones ejecutivas y la cognición social en personas con trastorno antisocial de la personalidad, en edades comprendidas entre 25 y 55 años pertenecientes a la ciudad de Medellín",2013,"Rehabilitación Neurocognitiva de las funciones ejecutivas y la cognición social en personas con trastorno antisocial de la personalidad, en edades comprendidas entre 25 y 55 años pertenecientes a la ciudad de Medellín",ALEXANDER ALVIS RIZZO
ESTUDIOS DE FENOMENOS PSICOSOCIALES,Informes de investigación,Perfil Psicológico de Infractores Reicidentes de Normas de Tránsito en el Valle de Aburrá,2013,Perfil Psicológico de Infractores reicidentes de normas de tránsito en el Valle de Aburrá,NICOLASA MARIA DURAN PALACIO
ESTUDIOS DE FENOMENOS PSICOSOCIALES,Informes de investigación,Informe de semillero a vicerrectoría investigaciones estudiantes pregrado de psicología.,2013,El estado actual de la explotación sexual de niños y niñas (entre 4 y 12 años) en Medellín,JOHN JAIRO GARCIA PENA
ESTUDIOS DE FENOMENOS PSICOSOCIALES,Informes de investigación,Informe Final Validación de la Escala Prácticas Parentales en Adolescentes (PP-A),2012,"Validación de la Escala ""Prácticas Parentales en Adolescentes (PP-A)""",NORMAN DARIO MORENO CARMONA
ESTUDIOS DE FENOMENOS PSICOSOCIALES,Informes de investigación,Informe de investigación institucional sobre proyecto La prevención del suicidio en el escenario universitario.,2012,La Prevención del suicidio en el escenario universitario.,"JOHN JAIRO GARCIA PENA, JAIME ALBERTO CARMONA  PARRA"
ESTUDIOS DE FENOMENOS PSICOSOCIALES,Informes de investigación,Configuración identitaria en niños que han vivido la desaparición de un familiar representativo en el marco del conflicto armado colombiano,2012,CONFIGURACION IDENTITARIA EN NIÑOS QUE HAN VIVIDO LA DESAPARICIÓN DE UN FAMILIAR REPRESENTATIVO EN EL MARCO DEL CONFLICTO ARMADO COLOMBIANO,CARMEN PATRICIA DUQUE SIERRA
ESTUDIOS DE FENOMENOS PSICOSOCIALES,Informes de investigación,Informe Proyecto a vicerrectoría investigaciones y a extensión Funlam.,2012,Macroproyecto nacional de intervención integral para el fortalecimiento de la acción pedagógico - terapéutica Amigoniana con la población participante de los procesos pos institucional de la provincial San José en Colombia.,JOHN JAIRO GARCIA PENA
FAMILIA DESARROLLO Y CALIDAD DE VIDA,Informes de investigación,Aportes de las ciencias sociales a los métodos y los procedimientos de generación de conocimiento en el Desarrollo Familiar,2007,,CIELO MARIA HOLGUIN RAMIREZ
FAMILIA DESARROLLO Y CALIDAD DE VIDA,Informes de investigación,Los sujetos de investigación y de intervención en Desarrollo Familiar,2006,,CIELO MARIA HOLGUIN RAMIREZ
FAMILIA DESARROLLO Y CALIDAD DE VIDA,Informes de investigación,El ser y el hacer de las mujeres madres frente al conflicto armado Colombiano,2005,,LUZ MERY ARIAS MUNOZ
"EDUCACION, INFANCIA Y LENGUAS EXTRANJERAS",Informes de investigación,Proyecto de investigación Prácticas pedagógicas innovadoras implementadas por los docentes para favorecer el trabajo colaborativo en el aprendizaje con estudiantes de la facultad de educación,2019,Prácticas pedagógicas innovadoras implementadas por los docentes para favorecer el trabajo colaborativo en el aprendizaje con estudiantes de la facultad de educación,BAIRON JARAMILLO VALENCIA
"EDUCACION, INFANCIA Y LENGUAS EXTRANJERAS",Informes de investigación,Ínforme Final - Proyecto Semilleros de Investigación: Investigación Formativa y Cultura de la Investigación,2019,Semilleros de Investigación: Investigación Formativa y Cultura de la Investigación,JOSE VICENTE ABAD OLAYA
"EDUCACION, INFANCIA Y LENGUAS EXTRANJERAS",Informes de investigación,Informe de Avance - Libro de investigación por capítulos - Research in English Language Teaching: Advances and Projection,2019,Libro de investigación por capítulos - Research in English Language Teaching: Advances and Projection,JOSE VICENTE ABAD OLAYA
"EDUCACION, INFANCIA Y LENGUAS EXTRANJERAS",Informes de investigación,Informe de Avance - Proyecto Semilleros de Investigación: Investigación Formativa y Cultura de la Investigación,2018,Semilleros de Investigación: Investigación Formativa y Cultura de la Investigación,JOSE VICENTE ABAD OLAYA
"EDUCACION, INFANCIA Y LENGUAS EXTRANJERAS",Informes de investigación,El papel de la universidad y la sociedad civil en la formación de los estudiantes universitarios y educadores sociales como agentes constructores de paz,2018,"Estudio nacional sobre el papel de la universidad y la sociedad civil en la formación de los estudiantes universitarios y educadores sociales como agentes constructores de paz desde el enfoque del Desarrollo Humano en diez ciudades colombianas: Medellín,",JOSE WILMAR PINO MONTOYA
"EDUCACION, INFANCIA Y LENGUAS EXTRANJERAS",Informes de investigación,Construcción de subjetividades en contextos de posconflicto,2018,Construcción de subjetividades en contextos de posconflicto,JOSE WILMAR PINO MONTOYA
"EDUCACION, INFANCIA Y LENGUAS EXTRANJERAS",Informes de investigación,Desarrollo Humano y Agentes constructores de paz,2017,"Estudio nacional sobre el papel de la universidad y la sociedad civil en la formación de los estudiantes universitarios y educadores sociales como agentes constructores de paz desde el enfoque del Desarrollo Humano en diez ciudades colombianas: Medellín,","JOSE WILMAR PINO MONTOYA, ANGELICA PATRICIA VELASCO LOPEZ, DAVID ESTEBAN ZULUAGA MESA, EYESID ALVAREZ BAHENA"
"EDUCACION, INFANCIA Y LENGUAS EXTRANJERAS",Informes de investigación,Educación en contextos de posconflito,2017,Productos de investigación ;Participación de las familias en situación de desplazamiento en organizaciones comunitarias en la ciudad de Medellín: transformaciones en los sentidos de desarrollo y la dinámica interna,JOSE WILMAR PINO MONTOYA
"EDUCACION, INFANCIA Y LENGUAS EXTRANJERAS",Informes de investigación,Informe Final - Proyecto Need Support from Colombian Universities,2017,Need support from Colombian Universities: Using self-determination theory to predict student academic engagement and wellness,JOSE VICENTE ABAD OLAYA
"EDUCACION, INFANCIA Y LENGUAS EXTRANJERAS",Informes de investigación,Informe de Avance - Proyecto Need Support from Colombian Universities,2016,Need support from Colombian Universities: Using self-determination theory to predict student academic engagement and wellness,JOSE VICENTE ABAD OLAYA
"EDUCACION, INFANCIA Y LENGUAS EXTRANJERAS",Informes de investigación,Proyecto de investigación Formación pedagógica de los profesionales en educación inicial y su relación con la didáctica en un contexto internacional,2015,Formación pedagógica de los profesionales en educación inicial y su relación con la didáctica en un contexto internacional,"BAIRON JARAMILLO VALENCIA, SONIA RUTH QUINTERO ARRUBLA, LIBIA ELENA RAMIREZ ROBLEDO"
"EDUCACION, INFANCIA Y LENGUAS EXTRANJERAS",Informes de investigación,Gestión comunitaria,2015,"Gestión comunitaria en el marco de los premios: Maestros para la vida, Ciudad de Medellín, entre los años 2010 y 2013","JOSE WILMAR PINO MONTOYA, MICHELLE BETANCUR ZULUAGA"
"EDUCACION, INFANCIA Y LENGUAS EXTRANJERAS",Informes de investigación,Diseño del perfil de inteligencia emocional fase II,2015,Diseño del perfil de inteligencia emocional  y social de una muestra de docentes de educación básica primaria en el área metropolitana Fase II,"GLORIA MARIA ISAZA ZAPATA, JUAN SANTIAGO CALLE PIEDRAHITA"
"EDUCACION, INFANCIA Y LENGUAS EXTRANJERAS",Informes de investigación,Gestion escolar,2015,Relación entre gestión escolar y el mejoramiento académico pedagógico en el marco de la convocatoria: Maestros para la vida durante los años 2010-2013,"JOSE WILMAR PINO MONTOYA, MICHELLE BETANCUR ZULUAGA"
"EDUCACION, INFANCIA Y LENGUAS EXTRANJERAS",Informes de investigación,Prod-31,2015,Prod-31,JOSE WILMAR PINO MONTOYA
"EDUCACION, INFANCIA Y LENGUAS EXTRANJERAS",Informes de investigación,Tendencias actuales en la foramción de maestros,2015,Tendencias actuales en la formación de maestros,GLORIA MARIA ISAZA ZAPATA
"EDUCACION, INFANCIA Y LENGUAS EXTRANJERAS",Informes de investigación,Informe Final - Proyecto estrategias de aprendizaje que favorecen la preparación del estudiante para la evaluación de su desempeño respecto a su competencia comunicativa en inglés,2015,Estrategias de aprendizaje que favorecen la preparación del estudiante para la evaluación de su desempeño respecto a su competencia comunicativa en inglés,JOSE VICENTE ABAD OLAYA
"EDUCACION, INFANCIA Y LENGUAS EXTRANJERAS",Informes de investigación,Informe de Avance - Proyecto estrategias de aprendizaje que favorecen la preparación del estudiante para la evaluación de su desempeño respecto a su competencia comunicativa en inglés,2014,Estrategias de aprendizaje que favorecen la preparación del estudiante para la evaluación de su desempeño respecto a su competencia comunicativa en inglés,JOSE VICENTE ABAD OLAYA
"EDUCACION, INFANCIA Y LENGUAS EXTRANJERAS",Informes de investigación,Diseño del perfil de inteligencia emocional,2014,Diseño de perfil de inteligencia emocional,"GLORIA MARIA ISAZA ZAPATA, JUAN SANTIAGO CALLE PIEDRAHITA"
"EDUCACION, INFANCIA Y LENGUAS EXTRANJERAS",Informes de investigación,Diseño del perfil de inteligencia emocional y social de una muestra de docentes de educación básica primaria en el área metropolitana,2014,Diseño de perfil de inteligencia emocional,"GLORIA MARIA ISAZA ZAPATA, JUAN SANTIAGO CALLE PIEDRAHITA"
"EDUCACION, INFANCIA Y LENGUAS EXTRANJERAS",Informes de investigación,Proyecto de investigación Saber y hacer de los profesionales en educación inicial y su relación con los procesos de intervención: el caso de la fundación fan. Fase 2,2014,Saber y hacer de los profesionales en educación inicial  y su relación con los procesos de intervención: el caso de la fundación fan. Fase 2,BAIRON JARAMILLO VALENCIA
"EDUCACION, INFANCIA Y LENGUAS EXTRANJERAS",Informes de investigación,"Socialización de resultados de investigación. ""Nuevas crianzas para nuevas infancias""",2014,Familia y prácticas de crianza en el contexto del Centro de Formación para la Paz y Reconciliación Cepar- Fase II,GLORIA MARIA LOPEZ ARBOLEDA
"EDUCACION, INFANCIA Y LENGUAS EXTRANJERAS",Informes de investigación,Motivación en la investigación escolar desde la didáctica del Parque Explora,2013,Motivación en la investigación escolar desde la didáctica del Parque Explora,GLORIA MARIA ISAZA ZAPATA
"EDUCACION, INFANCIA Y LENGUAS EXTRANJERAS",Informes de investigación,producto 53,2013,Prod-53,JOSE WILMAR PINO MONTOYA
"EDUCACION, INFANCIA Y LENGUAS EXTRANJERAS",Informes de investigación,Motivación en la investigación escolar desde la didáctica del Parque Explora,2013,,"GLORIA MARIA ISAZA ZAPATA, JUAN SANTIAGO CALLE PIEDRAHITA"
"EDUCACION, INFANCIA Y LENGUAS EXTRANJERAS",Informes de investigación,Motivación en la investigación escolar desde la didáctica del Parque Explora,2013,,"GLORIA MARIA ISAZA ZAPATA, JUAN SANTIAGO CALLE PIEDRAHITA"
"EDUCACION, INFANCIA Y LENGUAS EXTRANJERAS",Informes de investigación,"Socialización de avances de investigación. ""Familia y prácticas de crianza en el CEPAR, Fase II""",2013,Familia y prácticas de crianza en el contexto del Centro de Formación para la Paz y Reconciliación Cepar- Fase II,GLORIA MARIA LOPEZ ARBOLEDA
"EDUCACION, INFANCIA Y LENGUAS EXTRANJERAS",Informes de investigación,Proyecto de investigación Saber y hacer de los profesionales en educación inicial: el caso de la fundación FAN,2013,Saber y hacer de los profesionales en educación inicial: el caso de la fundación FAN,BAIRON JARAMILLO VALENCIA
"EDUCACION, INFANCIA Y LENGUAS EXTRANJERAS",Informes de investigación,Diseño e implementación de instrumento para elaborar línea base,2013,Diseño e implementación de instrumento para elaborar la línea base del ¿Programa para el fortalecimiento de competencias de investigación en la escuela,GLORIA MARIA ISAZA ZAPATA
"EDUCACION, INFANCIA Y LENGUAS EXTRANJERAS",Informes de investigación,"Estudio comparativo sobre las percepciones simbólicas que tiene los niños, niñas y agentes educativos de tres instituciones públicas del municipio de Medellín, sobre el complemento alimenticio que reciben los estudiantes por parte de la Secretaría de Bienestar Social",2011,"Estudio comparativo sobre las Percepciones simbólicas que tienen los niños, niñas y agentes educativos de tres instituciones públicas del Municipio de Medellín, sobre el complemento alimenticio que reciben los estudiantes por parte de la Secretaría de Bie",GLORIA MARIA ISAZA ZAPATA
"EDUCACION, INFANCIA Y LENGUAS EXTRANJERAS",Informes de investigación,Factores Pedagógicos que favorecen el aprendizaje del inglés en niños de 9 a 12 años de edad en instituciones educativas públicas de la ciudad de Medellín,2010,PROYECTO INVESTIGATIVO INTERDISCIPLINARIO FACTORES PSICOLNGUÍSTICOS Y PEDAGÓGICOS QUE FAVORECEN EL APRENDIZAJE DEL INGLÉS,"LILIANA MARIA MATURANA PATARROYO, JOSE VICENTE ABAD OLAYA"
"EDUCACION, INFANCIA Y LENGUAS EXTRANJERAS",Informes de investigación,Desarrollo de competencias orales en inglés en el programa de administración de empresas a distancia de la FUNLAM,2009,,"GLORIA LUCIA ARBOLEDA GONZALEZ, JOSE JULIAN DELGADO LADINO, MARGARITA MARIA OSORIO  ARANGO"
"EDUCACION, INFANCIA Y LENGUAS EXTRANJERAS",Informes de investigación,"Informe final Implicaciones de la didáctica en el desarrollo del pensamiento y el aprendizaje de las matemáticas de estudiantes de preescolar de la zona cuatro, comuna 16 del Municipio de Medellín",2008,"Implicaciones de la didáctica en el desarrollo del pensamiento y el aprendizaje de las matemáticas, en estudiantes de preescolar de la zona cuatro, comuna 16 del municipio de Medellín.","ADRIANA MARIA GALLEGO HENAO, NATALIA ANDREA ALZATE  ALZATE"
NEUROCIENCIAS BASICAS Y APLICADAS,Informes de investigación,Construcción y Validación de un instrumento para evaluar el Employee Engagement en Trabajadores de la empresa CONFE SA,2019,PROYECTOS DE INNOVACIÓN EN LA GESTIÓN ORGANIZACIONAL DESARROLLADOS EN LA ESPECIALIZACIÓN POYT,CLAUDIA MARCELA ARANA MEDINA
NEUROCIENCIAS BASICAS Y APLICADAS,Informes de investigación,Informe de avances del proyecto: evaluación de la eficacia de un protocolo de diagnóstico e intervención neurocognitivo y psicosocial en personas desvinculadas del conflicto armado en Colombia.,2018,Evaluación de la eficacia de un protocolo de diagnostico e intervención neurocognitivo y psicosocial en menores desvinculados del conflicto armado en Colombia que se encuentran entre los 12 y 18 años de edad,CLAUDIA MARCELA ARANA MEDINA
NEUROCIENCIAS BASICAS Y APLICADAS,Informes de investigación,"Validación de la escala de Bienestar psicológico EBP, en jóvenes pertenecientes a la Ciudad de Medellín",2017,Validación de la Escala de Bienestar psicológico EBP,CLAUDIA MARCELA ARANA MEDINA
NEUROCIENCIAS BASICAS Y APLICADAS,Informes de investigación,Informe de avances del proyecto: evaluación de la eficacia de un protocolo de diagnóstico e intervención neurocognitivo y psicosocial en personas desvinculadas del conflicto armado en Colombia.,2017,Evaluación de la eficacia de un protocolo de diagnostico e intervención neurocognitivo y psicosocial en menores desvinculados del conflicto armado en Colombia que se encuentran entre los 12 y 18 años de edad,CLAUDIA MARCELA ARANA MEDINA
NEUROCIENCIAS BASICAS Y APLICADAS,Informes de investigación,Funcionamiento de la memoria en 24 niños de la IE Marco Fidel Suárez,2016,Estandarización del Test de Memoria y Aprendizaje (TOMAL) en niños de 5 años de edad de la Ciudad de Medellín,PAULA ANDREA MONTOYA ZULUAGA
NEUROCIENCIAS BASICAS Y APLICADAS,Informes de investigación,Funcionamiento de la memoria en 5 niños del Centro Educativo Nueva Gente,2016,Estandarización del Test de Memoria y Aprendizaje (TOMAL) en niños de 5 años de edad de la Ciudad de Medellín,PAULA ANDREA MONTOYA ZULUAGA
NEUROCIENCIAS BASICAS Y APLICADAS,Informes de investigación,Funcionamiento de la memoria en 19 niños de la IE Sebastián de Belálcazar,2016,Estandarización del Test de Memoria y Aprendizaje (TOMAL) en niños de 5 años de edad de la Ciudad de Medellín,PAULA ANDREA MONTOYA ZULUAGA
NEUROCIENCIAS BASICAS Y APLICADAS,Informes de investigación,Funcionamiento de la memoria en 13 niños de la IE Rafael Uribe Uribe,2016,Estandarización del Test de Memoria y Aprendizaje (TOMAL) en niños de 5 años de edad de la Ciudad de Medellín,PAULA ANDREA MONTOYA ZULUAGA
NEUROCIENCIAS BASICAS Y APLICADAS,Informes de investigación,Funcionamiento de la memoria en 14 niños de la IE Federico Ozanam,2016,Estandarización del Test de Memoria y Aprendizaje (TOMAL) en niños de 5 años de edad de la Ciudad de Medellín,PAULA ANDREA MONTOYA ZULUAGA
NEUROCIENCIAS BASICAS Y APLICADAS,Informes de investigación,"Informe general rendimiento en el test de memoria y aprendizaje (TOMAL) en niños del ""Centro Educativo Nueva Gente""",2015,Estandarización del Test de Memoria y Aprendizaje (TOMAL) en niños de 5  años de edad del Municipio de Medellín.,"JUAN DIEGO BETANCUR ARIAS, PAULA ANDREA MONTOYA ZULUAGA"
NEUROCIENCIAS BASICAS Y APLICADAS,Informes de investigación,"Informe general rendimiento en el test de memoria y aprendizaje (TOMAL) en niños del ""Hogar Infantil la casa del camino""",2015,Estandarización del Test de Memoria y Aprendizaje (TOMAL) en niños de 5  años de edad del Municipio de Medellín.,"JUAN DIEGO BETANCUR ARIAS, PAULA ANDREA MONTOYA ZULUAGA"
NEUROCIENCIAS BASICAS Y APLICADAS,Informes de investigación,"Informe general rendimiento en el test de memoria y aprendizaje (TOMAL) en niños de la ""Institución Educativa Rafael Uribe Uribe""",2015,Estandarización del Test de Memoria y Aprendizaje (TOMAL) en niños de 5  años de edad del Municipio de Medellín.,"PAULA ANDREA MONTOYA ZULUAGA, JUAN DIEGO BETANCUR ARIAS"
NEUROCIENCIAS BASICAS Y APLICADAS,Informes de investigación,Informe general rendimiento en el test de memoria y aprendizaje (TOMAL) en niños de la Institución Educativa Sebastián de Belálcazar,2015,Estandarización del Test de Memoria y Aprendizaje (TOMAL) en niños de 5  años de edad del Municipio de Medellín.,"PAULA ANDREA MONTOYA ZULUAGA, JUAN DIEGO BETANCUR ARIAS"
NEUROCIENCIAS BASICAS Y APLICADAS,Informes de investigación,Funcionamiento de la memoria en 17 niños del Hogar Infantil la Casa del Camino,2015,Estandarización del Test de Memoria y Aprendizaje (TOMAL) en niños de 5 años de edad de la Ciudad de Medellín,PAULA ANDREA MONTOYA ZULUAGA
NEUROCIENCIAS BASICAS Y APLICADAS,Informes de investigación,Informe general rendimiento en el test de memoria y aprendizaje (TOMAL) en niños de la Institución Educativa Nuestra Señora del Rocio,2015,Estandarización del Test de Memoria y Aprendizaje (TOMAL) en niños de 5  años de edad del Municipio de Medellín.,"JUAN DIEGO BETANCUR ARIAS, PAULA ANDREA MONTOYA ZULUAGA"
NEUROCIENCIAS BASICAS Y APLICADAS,Informes de investigación,Informe general rendimiento en el test de memoria y aprendizaje (TOMAL) en niños del Centro Educativo Nueva Gente,2015,Estandarización del Test de Memoria y Aprendizaje (TOMAL) en niños de 5  años de edad del Municipio de Medellín.,"PAULA ANDREA MONTOYA ZULUAGA, JUAN DIEGO BETANCUR ARIAS"
NEUROCIENCIAS BASICAS Y APLICADAS,Informes de investigación,Funcionamiento de la memoria en 10 niños de la IE Nuestra Señora del Rocío,2015,Estandarización del Test de Memoria y Aprendizaje (TOMAL) en niños de 5 años de edad de la Ciudad de Medellín,PAULA ANDREA MONTOYA ZULUAGA
NEUROCIENCIAS BASICAS Y APLICADAS,Informes de investigación,Informe general rendimiento en el test de memoria y aprendizaje (TOMAL) en niños del Jardin infantil los Pioneros,2015,Estandarización del Test de Memoria y Aprendizaje (TOMAL) en niños de 5  años de edad del Municipio de Medellín.,"PAULA ANDREA MONTOYA ZULUAGA, JUAN DIEGO BETANCUR ARIAS"
NEUROCIENCIAS BASICAS Y APLICADAS,Informes de investigación,Funcionamiento de la memoria en 46 niños del Centro Educativo Conduciendo la Niñez,2015,Estandarización del Test de Memoria y Aprendizaje (TOMAL) en niños de 5 años de edad de la Ciudad de Medellín,PAULA ANDREA MONTOYA ZULUAGA
NEUROCIENCIAS BASICAS Y APLICADAS,Informes de investigación,Funcionamiento de la memoria en 4 niños del Centro Educativo Pioneros,2015,Estandarización del Test de Memoria y Aprendizaje (TOMAL) en niños de 5 años de edad de la Ciudad de Medellín,PAULA ANDREA MONTOYA ZULUAGA
NEUROCIENCIAS BASICAS Y APLICADAS,Informes de investigación,Funcionamiento de la memoria en 19 niños del Centro Infantil Lunitas,2015,Estandarización del Test de Memoria y Aprendizaje (TOMAL) en niños de 5 años de edad de la Ciudad de Medellín,PAULA ANDREA MONTOYA ZULUAGA
NEUROCIENCIAS BASICAS Y APLICADAS,Informes de investigación,Funcionamiento de la memoria en 14 niños de la IE Lucrecio Jaramillo Vélez,2015,Estandarización del Test de Memoria y Aprendizaje (TOMAL) en niños de 5 años de edad de la Ciudad de Medellín,PAULA ANDREA MONTOYA ZULUAGA
NEUROCIENCIAS BASICAS Y APLICADAS,Informes de investigación,"Informe general rendimiento en el test de memoria y aprendizaje (TOMAL) en niños del ""Fundación Educativa Colegio San Juan Eudes""",2015,Estandarización del Test de Memoria y Aprendizaje (TOMAL) en niños de 5  años de edad del Municipio de Medellín.,"PAULA ANDREA MONTOYA ZULUAGA, JUAN DIEGO BETANCUR ARIAS"
NEUROCIENCIAS BASICAS Y APLICADAS,Informes de investigación,Funcionamiento de la memoria en 3 niños del Preescolar Hormiguitas Laboriosas,2015,Estandarización del Test de Memoria y Aprendizaje (TOMAL) en niños de 5 años de edad de la Ciudad de Medellín,PAULA ANDREA MONTOYA ZULUAGA
NEUROCIENCIAS BASICAS Y APLICADAS,Informes de investigación,"Informe general rendimiento en el test de memoria y aprendizaje (TOMAL) en niños de la ""Institución Educativa Lucrecio Jaramillo Velez""",2015,Estandarización del Test de Memoria y Aprendizaje (TOMAL) en niños de 5  años de edad del Municipio de Medellín.,"PAULA ANDREA MONTOYA ZULUAGA, JUAN DIEGO BETANCUR ARIAS"
NEUROCIENCIAS BASICAS Y APLICADAS,Informes de investigación,"Informe general rendimiento en el test de memoria y aprendizaje (TOMAL) en niños del ""Centro Educativo Conduciendo la Niñez""",2015,Estandarización del Test de Memoria y Aprendizaje (TOMAL) en niños de 5  años de edad del Municipio de Medellín.,"JUAN DIEGO BETANCUR ARIAS, PAULA ANDREA MONTOYA ZULUAGA"
NEUROCIENCIAS BASICAS Y APLICADAS,Informes de investigación,Funcionamiento de la memoria en 15 niños del Colegio Colombo Británico,2015,Estandarización del Test de Memoria y Aprendizaje (TOMAL) en niños de 5 años de edad de la Ciudad de Medellín,PAULA ANDREA MONTOYA ZULUAGA
NEUROCIENCIAS BASICAS Y APLICADAS,Informes de investigación,"Informe general rendimiento en el test de memoria y aprendizaje (TOMAL) en niños del ""Colegio Colombo Británico""",2015,Estandarización del Test de Memoria y Aprendizaje (TOMAL) en niños de 5  años de edad del Municipio de Medellín.,JUAN DIEGO BETANCUR ARIAS
NEUROCIENCIAS BASICAS Y APLICADAS,Informes de investigación,"Informe general rendimiento en el test de memoria y aprendizaje (TOMALl) en niños del ""Preescolar Hormiguitas Laboriosas""",2015,Estandarización del Test de Memoria y Aprendizaje (TOMAL) en niños de 5  años de edad del Municipio de Medellín.,"PAULA ANDREA MONTOYA ZULUAGA, JUAN DIEGO BETANCUR ARIAS"
NEUROCIENCIAS BASICAS Y APLICADAS,Informes de investigación,"Informe general rendimiento en el test de memoria y aprendizaje (TOMAL) en niños del ""Centro Infantil Lunitas""",2015,Estandarización del Test de Memoria y Aprendizaje (TOMAL) en niños de 5  años de edad del Municipio de Medellín.,"PAULA ANDREA MONTOYA ZULUAGA, JUAN DIEGO BETANCUR ARIAS"
NEUROCIENCIAS BASICAS Y APLICADAS,Informes de investigación,Funcionamiento de la memoria en 45 niños del Colegio San Juan Eudes,2015,Estandarización del Test de Memoria y Aprendizaje (TOMAL) en niños de 5 años de edad de la Ciudad de Medellín,PAULA ANDREA MONTOYA ZULUAGA
NEUROCIENCIAS BASICAS Y APLICADAS,Informes de investigación,Relación de la cognición social y el Trastorno Disocial de la Conducta,2013,Cognición social en jóvenes infractores con o sin Trastorno disocial de la conducta,PAULA ANDREA MONTOYA ZULUAGA
GESNE,Informes de investigación,"Informe final proyecto de investigación ""Mejoramiento de logística de almacenamiento con técnicas inteligentes""",2019,Mejoramiento de logística de almacenamiento con técnicas inteligentes,JAIME ANTERO ARANGO MARIN
GESNE,Informes de investigación,"Informe final proyecto de investigación ""Programación óptima de tareas de procesos de negocios""",2019,Programación óptima de tareas de procesos de negocios,JAIME ANTERO ARANGO MARIN
GESNE,Informes de investigación,Dinámica de desarrollo de las cooperativas de caficultores de Antioquia,2017,Dinámica de desarrollo de las cooperativas de caficultores de Antioquia,OLGA LUCIA ARBOLEDA ALVAREZ
GESNE,Informes de investigación,Análisis de la producción académica e investigativa sobre la economía social y solidaria en Colombia: estado del arte 2005-2015,2016,Análisis de la producción investigativa y académica sobre economía social y solidaria en Colombia,OLGA LUCIA ARBOLEDA ALVAREZ
GORAS,Informes de investigación,Informe final Investigación,2018,Aplicación de la metodología flipped classroom en los cursos del área de procesos del programa de administración de empresas en la Universidad Católica Luis Amigó. Resultados y avances,NESTOR EDUARDO FLOREZ OVIEDO
GORAS,Informes de investigación,Informe final 2018,2018,Estandarización de metodologías de gestión aplicando herramientas diagnósticas para la mejora continua de procesos en microempresas de la ciudad de Medellín. Estudios de casos desarrollados en la asignatura gestión de procesos,NESTOR EDUARDO FLOREZ OVIEDO
GORAS,Informes de investigación,Informe parcial trabajo de investigación,2018,Aplicación de la metodología flipped classroom en los cursos del área de procesos del programa de administración de empresas en la Universidad Católica Luis Amigó. Resultados y avances,NESTOR EDUARDO FLOREZ OVIEDO
GORAS,Informes de investigación,Informe 2018-01,2018,Estandarización de metodologías de gestión aplicando herramientas diagnósticas para la mejora continua de procesos en microempresas de la ciudad de Medellín. Estudios de casos desarrollados en la asignatura gestión de procesos,NESTOR EDUARDO FLOREZ OVIEDO
GORAS,Informes de investigación,"Creatividad y Flexibilidad Cognitiva en una Muestra de Reclusos Beneficiarios del Posacuerdo Colombiano en la Cárcel de Bellavista en Medellín, Colombia.",2018,Efectos de la dieta y la alimentación en los procesos evolutivos de encefalización de la especie humana: Estado del Arte,"SINDY YULIANA GALLEGO TAVERA, JUAN SEBASTIAN BENJUMEA GARCES, NICOLAS PARRA BOLANOS"
GORAS,Informes de investigación,Imaginarios sobre la innovación y generación de conocimiento en arquitectos de Medellín,2016,Gestion del Conocimiento de Arquitectos,JUAN SANTIAGO CALLE PIEDRAHITA
GORAS,Informes de investigación,Análisis innovación G4S definitivo,2015,Impacto de las prácticas de gestión del talento humano sobre los resultados de innovación de grandes empresas de Medellín,JORMARIS MARTINEZ GOMEZ
GORAS,Informes de investigación,Transferencia de Conocimiento en la Fundación Universitaria Luis Amigó,2012,,CARLOS ANDRES ARISTIZABAL BOTERO
GORAS,Informes de investigación,SISTEMA DE INDICADORES DE CIENCIA Y TECNOLOGÍA EN LA FUNLAM CON ÉNFASIS EN EL SEGUIMIENTO Y MEDICIÓN DEL IMPACTO SOCIAL,2010,,CARLOS ANDRES ARISTIZABAL BOTERO
GORAS,Informes de investigación,INDICADORES SOCIALES DE CIENCIA Y TECNOLOGÍA DE LA FUNDACIÓN UNIVERSITARIA LUIS AMIGÓ.,2009,INDICADORES SOCIALES DE CIENCIA Y TECNOLOGÍA DE LA FUNDACIÓN UNIVERSITARIA LUIS AMIGÓ.;Transferencia de Conocimiento en la Fundación Universitaria Luis Amigó,CARLOS ANDRES ARISTIZABAL BOTERO
GORAS,Informes de investigación,GERENCIA DEL CONOCIMIENTO EN EL SECTOR PÚBLICO DE LA CIUDAD DE MEDELLÍN. ESTUDIO DE CASOS DE PRÁCTICAS ACTUALES,2008,Gerencia del conocimiento en el sector público de la ciudad de Medellín estudio de casos de prácticas actuales,CARLOS ANDRES ARISTIZABAL BOTERO
GORAS,Informes de investigación,Impacto Socioeconómico de los Egresados del Programa de Administración de Empresas de la Fundación Universitaria Luis Amigó.,2008,,JOSE ENRIQUE ARIAS PEREZ
GORAS,Informes de investigación,INCIDENCIA DE LAS DIMENSIONES CONTEXTUALES QUE FACILITAN LA GESTIÓN DEL CONOCIMIENTO ESTUDIO DE CASOS ECOPETROL-EPM. 2007,2007,,CARLOS ANDRES ARISTIZABAL BOTERO
GORAS,Informes de investigación,"CONCEPCIONES FILOSÓFICAS Y PLANTEAMIENTOS PROSPECTIVOS DESARROLLADO EN LAS GRANDES EMPRESAS DE SERVICIOS DE LA CIUDAD DE MEDELLÍN, EN PROGRAMAS Y PROYECTOS ESTRATÉGICOS DE MERCADEO SOCIAL",2006,Concepción del Mercadeo Social en las Grandes Empresas de Servicio de la ciudad de Medellín,CARLOS ANDRES ARISTIZABAL BOTERO
JURIDICAS Y SOCIALES,Informes de investigación,Informe ejecutivo Propuesta para la creación del Centro Integral Familiar con perspectiva de género 2022,2022,"Macroproyecto Centro Integral Familiar con perspectiva de género. Fase 1: Fundamentación teórica, didáctica y articulaciones para la creación del Centro Integral Familiar con perspectiva de género 2022",ELVIGIA CARDONA ZULETA
JURIDICAS Y SOCIALES,Informes de investigación,Informe de Avance Reparación Integral Violencia Sexual,2022,"Implementación de la reparación integral a víctimas de violencia sexual en el marco del Acuerdo de Paz, 2021",ELVIGIA CARDONA ZULETA
JURIDICAS Y SOCIALES,Informes de investigación,Informe Transformación de la Investigación: Revistas del área jurídica y sociojurídica vigentes y categorizadas en publindex 2021,2021,Megaproyecto Las transformaciones de la Investigación Jurídica y Sociojurídica en Colombia desde la perspectiva territorial,ELVIGIA CARDONA ZULETA
JURIDICAS Y SOCIALES,Informes de investigación,Primer informe de avance,2021,Re-creación y Re-diseño de la Cátedra de la Paz desde la Perspectiva de género,ELVIGIA CARDONA ZULETA
JURIDICAS Y SOCIALES,Informes de investigación,"Informe Autoevaluación con fines de Reacreditación Factor 7- Bienestar, Deserción, Permanencia y Diversidad 2016-2020",2020,"Factores de Inclusión y Permanencia de las Mujeres, en su Formación Profesional en la Universidad Católica Luis Amigó - Tercera fase",ELVIGIA CARDONA ZULETA
JURIDICAS Y SOCIALES,Informes de investigación,Informe final del proyecto Mediación consciente para la construcción de paz: estado del arte y experiencias de aplicación en el Centro de Conciliación Luis Amigó Sede Manizales.,2020,Mediación consciente para la construcción de paz: estado del arte y experiencias de aplicación en el Centro de Conciliación Luis Amigó ¿ Sede Manizales.,DAVID ANDRES DIEZ GOMEZ
JURIDICAS Y SOCIALES,Informes de investigación,Herramienta tecnológica para la gestión del riesgo en la práctica forense del derecho.,2020,Herramienta tecnológica para la gestión del riesgo en la práctica forense del derecho.,MAURICIO MEJIA LOBO
JURIDICAS Y SOCIALES,Informes de investigación,601_FO-MI-146_-_Informe_final_de_productos_de_investigacion_Jenny Acevedo2020,2020,Resultado de investigación referente a la configuración de ciudadanía de mujeres excombatientes de las FARC-EP,JENNY MARCELA ACEVEDO VALENCIA
JURIDICAS Y SOCIALES,Informes de investigación,Informe final de investigación,2020,Discusión biopolítica sobre las nuevas subjetividades en la era de las migraciones,"NATALIA ANDREA ALZATE ALZATE"
JURIDICAS Y SOCIALES,Informes de investigación,Informe final Acceso a la Justicia para la protección de derechos colectivos,2020,"Acceso a la justicia para la protección de derechos colectivos y del ambiente, el acceso a la información y la participación democrática: Fase I Medellín, Acciones Populares",JORGE IVAN GAVIRIA MESA
JURIDICAS Y SOCIALES,Informes de investigación,"Informe final Acceso a la justicia para la protección de derechos colectivos y del ambiente, el acceso a la información y la participación democrática: Fase I Medellín, Acciones Populares.",2020,"Acceso a la justicia para la protección de derechos colectivos y del ambiente, el acceso a la información y la participación democrática: Fase I Medellín, Acciones Populares.","JORGE EDUARDO VASQUEZ SANTAMARIA, CAROLINA RESTREPO MUNERA"
JURIDICAS Y SOCIALES,Informes de investigación,Informe final Debates Contemporáneos del Derecho de Familia desde perspectiva de equidad de género,2020,Debates Contemporáneos del Derecho de Familia desde la Perspectiva de Equidad de Género,ELVIGIA CARDONA ZULETA
JURIDICAS Y SOCIALES,Informes de investigación,Factores de Inclusión y Permanencia Facultad de Derecho y Ciencias Políticas Universidad Católica Luis Amigó,2020,"Factores de Inclusión y Permanencia de las Mujeres, en su Formación Profesional en la Universidad Católica Luis Amigó - Tercera fase",ELVIGIA CARDONA ZULETA
JURIDICAS Y SOCIALES,Informes de investigación,Informe parcial Factores de Inclusión y Permanencia,2020,"Factores de Inclusión y Permanencia de las Mujeres, en su Formación Profesional en la Universidad Católica Luis Amigó - Tercera fase",ELVIGIA CARDONA ZULETA
JURIDICAS Y SOCIALES,Informes de investigación,Informe de Autoevaluación Factor 7 Bienestar- Permanencia Estudiantil Derecho,2020,"La formación Profesional en la Universidad Católica Luis Amigó como factor de Inclusión y permanencia de mujeres de estratos socioeconómicos 1, 2 y 3 en Medellín, Manizales, Apartadó, Bogotá y Montería. segunda fase",ELVIGIA CARDONA ZULETA
JURIDICAS Y SOCIALES,Informes de investigación,Informe final Implementación de los Acuerdos de Paz,2020,"Implementación de los Acuerdos de Paz, desde un Enfoque de Equidad de Género para las Mujeres (2018)",ELVIGIA CARDONA ZULETA
JURIDICAS Y SOCIALES,Informes de investigación,Informe final caracterización barreras de acceso rutas de atención a violencias,2019,Caracterización de las Barreras de Acceso a las Rutas de Atención de Violencias Frente a las Mujeres en Medellín. 2019,ELVIGIA CARDONA ZULETA
JURIDICAS Y SOCIALES,Informes de investigación,Informe final La formación Profesional en la Universidad Católica - Inclusión y Permanencia,2019,"La formación Profesional en la Universidad Católica Luis Amigó como factor de Inclusión y permanencia de mujeres de estratos socioeconómicos 1, 2 y 3 en Medellín, Manizales, Apartadó, Bogotá y Montería. segunda fase",ELVIGIA CARDONA ZULETA
JURIDICAS Y SOCIALES,Informes de investigación,Informe final de proyectos de investigación,2019,Conflictos de competencia  entre jurisdicción indígena y jurisdicción especial para la paz. Rol de las comunidades indígenas en la justicia aplicada en el post conflicto,ROBERTO MAURICIO ROMERO CARDENAS
JURIDICAS Y SOCIALES,Informes de investigación,Informe de Avance: La inclusión y permanencia de las mujeres en la Universidad Católica Luis Amigó,2019,"La formación Profesional en la Universidad Católica Luis Amigó como factor de Inclusión y permanencia de mujeres de estratos socioeconómicos 1, 2 y 3 en Medellín, Manizales, Apartadó, Bogotá y Montería. segunda fase",ELVIGIA CARDONA ZULETA
JURIDICAS Y SOCIALES,Informes de investigación,601_FO-MI-051_-_Informe_final_de_proyectos_de_investigacion_Nov 2019,2019,Ciudadanías femeninas desde la insurgencia. Una mirada desde el enfoque de género,JENNY MARCELA ACEVEDO VALENCIA
JURIDICAS Y SOCIALES,Informes de investigación,Informe final de proyectos de investigación,2019,La posesión ideológica como enfermedad epistémica en las ideas políticas,ROBERTO MAURICIO ROMERO CARDENAS
JURIDICAS Y SOCIALES,Informes de investigación,Informe final de proyectos de investigación,2018,Cooperación colombo-francesa en el postconflicto. Estudio de instrumentos y análisis comparativo en la formulación de proyectos para el desarrollo.,ROBERTO MAURICIO ROMERO CARDENAS
JURIDICAS Y SOCIALES,Informes de investigación,Informe final Responsabilidad social empresarial en el marco del posacuerdo de paz,2017,Responsabilidad Social Empresarial en el marco del posacuerdo de paz,JORGE IVAN GAVIRIA MESA
JURIDICAS Y SOCIALES,Informes de investigación,Informe final de proyectos de investigación,2017,Desarrollo de una política pública de intervención social juvenil en los Barrios Divisa y La Unión de Neira (Caldas).,ROBERTO MAURICIO ROMERO CARDENAS
JURIDICAS Y SOCIALES,Informes de investigación,Informe parcial de gestión Responsabilidad Social Empresarial en el marco del posacuerdo de paz,2017,Responsabilidad Social Empresarial en el marco del posacuerdo de paz,JORGE IVAN GAVIRIA MESA
JURIDICAS Y SOCIALES,Informes de investigación,INFORME FINAL DE LA INVESTIGACIÓN AMBIENTE SANO Y VIVIENDA DIGNA: CONFRONTACIONES EN LA ELABORACIÓN Y EJECUCIÓN DE PROYECTOS URBANOS DE MEDELLÍN,2011,AMBIENTE SANO Y VIVIENDA DIGNA: CONFRONTACIONES EN LA ELABORACIÓN Y EJECUCIÓN DE PROYECTOS URBANOS DE MEDELLÍN.,JORGE EDUARDO VASQUEZ SANTAMARIA
JURIDICAS Y SOCIALES,Informes de investigación,INFORME DE AVANCE PARCIAL PERIODO 2011 - 2 INFORMÁTICA FORENSE Y SU APLICACIÓN EN LA INVESTIGACIÓN DE LOS DELITOS INFORMÁTICOS CONSAGRADOS EN LA LEY 1273 DE 2009,2011,,ANA MARIA MESA ELNESER
JURIDICAS Y SOCIALES,Informes de investigación,PRIMER INFORME DE AVANCE DEL PROYECTO DE INVESTIGACIÓN AMBIENTE SANO Y VIVIENDA DIGNA: CONFRONTACIONES EN LA ELABORACIÓN Y EJECUCIÓN DE PROYECTOS URBANOS DE MEDELLÍN,2011,AMBIENTE SANO Y VIVIENDA DIGNA: CONFRONTACIONES EN LA ELABORACIÓN Y EJECUCIÓN DE PROYECTOS URBANOS DE MEDELLÍN.,JORGE EDUARDO VASQUEZ SANTAMARIA
JURIDICAS Y SOCIALES,Informes de investigación,Primer inorme de avance INFORMÁTICA FORENSE Y SU APLICACIÓN EN LA INVESTIGACIÓN DE LOS DELITOS INFORMÁTICOS CONSAGRADOS EN LA LEY 1273 DE 2009.,2011,,ANA MARIA MESA ELNESER
JURIDICAS Y SOCIALES,Informes de investigación,INFORME FINAL REPENSANDO LA FORMACIÓN DE LOS PROFESIONALES DEL DERECHO: CONSTRUCCIÓN DE UNA PROPUESTA PEDAGÓGICA PERTINENTE PARA LOS PROGRAMAS DE DERECHO EN COLOMBIA,2010,REPENSANDO LA FORMACIÓN DE LOS PROFESIONALES DEL DERECHO: HACIA LA CONSTRUCCIÓN DE UNA PROPUESTA PEDAGÓGICA PERTINENTE PARA  LOS PROGRAMAS DE DERECHO EN COLOMBIA.,JORGE EDUARDO VASQUEZ SANTAMARIA
JURIDICAS Y SOCIALES,Informes de investigación,Informe de avance REPENSANDO LA FORMACIÓN DE LOS PROFESIONALES DEL DERECHO: HACIA LA CONSTRUCCIÓN DE UNA PROPUESTA PEDAGÓGICA PERTINENTE PARA LOS PROGRAMAS DE DERECHO EN COLOMBIA,2010,REPENSANDO LA FORMACIÓN DE LOS PROFESIONALES DEL DERECHO: HACIA LA CONSTRUCCIÓN DE UNA PROPUESTA PEDAGÓGICA PERTINENTE PARA  LOS PROGRAMAS DE DERECHO EN COLOMBIA.,JORGE EDUARDO VASQUEZ SANTAMARIA
JURIDICAS Y SOCIALES,Informes de investigación,Informe sobre la revisión doctrinal sobre la temática de ley de infancia y adolescencia y en especial sobre la categoría de alimentación en el contexto nacional e internacional.,2010,,ANA MARIA MESA ELNESER
JURIDICAS Y SOCIALES,Informes de investigación,Informe Final del proyecto de Investigación Aplicabilidad de las disposiciones normativas del Derecho urbano en relación al espacio y al territorio en Colombia. 2000 - 2007,2010,APLICABILIDAD DE LAS DISPOSICIONES NORMATIVAS DEL DERECHO URBANO EN RELACIÓN AL TERRITORIO Y EL ESPACIO EN COLOMBIA. 1997 ¿ 2007,JORGE EDUARDO VASQUEZ SANTAMARIA
JURIDICAS Y SOCIALES,Informes de investigación,SEGUNDO INFORME DE AVANCE DEL PROYECTO DE INVESTIGACIÓN APLICABILIDAD DE LAS DISPOSICIONES DEL DERECHO URBANO EN RELACIÓN AL ESPACIO Y AL TERRITORIO EN COLOMBIA 2000 ¿ 2007,2009,APLICABILIDAD DE LAS DISPOSICIONES NORMATIVAS DEL DERECHO URBANO EN RELACIÓN AL TERRITORIO Y EL ESPACIO EN COLOMBIA. 1997 ¿ 2007,JORGE EDUARDO VASQUEZ SANTAMARIA
JURIDICAS Y SOCIALES,Informes de investigación,"Quinto informe del proyecto de investigación ""Aplicabilidad de las disposiciones normativas del Derecho Urbano en relación al territorio y al espacio en Colombia 2000 - 2007""",2009,APLICABILIDAD DE LAS DISPOSICIONES NORMATIVAS DEL DERECHO URBANO EN RELACIÓN AL ESPACIO Y AL TERRITORIO EN COLOMBIA. 2000 ¿ 2007,MARIA CLARA SANCHEZ VELEZ
JURIDICAS Y SOCIALES,Informes de investigación,PERFILES Y BASE DE DATOS PARA EL PROYECTO DE INVESTIGACIÓN ¿APLICABILIDAD DE LAS DISPOSICIONES NORMATIVAS DEL DERECHO URBANO EN RELACIÓN AL ESPACIO Y AL TERRITORIO EN COLOMBIA 2000 - 2007¿.,2009,APLICABILIDAD DE LAS DISPOSICIONES NORMATIVAS DEL DERECHO URBANO EN RELACIÓN AL ESPACIO Y AL TERRITORIO EN COLOMBIA. 2000 ¿ 2007,MARIA CLARA SANCHEZ VELEZ
JURIDICAS Y SOCIALES,Informes de investigación,Informe escrito sobre el rastreo bibliográfico doctrinal de las categorías espacio y territorio en Colombia 2000 - 2007.,2009,APLICABILIDAD DE LAS DISPOSICIONES NORMATIVAS DEL DERECHO URBANO EN RELACIÓN AL ESPACIO Y AL TERRITORIO EN COLOMBIA. 2000 ¿ 2007,MARIA CLARA SANCHEZ VELEZ
JURIDICAS Y SOCIALES,Informes de investigación,PRIMER INFORME DE AVANCE DEL PROYECTO DE INVESTIGACIÓN APLICABILIDAD DE LAS DISPOSICIONES DEL DERECHO URBANO EN RELACIÓN AL ESPACIO Y AL TERRITORIO EN COLOMBIA 2000 ¿ 2007,2009,APLICABILIDAD DE LAS DISPOSICIONES NORMATIVAS DEL DERECHO URBANO EN RELACIÓN AL TERRITORIO Y EL ESPACIO EN COLOMBIA. 1997 ¿ 2007,JORGE EDUARDO VASQUEZ SANTAMARIA
JURIDICAS Y SOCIALES,Informes de investigación,Informe escrito de la revisión doctrinal sobre la categoría espacio. Fichas Bibliográficas sustento de la revisión sobre la categoría espacio para el periodo 2000 ¿ 2007.,2009,APLICABILIDAD DE LAS DISPOSICIONES NORMATIVAS DEL DERECHO URBANO EN RELACIÓN AL ESPACIO Y AL TERRITORIO EN COLOMBIA. 2000 ¿ 2007,MARIA CLARA SANCHEZ VELEZ
SISCO,Informes de investigación,Prototipo Funcional para Gestión del Conocimiento y Recuperación de Memoria Histórica en CORANTIOQUIA,2015,Elaboración de un prototipo funcional para la gestión de la información y el conocimiento y recuperación memoria histórica en Corantioquia,GABRIEL JAIME CORREA HENAO
SISCO,Informes de investigación,Informe final - Madurez de la gestión del conocimiento de las grandes empresas de la ciudad de Medellín,2010,Estructuración de una metodología genérica para la realización de pruebas de caja negra en los sistemas de información,EDGAR SERNA M
SISCO,Informes de investigación,Segundo informe de avance del proyecto,2009,Estructuración de una metodología genérica para la realización de pruebas de caja negra en los sistemas de información,EDGAR SERNA M
SISCO,Informes de investigación,Primer informe de la Investigacion,2009,Estructuración de una metodología genérica para la realización de pruebas de caja negra en los sistemas de información,EDGAR SERNA M
