grupo,categoria,tipo_producto,titulo,Pais,ano,disponibilidad,institucion_financiadora,autores
CONTAS,Innovaciones generadas en la Gestión Empresarial,Empresarial,CREACIÓN Y ADAPTACIÓN DE UN MANUAL DE FUNCIONES PARA EL ÁREA DE TESOSERÍA,Colombia,2022,Restringido,EAT LOS GUERREROS,CANDY LORENA CHAMORRO GONZALEZ
CONTAS,Innovaciones generadas en la Gestión Empresarial,Organizacional,Aplicación de la Herramienta Administrativa para la Proyección de Costos y Gastos en Arepas Ventura,Colombia,2021,No restringido,UNIVERSIDAD CATOLICA LUIS AMIGO,FARLEY SARY ROJAS RESTREPO
CONTAS,Innovaciones generadas en la Gestión Empresarial,Organizacional,Diseño Sistema de Control Interno Contable de la empresa Inversiones Cerca CRC Antioquia,Colombia,2021,Restringido,UNIVERSIDAD CATOLICA LUIS AMIGO,FARLEY SARY ROJAS RESTREPO
CONTAS,Innovaciones generadas en la Gestión Empresarial,Organizacional,Diseño de un modelo de Revisoría Fiscal basado en el uso de la metodología de investigación orientada a la acción y a la toma de decisiones (AID),Colombia,2020,Restringido,UNIVERSIDAD CATOLICA LUIS AMIGO,DIEGO ALEJANDRO RAMIREZ TAPIAS
CONTAS,Innovaciones generadas en la Gestión Empresarial,Organizacional,Diseño Sistema De Control Interno En El Área Contable De La Empresa Plantios S.A.S,Colombia,2020,Restringido,UNIVERSIDAD CATOLICA LUIS AMIGO,DIEGO ALEJANDRO RAMIREZ TAPIAS
CONTAS,Innovaciones generadas en la Gestión Empresarial,Organizacional,Adaptación del sistema contable-financiero de la empresa SUSETELCO SAS al protocolo exigido por las NIIF,Colombia,2020,Restringido,UNIVERSIDAD CATOLICA LUIS AMIGO,MARIA VICTORIA AGUDELO VARGAS
CONTAS,Innovaciones generadas en la Gestión Empresarial,Empresarial,INNOVACION EN LA ADAPTACIÓN DEL SISTEMA CONTABLE-FINANCIERO DE LA EMPRESA COOPERATIVA MULTIACTIVA LUIS AMIGO,Colombia,2018,Restringido,COOPERATIVA MULTIACTIVA LUIS AMIGÓ COOPERAMIGÓ,MARIA VICTORIA AGUDELO VARGAS
CONTAS,Innovaciones generadas en la Gestión Empresarial,Organizacional,"adaptación del sistema contable financiero de la Cooperativa Multiactiva Luis Amigó, al protocolo exigido para la aplicación de las Normas Internacionales de Información Financiera (NIIF).",Colombia,2018,Restringido,UNIVERSIDAD CATOLICA LUIS AMIGO,MARIA VICTORIA AGUDELO VARGAS
CONTAS,Innovaciones generadas en la Gestión Empresarial,Organizacional,"diseño de un manual de procesos auxiliar cuentas por pagar por servicios en el hospital San Vicente fundación, el cual incluye el manual de procesos para cuentas por pagar servicios",Colombia,2018,Restringido,UNIVERSIDAD CATOLICA LUIS AMIGO,CARLOS ALBERTO MUNOZ RESTREPO
URBANITAS,Innovaciones generadas en la Gestión Empresarial,Organizacional,Formación e Intervención para la Prevención del Comportamiento Suicida en Municipio de Envigado,Colombia,2020,Restringido,UNIVERSIDAD CATOLICA LUIS AMIGO,"JHOEEN SNEYDER ROJAS DIAZ, MARCOS VEGA SENA, MARIA VICTORIA RESTREPO TOBON, DAVID IGNACIO MOLINA VELASQUEZ, OMAR AUGUSTO AMADOR SANCHEZ, SANDRA ISABEL MEJIA ZAPATA, JOHN JAIRO GARCIA PENA, GLORIA CECILIA CARDONA RIOS, ELIZA KRATC GIL, DIEGO LEON CARVAJAL SERNA, ANGEL AUGUSTO VIZCAYA CASTILLO"
URBANITAS,Innovaciones generadas en la Gestión Empresarial,Organizacional,Formación e Intervención para la Prevención del Comportamiento Suicida en Municipio de Rionegro - Fase 2,Colombia,2020,Restringido,UNIVERSIDAD CATOLICA LUIS AMIGO,"JHOEEN SNEYDER ROJAS DIAZ, MARCOS VEGA SENA, MARIA VICTORIA RESTREPO TOBON, DAVID IGNACIO MOLINA VELASQUEZ, OMAR AUGUSTO AMADOR SANCHEZ, SANDRA ISABEL MEJIA ZAPATA, JOHN JAIRO GARCIA PENA, GLORIA CECILIA CARDONA RIOS, ELIZA KRATC GIL, DIEGO LEON CARVAJAL SERNA, ANGEL AUGUSTO VIZCAYA CASTILLO"
URBANITAS,Innovaciones generadas en la Gestión Empresarial,Organizacional,Rutas de atención y directorio de atención para el municipio de Andes,Colombia,2020,Restringido,UNIVERSIDAD CATOLICA LUIS AMIGO,"JHOEEN SNEYDER ROJAS DIAZ, MARCOS VEGA SENA, MARIA VICTORIA RESTREPO TOBON, DAVID IGNACIO MOLINA VELASQUEZ, OMAR AUGUSTO AMADOR SANCHEZ, SANDRA ISABEL MEJIA ZAPATA, JOHN JAIRO GARCIA PENA, GLORIA CECILIA CARDONA RIOS, ELIZA KRATC GIL, DIEGO LEON CARVAJAL SERNA, ANGEL AUGUSTO VIZCAYA CASTILLO"
URBANITAS,Innovaciones generadas en la Gestión Empresarial,Organizacional,Training and Prevention Program for Suicidal Behavior in Religious Communities,Estados Unidos,2020,Restringido,UNIVERSIDAD CATOLICA LUIS AMIGO,"JHOEEN SNEYDER ROJAS DIAZ, MARCOS VEGA SENA, MARIA VICTORIA RESTREPO TOBON, DAVID IGNACIO MOLINA VELASQUEZ, OMAR AUGUSTO AMADOR SANCHEZ, SANDRA ISABEL MEJIA ZAPATA, JOHN JAIRO GARCIA PENA, GLORIA CECILIA CARDONA RIOS, ELIZA KRATC GIL, DIEGO LEON CARVAJAL SERNA, ANGEL AUGUSTO VIZCAYA CASTILLO"
URBANITAS,Innovaciones generadas en la Gestión Empresarial,Organizacional,Gestión de marca y posicionamiento en medios digitales,Colombia,2020,Restringido,UNIVERSIDAD CATOLICA LUIS AMIGO,JUAN DIEGO LOPEZ MEDINA
URBANITAS,Innovaciones generadas en la Gestión Empresarial,Organizacional,Montaje del sistema de investigación institucional,Colombia,2020,No restringido,UNIVERSIDAD CATOLICA LUIS AMIGO,JUAN DIEGO LOPEZ MEDINA
URBANITAS,Innovaciones generadas en la Gestión Empresarial,Organizacional,Formación e Intervención para la Prevención del Comportamiento Suicida en Municipio de La Unión - Fase 2,Colombia,2019,Restringido,UNIVERSIDAD CATOLICA LUIS AMIGO,"JHOEEN SNEYDER ROJAS DIAZ, MARCOS VEGA SENA, MARIA VICTORIA RESTREPO TOBON, DAVID IGNACIO MOLINA VELASQUEZ, OMAR AUGUSTO AMADOR SANCHEZ, SANDRA ISABEL MEJIA ZAPATA, JOHN JAIRO GARCIA PENA, GLORIA CECILIA CARDONA RIOS, ELIZA KRATC GIL, DIEGO LEON CARVAJAL SERNA, ANGEL AUGUSTO VIZCAYA CASTILLO"
URBANITAS,Innovaciones generadas en la Gestión Empresarial,Empresarial,"Desarrollo de una herramienta de gestión administrativa que permite a través de la caracterización interna y externa de la empresa identificar el grado de vulnerabilidad de la empresa frente a sus potencialidades, limitaciones, desafíos y riesgos",Colombia,2019,Restringido,UNIVERSIDAD CATOLICA LUIS AMIGO,"JUAN DIEGO LOPEZ MEDINA, MAURICIO ALEJANDRO BEDOYA JIMENEZ, LUIS FERNANDO QUINTERO ARANGO, JORMARIS MARTINEZ GOMEZ"
URBANITAS,Innovaciones generadas en la Gestión Empresarial,Empresarial,Estrategia de valor compartido orientada a la comunidad perteneciente a la Vereda El porvenir,Colombia,2019,Restringido,UNIVERSIDAD CATOLICA LUIS AMIGO,"JUAN DIEGO LOPEZ MEDINA, MAURICIO ALEJANDRO BEDOYA JIMENEZ, LUIS FERNANDO QUINTERO ARANGO, JORMARIS MARTINEZ GOMEZ"
URBANITAS,Innovaciones generadas en la Gestión Empresarial,Organizacional,Programa de Formación y Capacitación para la Prevención del Comportamiento Suicida - Fase 2 en municipio de Rionegro,Colombia,2019,No restringido,UNIVERSIDAD CATOLICA LUIS AMIGO,"ANGEL AUGUSTO VIZCAYA CASTILLO, JHOEEN SNEYDER ROJAS DIAZ, MARCOS VEGA SENA, OMAR AUGUSTO AMADOR SANCHEZ, GLORIA CECILIA CARDONA RIOS, JOHN JAIRO GARCIA PENA, DIEGO LEON CARVAJAL SERNA, ELIZA KRATC GIL, ANA LUCIA CEBALLOS DUQUE, SANDRA ISABEL MEJIA ZAPATA"
URBANITAS,Innovaciones generadas en la Gestión Empresarial,Organizacional,"Programa ""Entre algodones y Cuidados"" para la gestión pastoral a la familia",Colombia,2019,No restringido,UNIVERSIDAD CATOLICA LUIS AMIGO,JHOEEN SNEYDER ROJAS DIAZ
URBANITAS,Innovaciones generadas en la Gestión Empresarial,Organizacional,Gestión de Investigación y Comunicación Académica,Colombia,2019,No restringido,UNIVERSIDAD CATOLICA LUIS AMIGO,JHOEEN SNEYDER ROJAS DIAZ
URBANITAS,Innovaciones generadas en la Gestión Empresarial,Empresarial,Implementación de la planeación estratégica con el fin de que se logre un direccionamiento estratégico permitiendo a la compañía contar con una ruta empresarial clara y orientada al logro de los objetivos y la creación de valor compartido,Colombia,2019,Restringido,UNIVERSIDAD CATOLICA LUIS AMIGO,"MAURICIO ALEJANDRO BEDOYA JIMENEZ, JUAN DIEGO LOPEZ MEDINA, LUIS FERNANDO QUINTERO ARANGO, JORMARIS MARTINEZ GOMEZ"
URBANITAS,Innovaciones generadas en la Gestión Empresarial,Organizacional,Formación e Intervención para la Prevención del Comportamiento Suicida en Municipio de Andes - Fase 2,Colombia,2019,No restringido,UNIVERSIDAD CATOLICA LUIS AMIGO,"JHOEEN SNEYDER ROJAS DIAZ, MARCOS VEGA SENA, MARIA VICTORIA RESTREPO TOBON, DAVID IGNACIO MOLINA VELASQUEZ, OMAR AUGUSTO AMADOR SANCHEZ, SANDRA ISABEL MEJIA ZAPATA, JOHN JAIRO GARCIA PENA, GLORIA CECILIA CARDONA RIOS, ELIZA KRATC GIL, DIEGO LEON CARVAJAL SERNA, ANGEL AUGUSTO VIZCAYA CASTILLO"
URBANITAS,Innovaciones generadas en la Gestión Empresarial,Organizacional,Formación e Intervención para la Prevención del Comportamiento Suicida en Iglesia Cristiana Ministerio Verdad y Vida,Colombia,2019,Restringido,UNIVERSIDAD CATOLICA LUIS AMIGO,"JHOEEN SNEYDER ROJAS DIAZ, MARCOS VEGA SENA, MARIA VICTORIA RESTREPO TOBON, DAVID IGNACIO MOLINA VELASQUEZ, OMAR AUGUSTO AMADOR SANCHEZ, SANDRA ISABEL MEJIA ZAPATA, JOHN JAIRO GARCIA PENA, GLORIA CECILIA CARDONA RIOS, ELIZA KRATC GIL, DIEGO LEON CARVAJAL SERNA, ANGEL AUGUSTO VIZCAYA CASTILLO"
URBANITAS,Innovaciones generadas en la Gestión Empresarial,Organizacional,Programa de Formación y Capacitación para la Prevención del Comportamiento Suicida - Municipio de La Unión,Colombia,2018,Restringido,UNIVERSIDAD CATOLICA LUIS AMIGO,"ANA LUCIA CEBALLOS DUQUE, JHOEEN SNEYDER ROJAS DIAZ, ANGEL AUGUSTO VIZCAYA CASTILLO, DIEGO LEON CARVAJAL SERNA, ELIZA KRATC GIL, GLORIA CECILIA CARDONA RIOS, JOHN JAIRO GARCIA PENA, MARCOS VEGA SENA, OMAR AUGUSTO AMADOR SANCHEZ, SANDRA ISABEL MEJIA ZAPATA"
URBANITAS,Innovaciones generadas en la Gestión Empresarial,Organizacional,Programa de Formación y Capacitación para la Prevención del Comportamiento Suicida - Municipio de Rionegro,Colombia,2018,Restringido,UNIVERSIDAD CATOLICA LUIS AMIGO,"JHOEEN SNEYDER ROJAS DIAZ, ANA LUCIA CEBALLOS DUQUE, ANGEL AUGUSTO VIZCAYA CASTILLO, DIEGO LEON CARVAJAL SERNA, ELIZA KRATC GIL, GLORIA CECILIA CARDONA RIOS, JOHN JAIRO GARCIA PENA, MARCOS VEGA SENA, OMAR AUGUSTO AMADOR SANCHEZ, SANDRA ISABEL MEJIA ZAPATA"
URBANITAS,Innovaciones generadas en la Gestión Empresarial,Organizacional,Programa de Formación y Capacitación para la Prevención del Comportamiento Suicida - Municipio de Andes,Colombia,2018,Restringido,UNIVERSIDAD CATOLICA LUIS AMIGO,"JHOEEN SNEYDER ROJAS DIAZ, MARCOS VEGA SENA, OMAR AUGUSTO AMADOR SANCHEZ, ANA LUCIA CEBALLOS DUQUE, ELIZA KRATC GIL, GLORIA CECILIA CARDONA RIOS, JOHN JAIRO GARCIA PENA, SANDRA ISABEL MEJIA ZAPATA, DIEGO LEON CARVAJAL SERNA, ANGEL AUGUSTO VIZCAYA CASTILLO"
FARMACODEPENDENCIA Y OTRAS ADICCIONES,Innovaciones generadas en la Gestión Empresarial,Empresarial,"Red de salud Mental, para el cuidado de la vida. Municipio de Carmen de Viboral. Fase I-2021",Colombia,2021,No restringido,UNIVERSIDAD CATOLICA LUIS AMIGO,"MARIA VICTORIA RESTREPO TOBON, SANDRA ISABEL MEJIA ZAPATA, MARCOS VEGA SENA, ELIZA KRATC GIL, JHOEEN SNEYDER ROJAS DIAZ, JOHN JAIRO GARCIA PENA, GLORIA CECILIA CARDONA RIOS, DIEGO LEON CARVAJAL SERNA, ANGEL AUGUSTO VIZCAYA CASTILLO, DAVID IGNACIO MOLINA VELASQUEZ, OMAR AUGUSTO AMADOR SANCHEZ"
FARMACODEPENDENCIA Y OTRAS ADICCIONES,Innovaciones generadas en la Gestión Empresarial,Empresarial,"Programa de Formación y Capacitación para la Prevención del Comportamiento Suicida. La unión, FASE III",Colombia,2020,No restringido,UNIVERSIDAD CATOLICA LUIS AMIGO,"SANDRA ISABEL MEJIA ZAPATA, MARIA VICTORIA RESTREPO TOBON, MARCOS VEGA SENA, ELIZA KRATC GIL, JHOEEN SNEYDER ROJAS DIAZ, JOHN JAIRO GARCIA PENA, GLORIA CECILIA CARDONA RIOS, DIEGO LEON CARVAJAL SERNA, ANGEL AUGUSTO VIZCAYA CASTILLO, DAVID IGNACIO MOLINA VELASQUEZ, OMAR AUGUSTO AMADOR SANCHEZ"
FARMACODEPENDENCIA Y OTRAS ADICCIONES,Innovaciones generadas en la Gestión Empresarial,Empresarial,PROGRAMA DE FORMACION PARA LA PREVENCION DE LA CONDUCTA SUICIDA MUNICIPIO DE LA UNION FASE III,Colombia,2020,No restringido,UNIVERSIDAD CATOLICA LUIS AMIGO,"GLORIA CECILIA CARDONA RIOS, DAVID IGNACIO MOLINA VELASQUEZ, MARIA VICTORIA RESTREPO TOBON, JOHN JAIRO GARCIA PENA, SANDRA ISABEL MEJIA ZAPATA, ANGEL AUGUSTO VIZCAYA CASTILLO, MARCOS VEGA SENA, OMAR AUGUSTO AMADOR SANCHEZ, ELIZA KRATC GIL, DIEGO LEON CARVAJAL SERNA, JHOEEN SNEYDER ROJAS DIAZ"
FARMACODEPENDENCIA Y OTRAS ADICCIONES,Innovaciones generadas en la Gestión Empresarial,Empresarial,"una innovación generada en la gestión empresarial consistente en un Programa de Formación y Capacitación para la Prevención del Comportamiento Suicida,RIONEGRO EN FASE III",Colombia,2020,No restringido,UNIVERSIDAD CATOLICA LUIS AMIGO,"SANDRA ISABEL MEJIA ZAPATA, MARIA VICTORIA RESTREPO TOBON, MARCOS VEGA SENA, ELIZA KRATC GIL, JHOEEN SNEYDER ROJAS DIAZ, JOHN JAIRO GARCIA PENA, GLORIA CECILIA CARDONA RIOS, DIEGO LEON CARVAJAL SERNA, ANGEL AUGUSTO VIZCAYA CASTILLO, DAVID IGNACIO MOLINA VELASQUEZ, OMAR AUGUSTO AMADOR SANCHEZ"
FARMACODEPENDENCIA Y OTRAS ADICCIONES,Innovaciones generadas en la Gestión Empresarial,Empresarial,"innovación generada en la gestión empresarial consistente en el área de gestión de lo humano, a través de la creación de una estrategia organizacional con programas de formación orientado al cumplimiento de políticas públicas de salud mental en RIONEGRO Fase III",Colombia,2020,No restringido,UNIVERSIDAD CATOLICA LUIS AMIGO,"DAVID IGNACIO MOLINA VELASQUEZ, DIEGO LEON CARVAJAL SERNA, JHOEEN SNEYDER ROJAS DIAZ, MARCOS FIDEL VEGA SENA, JOHN JAIRO GARCIA PENA, SANDRA ISABEL MEJIA ZAPATA, GLORIA CECILIA CARDONA RIOS, ELIZA KRATC GIL, ANGEL AUGUSTO VIZCAYA CASTILLO, OMAR AUGUSTO AMADOR SANCHEZ, MARIA VICTORIA RESTREPO TOBON"
FARMACODEPENDENCIA Y OTRAS ADICCIONES,Innovaciones generadas en la Gestión Empresarial,Empresarial,"Programa de Formación y Capacitación para la Prevención del Comportamiento Suicida. Rionegro, FASE III",Colombia,2020,No restringido,UNIVERSIDAD CATOLICA LUIS AMIGO,"DAVID IGNACIO MOLINA VELASQUEZ, DIEGO LEON CARVAJAL SERNA, JHOEEN SNEYDER ROJAS DIAZ, MARCOS FIDEL VEGA SENA, JOHN JAIRO GARCIA PENA, SANDRA ISABEL MEJIA ZAPATA, GLORIA CECILIA CARDONA RIOS, ELIZA KRATC GIL, ANGEL AUGUSTO VIZCAYA CASTILLO, OMAR AUGUSTO AMADOR SANCHEZ, MARIA VICTORIA RESTREPO TOBON"
FARMACODEPENDENCIA Y OTRAS ADICCIONES,Innovaciones generadas en la Gestión Empresarial,Empresarial,"innovación generada en la gestión empresarial consistente en el área de gestión de lo humano, a través de la creación de una estrategia organizacional con programas de formación orientado al cumplimiento de politicas públicas de salud mental en Envigado Fase III",Colombia,2020,No restringido,UNIVERSIDAD CATOLICA LUIS AMIGO,"DAVID IGNACIO MOLINA VELASQUEZ, DIEGO LEON CARVAJAL SERNA, JHOEEN SNEYDER ROJAS DIAZ, MARCOS FIDEL VEGA SENA, JOHN JAIRO GARCIA PENA, SANDRA ISABEL MEJIA ZAPATA, GLORIA CECILIA CARDONA RIOS, ELIZA KRATC GIL, ANGEL AUGUSTO VIZCAYA CASTILLO, OMAR AUGUSTO AMADOR SANCHEZ, MARIA VICTORIA RESTREPO TOBON"
FARMACODEPENDENCIA Y OTRAS ADICCIONES,Innovaciones generadas en la Gestión Empresarial,Empresarial,"Construcción de la ruta de atención y directorio de emergencias para el comportamiento suicida, Municipio de Andes en FASE III",Colombia,2020,No restringido,UNIVERSIDAD CATOLICA LUIS AMIGO,"GLORIA CECILIA CARDONA RIOS, DAVID IGNACIO MOLINA VELASQUEZ, MARIA VICTORIA RESTREPO TOBON, JOHN JAIRO GARCIA PENA, SANDRA ISABEL MEJIA ZAPATA, ANGEL AUGUSTO VIZCAYA CASTILLO, MARCOS VEGA SENA, OMAR AUGUSTO AMADOR SANCHEZ, ELIZA KRATC GIL, DIEGO LEON CARVAJAL SERNA, JHOEEN SNEYDER ROJAS DIAZ"
FARMACODEPENDENCIA Y OTRAS ADICCIONES,Innovaciones generadas en la Gestión Empresarial,Empresarial,"Innovación Programa de Formación y Capacitación para la Prevención del Comportamiento Suicida, Municipio Andes en Fase III",Colombia,2020,No restringido,UNIVERSIDAD CATOLICA LUIS AMIGO,"DAVID IGNACIO MOLINA VELASQUEZ, DIEGO LEON CARVAJAL SERNA, JHOEEN SNEYDER ROJAS DIAZ, MARCOS FIDEL VEGA SENA, JOHN JAIRO GARCIA PENA, SANDRA ISABEL MEJIA ZAPATA, GLORIA CECILIA CARDONA RIOS, ELIZA KRATC GIL, ANGEL AUGUSTO VIZCAYA CASTILLO, OMAR AUGUSTO AMADOR SANCHEZ, MARIA VICTORIA RESTREPO TOBON"
FARMACODEPENDENCIA Y OTRAS ADICCIONES,Innovaciones generadas en la Gestión Empresarial,Empresarial,"Programa de Formación y Capacitación para la Prevención del Comportamiento Suicida ,Municipio de Andes en FASE III",Colombia,2020,No restringido,UNIVERSIDAD CATOLICA LUIS AMIGO,"ELIZA KRATC GIL, ANGEL AUGUSTO VIZCAYA CASTILLO, DAVID IGNACIO MOLINA VELASQUEZ, MARIA VICTORIA RESTREPO TOBON, JOHN JAIRO GARCIA PENA, OMAR AUGUSTO AMADOR SANCHEZ, DIEGO LEON CARVAJAL SERNA, MARCOS VEGA SENA, SANDRA ISABEL MEJIA ZAPATA, GLORIA CECILIA CARDONA RIOS, JHOEEN SNEYDER ROJAS DIAZ"
FARMACODEPENDENCIA Y OTRAS ADICCIONES,Innovaciones generadas en la Gestión Empresarial,Organizacional,Prevention Program for Suicidal Behavior in Religious Communities FASE III,Colombia,2020,No restringido,UNIVERSIDAD CATOLICA LUIS AMIGO,"ELIZA KRATC GIL, ANGEL AUGUSTO VIZCAYA CASTILLO, DAVID IGNACIO MOLINA VELASQUEZ, MARIA VICTORIA RESTREPO TOBON, JOHN JAIRO GARCIA PENA, OMAR AUGUSTO AMADOR SANCHEZ, DIEGO LEON CARVAJAL SERNA, MARCOS VEGA SENA, SANDRA ISABEL MEJIA ZAPATA, GLORIA CECILIA CARDONA RIOS, JHOEEN SNEYDER ROJAS DIAZ"
FARMACODEPENDENCIA Y OTRAS ADICCIONES,Innovaciones generadas en la Gestión Empresarial,Empresarial,Concerning the carrying out of the Training and Prevention Program for Suicidal Behavior in Religious Communities FASE III,Colombia,2020,No restringido,UNIVERSIDAD CATOLICA LUIS AMIGO,"GLORIA CECILIA CARDONA RIOS, DAVID IGNACIO MOLINA VELASQUEZ, MARIA VICTORIA RESTREPO TOBON, JOHN JAIRO GARCIA PENA, SANDRA ISABEL MEJIA ZAPATA, ANGEL AUGUSTO VIZCAYA CASTILLO, MARCOS VEGA SENA, OMAR AUGUSTO AMADOR SANCHEZ, ELIZA KRATC GIL, DIEGO LEON CARVAJAL SERNA, JHOEEN SNEYDER ROJAS DIAZ"
FARMACODEPENDENCIA Y OTRAS ADICCIONES,Innovaciones generadas en la Gestión Empresarial,Organizacional,Innovation concerning the carrying out of the Training and Prevention Program for Suicidal Behavior in Religious Communities en Fase III Medellín,Colombia,2020,No restringido,UNIVERSIDAD CATOLICA LUIS AMIGO,"DAVID IGNACIO MOLINA VELASQUEZ, DIEGO LEON CARVAJAL SERNA, JHOEEN SNEYDER ROJAS DIAZ, MARCOS FIDEL VEGA SENA, JOHN JAIRO GARCIA PENA, SANDRA ISABEL MEJIA ZAPATA, GLORIA CECILIA CARDONA RIOS, ELIZA KRATC GIL, ANGEL AUGUSTO VIZCAYA CASTILLO, OMAR AUGUSTO AMADOR SANCHEZ, MARIA VICTORIA RESTREPO TOBON"
FARMACODEPENDENCIA Y OTRAS ADICCIONES,Innovaciones generadas en la Gestión Empresarial,Empresarial,PROGRAMA DE FORMACION PARA LA PREVENCION DE LA CONDUCTA SUICIDA MUNICIPIO DE LA UNION FASE III,Colombia,2020,No restringido,UNIVERSIDAD CATOLICA LUIS AMIGO,"ANGEL AUGUSTO VIZCAYA CASTILLO, ELIZA KRATC GIL, DAVID IGNACIO MOLINA VELASQUEZ, MARIA VICTORIA RESTREPO TOBON, JOHN JAIRO GARCIA PENA, OMAR AUGUSTO AMADOR SANCHEZ, DIEGO LEON CARVAJAL SERNA, MARCOS VEGA SENA, SANDRA ISABEL MEJIA ZAPATA, GLORIA CECILIA CARDONA RIOS, JHOEEN SNEYDER ROJAS DIAZ"
FARMACODEPENDENCIA Y OTRAS ADICCIONES,Innovaciones generadas en la Gestión Empresarial,Empresarial,"una innovación generada en la gestión empresarial consistente en el área de gestiónde lo humano,a través de la creación de una ruta de atención y directorio de emergencias para el comportamiento suicida, RIONEGRO FASE III",Colombia,2020,No restringido,UNIVERSIDAD CATOLICA LUIS AMIGO,"MARIA VICTORIA RESTREPO TOBON, SANDRA ISABEL MEJIA ZAPATA, MARCOS VEGA SENA, ELIZA KRATC GIL, JHOEEN SNEYDER ROJAS DIAZ, JOHN JAIRO GARCIA PENA, GLORIA CECILIA CARDONA RIOS, DIEGO LEON CARVAJAL SERNA, ANGEL AUGUSTO VIZCAYA CASTILLO, DAVID IGNACIO MOLINA VELASQUEZ, OMAR AUGUSTO AMADOR SANCHEZ"
FARMACODEPENDENCIA Y OTRAS ADICCIONES,Innovaciones generadas en la Gestión Empresarial,Empresarial,"Programa de Formación y Capacitación para la Prevención del Comportamiento Suicida. Envigado, FASE III",Colombia,2020,No restringido,UNIVERSIDAD CATOLICA LUIS AMIGO,"MARIA VICTORIA RESTREPO TOBON, SANDRA ISABEL MEJIA ZAPATA, MARCOS VEGA SENA, ELIZA KRATC GIL, JHOEEN SNEYDER ROJAS DIAZ, JOHN JAIRO GARCIA PENA, GLORIA CECILIA CARDONA RIOS, DIEGO LEON CARVAJAL SERNA, ANGEL AUGUSTO VIZCAYA CASTILLO, DAVID IGNACIO MOLINA VELASQUEZ, OMAR AUGUSTO AMADOR SANCHEZ"
FARMACODEPENDENCIA Y OTRAS ADICCIONES,Innovaciones generadas en la Gestión Empresarial,Empresarial,Construcción de la ruta de atención y directorio de emergencias para el comportamiento suicida. Andes. FASE III,Colombia,2020,No restringido,UNIVERSIDAD CATOLICA LUIS AMIGO,"MARIA VICTORIA RESTREPO TOBON, SANDRA ISABEL MEJIA ZAPATA, MARCOS VEGA SENA, ELIZA KRATC GIL, JHOEEN SNEYDER ROJAS DIAZ, JOHN JAIRO GARCIA PENA, GLORIA CECILIA CARDONA RIOS, DIEGO LEON CARVAJAL SERNA, ANGEL AUGUSTO VIZCAYA CASTILLO, DAVID IGNACIO MOLINA VELASQUEZ, OMAR AUGUSTO AMADOR SANCHEZ"
FARMACODEPENDENCIA Y OTRAS ADICCIONES,Innovaciones generadas en la Gestión Empresarial,Empresarial,"Programa de Formación y Capacitación para la Prevención del Comportamiento Suicida, Municipio de Andes en Fase III",Colombia,2020,No restringido,UNIVERSIDAD CATOLICA LUIS AMIGO,"SANDRA ISABEL MEJIA ZAPATA, MARIA VICTORIA RESTREPO TOBON, MARCOS VEGA SENA, ELIZA KRATC GIL, JHOEEN SNEYDER ROJAS DIAZ, JOHN JAIRO GARCIA PENA, GLORIA CECILIA CARDONA RIOS, DIEGO LEON CARVAJAL SERNA, ANGEL AUGUSTO VIZCAYA CASTILLO, DAVID IGNACIO MOLINA VELASQUEZ, OMAR AUGUSTO AMADOR SANCHEZ"
FARMACODEPENDENCIA Y OTRAS ADICCIONES,Innovaciones generadas en la Gestión Empresarial,Empresarial,PROGRAMA DE FORMACION PARA LA PREVENCION DE LA CONDUCTA SUICIDA MUNICIPIO DE ENVIGADO FASE III,Colombia,2020,No restringido,UNIVERSIDAD CATOLICA LUIS AMIGO,"GLORIA CECILIA CARDONA RIOS, DAVID IGNACIO MOLINA VELASQUEZ, MARIA VICTORIA RESTREPO TOBON, JOHN JAIRO GARCIA PENA, SANDRA ISABEL MEJIA ZAPATA, ANGEL AUGUSTO VIZCAYA CASTILLO, MARCOS VEGA SENA, OMAR AUGUSTO AMADOR SANCHEZ, ELIZA KRATC GIL, DIEGO LEON CARVAJAL SERNA, JHOEEN SNEYDER ROJAS DIAZ"
FARMACODEPENDENCIA Y OTRAS ADICCIONES,Innovaciones generadas en la Gestión Empresarial,Empresarial,"Construcción de la ruta de atención y directorio de emergencias para el comportamiento suicida, Municipio de Andes en FASE III",Colombia,2020,No restringido,UNIVERSIDAD CATOLICA LUIS AMIGO,"GLORIA CECILIA CARDONA RIOS, DAVID IGNACIO MOLINA VELASQUEZ, MARIA VICTORIA RESTREPO TOBON, JOHN JAIRO GARCIA PENA, SANDRA ISABEL MEJIA ZAPATA, ANGEL AUGUSTO VIZCAYA CASTILLO, MARCOS VEGA SENA, OMAR AUGUSTO AMADOR SANCHEZ, ELIZA KRATC GIL, DIEGO LEON CARVAJAL SERNA, JHOEEN SNEYDER ROJAS DIAZ"
FARMACODEPENDENCIA Y OTRAS ADICCIONES,Innovaciones generadas en la Gestión Empresarial,Organizacional,una innovación generada en la gestión empresarial consistente en un Programa de Formación y Capacitación para la Prevención del Comportamiento Suicida Rionegro en Fase III,Colombia,2020,No restringido,UNIVERSIDAD CATOLICA LUIS AMIGO,"GLORIA CECILIA CARDONA RIOS, DAVID IGNACIO MOLINA VELASQUEZ, MARIA VICTORIA RESTREPO TOBON, JOHN JAIRO GARCIA PENA, SANDRA ISABEL MEJIA ZAPATA, ANGEL AUGUSTO VIZCAYA CASTILLO, MARCOS VEGA SENA, OMAR AUGUSTO AMADOR SANCHEZ, ELIZA KRATC GIL, DIEGO LEON CARVAJAL SERNA, JHOEEN SNEYDER ROJAS DIAZ"
FARMACODEPENDENCIA Y OTRAS ADICCIONES,Innovaciones generadas en la Gestión Empresarial,Empresarial,INNOVACION DE PROGRAMAS DE FORMACION A LA COMUNIDAD SOBRE LA PREVENCION DEL COMPORTAMIENTO SUICIDA MUNICIPIO DE ENVIGADO EN FASE III,Colombia,2020,No restringido,UNIVERSIDAD CATOLICA LUIS AMIGO,"ANGEL AUGUSTO VIZCAYA CASTILLO, ELIZA KRATC GIL, DAVID IGNACIO MOLINA VELASQUEZ, MARIA VICTORIA RESTREPO TOBON, JOHN JAIRO GARCIA PENA, OMAR AUGUSTO AMADOR SANCHEZ, DIEGO LEON CARVAJAL SERNA, MARCOS VEGA SENA, SANDRA ISABEL MEJIA ZAPATA, GLORIA CECILIA CARDONA RIOS, JHOEEN SNEYDER ROJAS DIAZ"
FARMACODEPENDENCIA Y OTRAS ADICCIONES,Innovaciones generadas en la Gestión Empresarial,Empresarial,"Construcción de la ruta de atención y directorio de emergencias para el comportamiento suicida, Municipio de Andes en FASE III",Colombia,2020,No restringido,UNIVERSIDAD CATOLICA LUIS AMIGO,"ELIZA KRATC GIL, ANGEL AUGUSTO VIZCAYA CASTILLO, DAVID IGNACIO MOLINA VELASQUEZ, MARIA VICTORIA RESTREPO TOBON, JOHN JAIRO GARCIA PENA, OMAR AUGUSTO AMADOR SANCHEZ, DIEGO LEON CARVAJAL SERNA, MARCOS VEGA SENA, SANDRA ISABEL MEJIA ZAPATA, GLORIA CECILIA CARDONA RIOS, JHOEEN SNEYDER ROJAS DIAZ"
FARMACODEPENDENCIA Y OTRAS ADICCIONES,Innovaciones generadas en la Gestión Empresarial,Empresarial,"innovación generada en la gestión empresarial consistente en el área de gestión de lo humano, a través de la creación de una ruta de atención y directorio de emergencias para el comportamiento suicida Municipio de Andes en Fase III",Colombia,2020,No restringido,UNIVERSIDAD CATOLICA LUIS AMIGO,"DAVID IGNACIO MOLINA VELASQUEZ, DIEGO LEON CARVAJAL SERNA, JHOEEN SNEYDER ROJAS DIAZ, MARCOS FIDEL VEGA SENA, JOHN JAIRO GARCIA PENA, SANDRA ISABEL MEJIA ZAPATA, GLORIA CECILIA CARDONA RIOS, ELIZA KRATC GIL, ANGEL AUGUSTO VIZCAYA CASTILLO, OMAR AUGUSTO AMADOR SANCHEZ, MARIA VICTORIA RESTREPO TOBON"
FARMACODEPENDENCIA Y OTRAS ADICCIONES,Innovaciones generadas en la Gestión Empresarial,Empresarial,PROGRAMA DE FORMACION PARA LA PREVENCION DE LA CONDUCTA SUICIDA MUNICIPIO DE RIONEGRO FASE III,Colombia,2020,No restringido,UNIVERSIDAD CATOLICA LUIS AMIGO,"ELIZA KRATC GIL, ANGEL AUGUSTO VIZCAYA CASTILLO, DAVID IGNACIO MOLINA VELASQUEZ, MARIA VICTORIA RESTREPO TOBON, JOHN JAIRO GARCIA PENA, OMAR AUGUSTO AMADOR SANCHEZ, DIEGO LEON CARVAJAL SERNA, MARCOS VEGA SENA, SANDRA ISABEL MEJIA ZAPATA, GLORIA CECILIA CARDONA RIOS, JHOEEN SNEYDER ROJAS DIAZ"
FARMACODEPENDENCIA Y OTRAS ADICCIONES,Innovaciones generadas en la Gestión Empresarial,Empresarial,Programa de Formación y Capacitación para la Prevención del Comportamiento Suicida Rionegro en Fase III,Colombia,2020,No restringido,UNIVERSIDAD CATOLICA LUIS AMIGO,"GLORIA CECILIA CARDONA RIOS, DAVID IGNACIO MOLINA VELASQUEZ, MARIA VICTORIA RESTREPO TOBON, JOHN JAIRO GARCIA PENA, SANDRA ISABEL MEJIA ZAPATA, ANGEL AUGUSTO VIZCAYA CASTILLO, MARCOS VEGA SENA, OMAR AUGUSTO AMADOR SANCHEZ, ELIZA KRATC GIL, DIEGO LEON CARVAJAL SERNA, JHOEEN SNEYDER ROJAS DIAZ"
FARMACODEPENDENCIA Y OTRAS ADICCIONES,Innovaciones generadas en la Gestión Empresarial,Empresarial,"IG-A1, consistente en un protocolo sobre ¿Cómo informar suicidio para Colombia?MUNICIPIO DE RIONEGRO EN FASE III",Colombia,2020,No restringido,Alcaldía de Rionegro,"ELIZA KRATC GIL, ANGEL AUGUSTO VIZCAYA CASTILLO, DAVID IGNACIO MOLINA VELASQUEZ, MARIA VICTORIA RESTREPO TOBON, JOHN JAIRO GARCIA PENA, OMAR AUGUSTO AMADOR SANCHEZ, DIEGO LEON CARVAJAL SERNA, MARCOS VEGA SENA, SANDRA ISABEL MEJIA ZAPATA, GLORIA CECILIA CARDONA RIOS, JHOEEN SNEYDER ROJAS DIAZ"
FARMACODEPENDENCIA Y OTRAS ADICCIONES,Innovaciones generadas en la Gestión Empresarial,Organizacional,programa de formacion y capacitacion para la prevencion del comportamiento suicida - fase 2 en municipio de Rionegro.,Colombia,2019,No restringido,UNIVERSIDAD CATOLICA LUIS AMIGO,"GLORIA CECILIA CARDONA RIOS, DAVID IGNACIO MOLINA VELASQUEZ, MARIA VICTORIA RESTREPO TOBON, JOHN JAIRO GARCIA PENA, SANDRA ISABEL MEJIA ZAPATA, ANA LUCIA CEBALLOS DUQUE, ANGEL AUGUSTO VIZCAYA CASTILLO, MARCOS VEGA SENA, OMAR AUGUSTO AMADOR SANCHEZ, ELIZA KRATC GIL, DIEGO LEON CARVAJAL SERNA, JHOEEN SNEYDER ROJAS DIAZ"
FARMACODEPENDENCIA Y OTRAS ADICCIONES,Innovaciones generadas en la Gestión Empresarial,Empresarial,Estrategia organizacional con programas de formación orientado al cumplimiento de las políticas públicas de Salud Mental: estrategias para prevenir y atender los factores de riesgo asociados a la conducta suicida en RIONEGRO FASE II,Colombia,2019,No restringido,UNIVERSIDAD CATOLICA LUIS AMIGO,"MARIA VICTORIA RESTREPO TOBON, SANDRA ISABEL MEJIA ZAPATA, MARCOS VEGA SENA, ELIZA KRATC GIL, JHOEEN SNEYDER ROJAS DIAZ, JOHN JAIRO GARCIA PENA, GLORIA CECILIA CARDONA RIOS, DIEGO LEON CARVAJAL SERNA, ANGEL AUGUSTO VIZCAYA CASTILLO, DAVID IGNACIO MOLINA VELASQUEZ, OMAR AUGUSTO AMADOR SANCHEZ, ANA LUCIA CEBALLOS DUQUE"
FARMACODEPENDENCIA Y OTRAS ADICCIONES,Innovaciones generadas en la Gestión Empresarial,Organizacional,INNOVACION A TRAVES DE LA CREACION DE PROGRAMAS PARA LA PREVENCION DE LA CONDUCTA SUICIDA EN RIONEGRO FASE II,Colombia,2019,No restringido,UNIVERSIDAD CATOLICA LUIS AMIGO,GLORIA CECILIA CARDONA RIOS
FARMACODEPENDENCIA Y OTRAS ADICCIONES,Innovaciones generadas en la Gestión Empresarial,Empresarial,Estrategia organizacional con programas de formación orientado al cumplimiento de las políticas públicas de Salud Mental consistente en una innovación en la construcción del protocolo de Autopsia Psico-Socio-Patológica para el municipio de Unión.,Colombia,2019,No restringido,UNIVERSIDAD CATOLICA LUIS AMIGO,"MARIA VICTORIA RESTREPO TOBON, SANDRA ISABEL MEJIA ZAPATA, MARCOS VEGA SENA, ELIZA KRATC GIL, JHOEEN SNEYDER ROJAS DIAZ, JOHN JAIRO GARCIA PENA, GLORIA CECILIA CARDONA RIOS, DIEGO LEON CARVAJAL SERNA, ANGEL AUGUSTO VIZCAYA CASTILLO, DAVID IGNACIO MOLINA VELASQUEZ, OMAR AUGUSTO AMADOR SANCHEZ, ANA LUCIA CEBALLOS DUQUE"
FARMACODEPENDENCIA Y OTRAS ADICCIONES,Innovaciones generadas en la Gestión Empresarial,Empresarial,INNOVACION CONSISTENTE EN LA CONSTRUCCION DE LA RUTA DE ATNCION DE LA CONDUCTA SUICIDA EN LA UNION FASE II,Colombia,2019,No restringido,UNIVERSIDAD CATOLICA LUIS AMIGO,"GLORIA CECILIA CARDONA RIOS, MARIA VICTORIA RESTREPO TOBON, DAVID IGNACIO MOLINA VELASQUEZ, JOHN JAIRO GARCIA PENA, SANDRA ISABEL MEJIA ZAPATA, ANA LUCIA CEBALLOS DUQUE, ANGEL AUGUSTO VIZCAYA CASTILLO, MARCOS VEGA SENA, OMAR AUGUSTO AMADOR SANCHEZ, ELIZA KRATC GIL, DIEGO LEON CARVAJAL SERNA, JHOEEN SNEYDER ROJAS DIAZ"
FARMACODEPENDENCIA Y OTRAS ADICCIONES,Innovaciones generadas en la Gestión Empresarial,Organizacional,INNOVACION ORGANIZACIONAL SOBRE LA CONSTRUCCION DEL PROTOCOLO DE AUTOPSIA PSICO SOCIO PATOLOGICA LA UNION FASE II,Colombia,2019,No restringido,UNIVERSIDAD CATOLICA LUIS AMIGO,"GLORIA CECILIA CARDONA RIOS, DAVID IGNACIO MOLINA VELASQUEZ, MARIA VICTORIA RESTREPO TOBON, JOHN JAIRO GARCIA PENA, SANDRA ISABEL MEJIA ZAPATA, ANA LUCIA CEBALLOS DUQUE, ANGEL AUGUSTO VIZCAYA CASTILLO, MARCOS VEGA SENA, OMAR AUGUSTO AMADOR SANCHEZ, ELIZA KRATC GIL, DIEGO LEON CARVAJAL SERNA, JHOEEN SNEYDER ROJAS DIAZ"
FARMACODEPENDENCIA Y OTRAS ADICCIONES,Innovaciones generadas en la Gestión Empresarial,Empresarial,INNOVACION ORGANIZACIONAL EN LA CONSTRUCCION DE LA RUTA DE ATENCION DE LA CONDUCTA SUICIDA EN LA UNION EN FASE II,Colombia,2019,No restringido,UNIVERSIDAD CATOLICA LUIS AMIGO,"SANDRA ISABEL MEJIA ZAPATA, MARIA VICTORIA RESTREPO TOBON, MARCOS VEGA SENA, ELIZA KRATC GIL, JHOEEN SNEYDER ROJAS DIAZ, JOHN JAIRO GARCIA PENA, GLORIA CECILIA CARDONA RIOS, DIEGO LEON CARVAJAL SERNA, ANGEL AUGUSTO VIZCAYA CASTILLO, DAVID IGNACIO MOLINA VELASQUEZ, OMAR AUGUSTO AMADOR SANCHEZ, ANA LUCIA CEBALLOS DUQUE"
FARMACODEPENDENCIA Y OTRAS ADICCIONES,Innovaciones generadas en la Gestión Empresarial,Empresarial,"INNOVACION ORGANIZACIONAL PARA EL AREA DE GESTION PASTORAL CON PROGRAMAS DE FORMACION,ATENCION Y SENSIBILIZACION ORIENTADOS AL PROCESO DE FORTALECIMIENTO DE ATENCION PASTORAL PARA LA PREVENCION DE LA CONDUCTA SUICIDA DE CBERTURA DE MVV EN FASE II",Colombia,2019,No restringido,UNIVERSIDAD CATOLICA LUIS AMIGO,"MARIA VICTORIA RESTREPO TOBON, SANDRA ISABEL MEJIA ZAPATA, MARCOS VEGA SENA, ELIZA KRATC GIL, JHOEEN SNEYDER ROJAS DIAZ, JOHN JAIRO GARCIA PENA, GLORIA CECILIA CARDONA RIOS, DIEGO LEON CARVAJAL SERNA, ANGEL AUGUSTO VIZCAYA CASTILLO, DAVID IGNACIO MOLINA VELASQUEZ, OMAR AUGUSTO AMADOR SANCHEZ, ANA LUCIA CEBALLOS DUQUE"
FARMACODEPENDENCIA Y OTRAS ADICCIONES,Innovaciones generadas en la Gestión Empresarial,Organizacional,INNOVACION PROGRAMAS DE FORMACION ATENCION Y SENSIBILACION PARA FORTALECER LOS PROCESOS ATENCION PASTORAL PARA LA PREVENCION DE LA CONDUCTA SUICIDA EN LA COMUNIDAD DEL MVV EN MEDELLIN FASE II,Colombia,2019,No restringido,UNIVERSIDAD CATOLICA LUIS AMIGO,"GLORIA CECILIA CARDONA RIOS, DAVID IGNACIO MOLINA VELASQUEZ, MARIA VICTORIA RESTREPO TOBON, JOHN JAIRO GARCIA PENA, SANDRA ISABEL MEJIA ZAPATA, ANA LUCIA CEBALLOS DUQUE, ANGEL AUGUSTO VIZCAYA CASTILLO, MARCOS VEGA SENA, OMAR AUGUSTO AMADOR SANCHEZ, ELIZA KRATC GIL, DIEGO LEON CARVAJAL SERNA, JHOEEN SNEYDER ROJAS DIAZ"
FARMACODEPENDENCIA Y OTRAS ADICCIONES,Innovaciones generadas en la Gestión Empresarial,Organizacional,"INNOVACIÓN ÁREA DE GESTIÓN DE LO HUMANO,A TRAVÉS DE LA CREACIÓN DE UNA ESTRATEGIA ORGANIZACIONAL CON PROGRAMAS DE FORMACION ORIENTADOS AL CUMPLIMIENTO DE POLITICAS PUBLICAS DE SALUD MENTAL APLICADO EN LA COMUNIDAD DEL MUNICIPIO DE ANDES PARA LA PREVENCIÓN DE LA CONDUCTA SUICIDA EN FASE II",Colombia,2019,No restringido,UNIVERSIDAD CATOLICA LUIS AMIGO,"GLORIA CECILIA CARDONA RIOS, DAVID IGNACIO MOLINA VELASQUEZ, MARIA VICTORIA RESTREPO TOBON, JOHN JAIRO GARCIA PENA, SANDRA ISABEL MEJIA ZAPATA, ANA LUCIA CEBALLOS DUQUE, ANGEL AUGUSTO VIZCAYA CASTILLO, MARCOS VEGA SENA, OMAR AUGUSTO AMADOR SANCHEZ, ELIZA KRATC GIL, DIEGO LEON CARVAJAL SERNA, JHOEEN SNEYDER ROJAS DIAZ"
FARMACODEPENDENCIA Y OTRAS ADICCIONES,Innovaciones generadas en la Gestión Empresarial,Organizacional,"innovación generada en la gestión empresarial consistente en el área de gestión de lo humano, a traves de la creación de una estrategia organizacional con programas de formación orientado al cumplimiento de políticas públicas en salud mental, para la prevención de la conducta suicida ANDES FASEII",Colombia,2019,No restringido,UNIVERSIDAD CATOLICA LUIS AMIGO,"SANDRA ISABEL MEJIA ZAPATA, MARIA VICTORIA RESTREPO TOBON, MARCOS VEGA SENA, ELIZA KRATC GIL, JHOEEN SNEYDER ROJAS DIAZ, JOHN JAIRO GARCIA PENA, GLORIA CECILIA CARDONA RIOS, DIEGO LEON CARVAJAL SERNA, ANGEL AUGUSTO VIZCAYA CASTILLO, DAVID IGNACIO MOLINA VELASQUEZ, OMAR AUGUSTO AMADOR SANCHEZ, ANA LUCIA CEBALLOS DUQUE"
FARMACODEPENDENCIA Y OTRAS ADICCIONES,Innovaciones generadas en la Gestión Empresarial,Organizacional,Producto Empresarial,Colombia,2018,Restringido,UNIVERSIDAD CATOLICA LUIS AMIGO,"GLORIA CECILIA CARDONA RIOS, SANDRA ISABEL MEJIA ZAPATA, OMAR AUGUSTO AMADOR SANCHEZ, MARCOS VEGA SENA, JOHN JAIRO GARCIA PENA, JHOEEN SNEYDER ROJAS DIAZ, ELIZA KRATC GIL, DIEGO LEON CARVAJAL SERNA, ANGEL AUGUSTO VIZCAYA CASTILLO, ANA LUCIA CEBALLOS DUQUE"
FARMACODEPENDENCIA Y OTRAS ADICCIONES,Innovaciones generadas en la Gestión Empresarial,Empresarial,consultoria científico tecnológica,Colombia,2018,Restringido,UNIVERSIDAD CATOLICA LUIS AMIGO,"GLORIA CECILIA CARDONA RIOS, SANDRA ISABEL MEJIA ZAPATA, OMAR AUGUSTO AMADOR SANCHEZ, MARCOS VEGA SENA, JOHN JAIRO GARCIA PENA, JHOEEN SNEYDER ROJAS DIAZ, ELIZA KRATC GIL, DIEGO LEON CARVAJAL SERNA, ANGEL AUGUSTO VIZCAYA CASTILLO"
FARMACODEPENDENCIA Y OTRAS ADICCIONES,Innovaciones generadas en la Gestión Empresarial,Organizacional,Participación en consultoria científico tecnológica,Colombia,2018,Restringido,UNIVERSIDAD CATOLICA LUIS AMIGO,"SANDRA ISABEL MEJIA ZAPATA, GLORIA CECILIA CARDONA RIOS, OMAR AUGUSTO AMADOR SANCHEZ, MARCOS VEGA SENA, JOHN JAIRO GARCIA PENA, JHOEEN SNEYDER ROJAS DIAZ, ELIZA KRATC GIL, DIEGO LEON CARVAJAL SERNA, ANGEL AUGUSTO VIZCAYA CASTILLO, ANA LUCIA CEBALLOS DUQUE"
FARMACODEPENDENCIA Y OTRAS ADICCIONES,Innovaciones generadas en la Gestión Empresarial,Organizacional,consultoria científico tecnológica,Colombia,2018,Restringido,UNIVERSIDAD CATOLICA LUIS AMIGO,"GLORIA CECILIA CARDONA RIOS, SANDRA ISABEL MEJIA ZAPATA, OMAR AUGUSTO AMADOR SANCHEZ, MARCOS VEGA SENA, JOHN JAIRO GARCIA PENA, JHOEEN SNEYDER ROJAS DIAZ, ELIZA KRATC GIL, DIEGO LEON CARVAJAL SERNA, ANGEL AUGUSTO VIZCAYA CASTILLO, ANA LUCIA CEBALLOS DUQUE"
FARMACODEPENDENCIA Y OTRAS ADICCIONES,Innovaciones generadas en la Gestión Empresarial,Organizacional,consultoria científico tecnológica,Colombia,2018,Restringido,UNIVERSIDAD CATOLICA LUIS AMIGO,"GLORIA CECILIA CARDONA RIOS, SANDRA ISABEL MEJIA ZAPATA, OMAR AUGUSTO AMADOR SANCHEZ, MARCOS VEGA SENA, JOHN JAIRO GARCIA PENA, JHOEEN SNEYDER ROJAS DIAZ, ELIZA KRATC GIL, DIEGO LEON CARVAJAL SERNA, ANGEL AUGUSTO VIZCAYA CASTILLO"
FARMACODEPENDENCIA Y OTRAS ADICCIONES,Innovaciones generadas en la Gestión Empresarial,Organizacional,consultoria científico tecnológica,Colombia,2018,Restringido,UNIVERSIDAD CATOLICA LUIS AMIGO,"GLORIA CECILIA CARDONA RIOS, SANDRA ISABEL MEJIA ZAPATA, OMAR AUGUSTO AMADOR SANCHEZ, MARCOS VEGA SENA, JOHN JAIRO GARCIA PENA, JHOEEN SNEYDER ROJAS DIAZ, ELIZA KRATC GIL, DIEGO LEON CARVAJAL SERNA, ANGEL AUGUSTO VIZCAYA CASTILLO, ANA LUCIA CEBALLOS DUQUE"
FARMACODEPENDENCIA Y OTRAS ADICCIONES,Innovaciones generadas en la Gestión Empresarial,Organizacional,Participación en consultoria científico tecnológica,Colombia,2018,Restringido,UNIVERSIDAD CATOLICA LUIS AMIGO,"SANDRA ISABEL MEJIA ZAPATA, GLORIA CECILIA CARDONA RIOS, OMAR AUGUSTO AMADOR SANCHEZ, MARCOS VEGA SENA, JOHN JAIRO GARCIA PENA, JHOEEN SNEYDER ROJAS DIAZ, ELIZA KRATC GIL, DIEGO LEON CARVAJAL SERNA, ANGEL AUGUSTO VIZCAYA CASTILLO, ANA LUCIA CEBALLOS DUQUE"
FARMACODEPENDENCIA Y OTRAS ADICCIONES,Innovaciones generadas en la Gestión Empresarial,Empresarial,Producto empresarial,Colombia,2018,Restringido,UNIVERSIDAD CATOLICA LUIS AMIGO,"GLORIA CECILIA CARDONA RIOS, SANDRA ISABEL MEJIA ZAPATA, OMAR AUGUSTO AMADOR SANCHEZ, MARCOS VEGA SENA, JOHN JAIRO GARCIA PENA, JHOEEN SNEYDER ROJAS DIAZ, ELIZA KRATC GIL, DIEGO LEON CARVAJAL SERNA, ANGEL AUGUSTO VIZCAYA CASTILLO"
FARMACODEPENDENCIA Y OTRAS ADICCIONES,Innovaciones generadas en la Gestión Empresarial,Organizacional,participación en consultorio científico tecnológica,Colombia,2018,No restringido,UNIVERSIDAD CATOLICA LUIS AMIGO,"GLORIA CECILIA CARDONA RIOS, ANA LUCIA CEBALLOS DUQUE, ANGEL AUGUSTO VIZCAYA CASTILLO, DIEGO LEON CARVAJAL SERNA, ELIZA KRATC GIL, JHOEEN SNEYDER ROJAS DIAZ, JOHN JAIRO GARCIA PENA, MARCOS VEGA SENA, OMAR AUGUSTO AMADOR SANCHEZ, SANDRA ISABEL MEJIA ZAPATA"
FARMACODEPENDENCIA Y OTRAS ADICCIONES,Innovaciones generadas en la Gestión Empresarial,Organizacional,CREACIÓN DE UNA ESTRATEGIA ORGANIZACIONAL CON PROGRAMAS DE FORMACIÓN ORIENTADOS AL CUMPLIMIENTO DE LAS POLÍTICAS PÚBLICAS DE SALUD MENTAL,Colombia,2018,Restringido,UNIVERSIDAD CATOLICA LUIS AMIGO,"ELIZA KRATC GIL, ANA LUCIA CEBALLOS DUQUE, DIEGO LEON CARVAJAL SERNA, GLORIA CECILIA CARDONA RIOS, JHOEEN SNEYDER ROJAS DIAZ, JOHN JAIRO GARCIA PENA, MARCOS VEGA SENA, OMAR AUGUSTO AMADOR SANCHEZ, SANDRA ISABEL MEJIA ZAPATA"
FARMACODEPENDENCIA Y OTRAS ADICCIONES,Innovaciones generadas en la Gestión Empresarial,Empresarial,consultoria científico tecnológica,Colombia,2018,Restringido,UNIVERSIDAD CATOLICA LUIS AMIGO,"GLORIA CECILIA CARDONA RIOS, SANDRA ISABEL MEJIA ZAPATA, OMAR AUGUSTO AMADOR SANCHEZ, MARCOS VEGA SENA, JOHN JAIRO GARCIA PENA, JHOEEN SNEYDER ROJAS DIAZ, ELIZA KRATC GIL, DIEGO LEON CARVAJAL SERNA, ANGEL AUGUSTO VIZCAYA CASTILLO, ANA LUCIA CEBALLOS DUQUE"
FARMACODEPENDENCIA Y OTRAS ADICCIONES,Innovaciones generadas en la Gestión Empresarial,Organizacional,Participación en consultoria científico tecnológica,Colombia,2018,Restringido,UNIVERSIDAD CATOLICA LUIS AMIGO,"GLORIA CECILIA CARDONA RIOS, SANDRA ISABEL MEJIA ZAPATA, OMAR AUGUSTO AMADOR SANCHEZ, MARCOS VEGA SENA, JOHN JAIRO GARCIA PENA, JHOEEN SNEYDER ROJAS DIAZ, ELIZA KRATC GIL, DIEGO LEON CARVAJAL SERNA, ANGEL AUGUSTO VIZCAYA CASTILLO, ANA LUCIA CEBALLOS DUQUE"
FARMACODEPENDENCIA Y OTRAS ADICCIONES,Innovaciones generadas en la Gestión Empresarial,Organizacional,PROGRAMA DE FORMACIÓN Y CAPACITACIÓN PARA LA PREVENCIÓN DEL COMPORTAMIENTO SUICIDA,Colombia,2018,No restringido,UNIVERSIDAD CATOLICA LUIS AMIGO,"ELIZA KRATC GIL, ANA LUCIA CEBALLOS DUQUE, DIEGO LEON CARVAJAL SERNA, GLORIA CECILIA CARDONA RIOS, JHOEEN SNEYDER ROJAS DIAZ, JOHN JAIRO GARCIA PENA, MARCOS VEGA SENA, OMAR AUGUSTO AMADOR SANCHEZ, SANDRA ISABEL MEJIA ZAPATA"
FARMACODEPENDENCIA Y OTRAS ADICCIONES,Innovaciones generadas en la Gestión Empresarial,Organizacional,PROGRAMA DE FORMACIÓN Y CAPACITACIÓN PARA LA PREVENCIÓN DEL COMPORTAMIENTO SUICIDA,Colombia,2018,No restringido,UNIVERSIDAD CATOLICA LUIS AMIGO,"ELIZA KRATC GIL, ANA LUCIA CEBALLOS DUQUE, DIEGO LEON CARVAJAL SERNA, GLORIA CECILIA CARDONA RIOS, JHOEEN SNEYDER ROJAS DIAZ, JOHN JAIRO GARCIA PENA, MARCOS VEGA SENA, OMAR AUGUSTO AMADOR SANCHEZ, SANDRA ISABEL MEJIA ZAPATA"
ESTUDIOS DE FENOMENOS PSICOSOCIALES,Innovaciones generadas en la Gestión Empresarial,Empresarial,Red de atención para la Atención y Prevención del comportamiento suicida en municipio de Yacuiba ( Bolivia) fase 1 -2021,Colombia,2021,No restringido,UNIVERSIDAD CATOLICA LUIS AMIGO,"SANDRA ISABEL MEJIA ZAPATA, DAVID IGNACIO MOLINA VELASQUEZ, ANGEL AUGUSTO VIZCAYA CASTILLO, JOHN JAIRO GARCIA PENA, GLORIA CECILIA CARDONA RIOS, ELIZA KRATC GIL, MARCOS VEGA SENA, OMAR AUGUSTO AMADOR SANCHEZ, JHOEEN SNEYDER ROJAS DIAZ, DIEGO LEON CARVAJAL SERNA, MARIA VICTORIA RESTREPO TOBON"
ESTUDIOS DE FENOMENOS PSICOSOCIALES,Innovaciones generadas en la Gestión Empresarial,Empresarial,Red de Atención Intracomunitaria para la Prevención del Comportamiento Suicida RAI PRECOS- Medellín Fase 1 -2021,Colombia,2021,No restringido,UNIVERSIDAD CATOLICA LUIS AMIGO,"SANDRA ISABEL MEJIA ZAPATA, DAVID IGNACIO MOLINA VELASQUEZ, ANGEL AUGUSTO VIZCAYA CASTILLO, JOHN JAIRO GARCIA PENA, GLORIA CECILIA CARDONA RIOS, ELIZA KRATC GIL, MARCOS VEGA SENA, OMAR AUGUSTO AMADOR SANCHEZ, JHOEEN SNEYDER ROJAS DIAZ, DIEGO LEON CARVAJAL SERNA, MARIA VICTORIA RESTREPO TOBON"
ESTUDIOS DE FENOMENOS PSICOSOCIALES,Innovaciones generadas en la Gestión Empresarial,Empresarial,Posvención: Un proceso de mitigación y apropiación social del conocimiento para el municipio Carmen de Viboral fase 1 -2021,Colombia,2021,No restringido,UNIVERSIDAD CATOLICA LUIS AMIGO,"DAVID IGNACIO MOLINA VELASQUEZ, SANDRA ISABEL MEJIA ZAPATA, ANGEL AUGUSTO VIZCAYA CASTILLO, JOHN JAIRO GARCIA PENA, GLORIA CECILIA CARDONA RIOS, ELIZA KRATC GIL, MARCOS VEGA SENA, OMAR AUGUSTO AMADOR SANCHEZ, JHOEEN SNEYDER ROJAS DIAZ, DIEGO LEON CARVAJAL SERNA, MARIA VICTORIA RESTREPO TOBON"
ESTUDIOS DE FENOMENOS PSICOSOCIALES,Innovaciones generadas en la Gestión Empresarial,Empresarial,"Programa de formación y capacitación para la prevención del comportamiento suicida, Santa Rosa de Osos, fase 1 - 2021",Colombia,2021,No restringido,UNIVERSIDAD CATOLICA LUIS AMIGO,"SANDRA ISABEL MEJIA ZAPATA, DAVID IGNACIO MOLINA VELASQUEZ, ANGEL AUGUSTO VIZCAYA CASTILLO, JOHN JAIRO GARCIA PENA, GLORIA CECILIA CARDONA RIOS, ELIZA KRATC GIL, MARCOS VEGA SENA, OMAR AUGUSTO AMADOR SANCHEZ, JHOEEN SNEYDER ROJAS DIAZ, DIEGO LEON CARVAJAL SERNA, MARIA VICTORIA RESTREPO TOBON"
ESTUDIOS DE FENOMENOS PSICOSOCIALES,Innovaciones generadas en la Gestión Empresarial,Empresarial,"Programa de innovación formación a los medios de comunicación: Juntos por el cuidado de la vida para la prevención del suicidio. El Carmen de Viboral, fase I -2021",Colombia,2021,No restringido,UNIVERSIDAD CATOLICA LUIS AMIGO,"SANDRA ISABEL MEJIA ZAPATA, DAVID IGNACIO MOLINA VELASQUEZ, ANGEL AUGUSTO VIZCAYA CASTILLO, JOHN JAIRO GARCIA PENA, GLORIA CECILIA CARDONA RIOS, ELIZA KRATC GIL, MARCOS VEGA SENA, OMAR AUGUSTO AMADOR SANCHEZ, JHOEEN SNEYDER ROJAS DIAZ, DIEGO LEON CARVAJAL SERNA, MARIA VICTORIA RESTREPO TOBON"
ESTUDIOS DE FENOMENOS PSICOSOCIALES,Innovaciones generadas en la Gestión Empresarial,Empresarial,Red de Salud Mental para el cuidado de la vida en el municipio del Carmen de Viboral Fase 1 -2021,Colombia,2021,No restringido,UNIVERSIDAD CATOLICA LUIS AMIGO,"SANDRA ISABEL MEJIA ZAPATA, DAVID IGNACIO MOLINA VELASQUEZ, ANGEL AUGUSTO VIZCAYA CASTILLO, JOHN JAIRO GARCIA PENA, GLORIA CECILIA CARDONA RIOS, ELIZA KRATC GIL, MARCOS VEGA SENA, OMAR AUGUSTO AMADOR SANCHEZ, JHOEEN SNEYDER ROJAS DIAZ, DIEGO LEON CARVAJAL SERNA, MARIA VICTORIA RESTREPO TOBON"
ESTUDIOS DE FENOMENOS PSICOSOCIALES,Innovaciones generadas en la Gestión Empresarial,Organizacional,"Programa de Formación y Capacitación para la Prevención del Comportamiento Suicida. Envigado, FASE III",Colombia,2020,No restringido,UNIVERSIDAD CATOLICA LUIS AMIGO,"SANDRA ISABEL MEJIA ZAPATA, DAVID IGNACIO MOLINA VELASQUEZ, ANGEL AUGUSTO VIZCAYA CASTILLO, JOHN JAIRO GARCIA PENA, GLORIA CECILIA CARDONA RIOS, ELIZA KRATC GIL, MARCOS VEGA SENA, OMAR AUGUSTO AMADOR SANCHEZ, JHOEEN SNEYDER ROJAS DIAZ, DIEGO LEON CARVAJAL SERNA, MARIA VICTORIA RESTREPO TOBON"
ESTUDIOS DE FENOMENOS PSICOSOCIALES,Innovaciones generadas en la Gestión Empresarial,Organizacional,"Programa de Formación y Capacitación para la Prevención del Comportamiento Suicida. La unión, FASE III",Colombia,2020,No restringido,UNIVERSIDAD CATOLICA LUIS AMIGO,"SANDRA ISABEL MEJIA ZAPATA, DAVID IGNACIO MOLINA VELASQUEZ, ANGEL AUGUSTO VIZCAYA CASTILLO, JOHN JAIRO GARCIA PENA, GLORIA CECILIA CARDONA RIOS, ELIZA KRATC GIL, MARCOS VEGA SENA, OMAR AUGUSTO AMADOR SANCHEZ, JHOEEN SNEYDER ROJAS DIAZ, DIEGO LEON CARVAJAL SERNA, MARIA VICTORIA RESTREPO TOBON"
ESTUDIOS DE FENOMENOS PSICOSOCIALES,Innovaciones generadas en la Gestión Empresarial,Organizacional,"Programa de Formación y Capacitación para la Prevención del Comportamiento Suicida. Rionegro, FASE III",Colombia,2020,No restringido,UNIVERSIDAD CATOLICA LUIS AMIGO,"DAVID IGNACIO MOLINA VELASQUEZ, SANDRA ISABEL MEJIA ZAPATA, ANGEL AUGUSTO VIZCAYA CASTILLO, JOHN JAIRO GARCIA PENA, GLORIA CECILIA CARDONA RIOS, ELIZA KRATC GIL, MARCOS VEGA SENA, OMAR AUGUSTO AMADOR SANCHEZ, JHOEEN SNEYDER ROJAS DIAZ, DIEGO LEON CARVAJAL SERNA, MARIA VICTORIA RESTREPO TOBON"
ESTUDIOS DE FENOMENOS PSICOSOCIALES,Innovaciones generadas en la Gestión Empresarial,Organizacional,protocolo sobre ¿Cómo informar suicidio para Colombia?,Colombia,2020,Restringido,UNIVERSIDAD CATOLICA LUIS AMIGO,"SANDRA ISABEL MEJIA ZAPATA, GLORIA CECILIA CARDONA RIOS, DIEGO LEON CARVAJAL SERNA, ELIZA KRATC GIL, ANGEL AUGUSTO VIZCAYA CASTILLO, DAVID IGNACIO MOLINA VELASQUEZ, MARIA VICTORIA RESTREPO TOBON, OMAR AUGUSTO AMADOR SANCHEZ, JOHN JAIRO GARCIA PENA, MARCOS VEGA SENA"
ESTUDIOS DE FENOMENOS PSICOSOCIALES,Innovaciones generadas en la Gestión Empresarial,Organizacional,Construcción de la ruta de atención y directorio de emergencias para el comportamiento suicida. Andes. FASE III,Colombia,2020,No restringido,UNIVERSIDAD CATOLICA LUIS AMIGO,"SANDRA ISABEL MEJIA ZAPATA, DAVID IGNACIO MOLINA VELASQUEZ, ANGEL AUGUSTO VIZCAYA CASTILLO, JOHN JAIRO GARCIA PENA, GLORIA CECILIA CARDONA RIOS, ELIZA KRATC GIL, MARCOS VEGA SENA, OMAR AUGUSTO AMADOR SANCHEZ, JHOEEN SNEYDER ROJAS DIAZ, DIEGO LEON CARVAJAL SERNA, MARIA VICTORIA RESTREPO TOBON"
ESTUDIOS DE FENOMENOS PSICOSOCIALES,Innovaciones generadas en la Gestión Empresarial,Organizacional,"Programa de Formación y Capacitación para la Prevención del Comportamiento Suicida. Andes, FASE III",Colombia,2020,No restringido,UNIVERSIDAD CATOLICA LUIS AMIGO,"SANDRA ISABEL MEJIA ZAPATA, DAVID IGNACIO MOLINA VELASQUEZ, ANGEL AUGUSTO VIZCAYA CASTILLO, JOHN JAIRO GARCIA PENA, GLORIA CECILIA CARDONA RIOS, ELIZA KRATC GIL, MARCOS VEGA SENA, OMAR AUGUSTO AMADOR SANCHEZ, JHOEEN SNEYDER ROJAS DIAZ, DIEGO LEON CARVAJAL SERNA, MARIA VICTORIA RESTREPO TOBON"
ESTUDIOS DE FENOMENOS PSICOSOCIALES,Innovaciones generadas en la Gestión Empresarial,Organizacional,Prevention Program for Suicidal Behavior in Religious Communities FASE III,Colombia,2020,No restringido,UNIVERSIDAD CATOLICA LUIS AMIGO,"SANDRA ISABEL MEJIA ZAPATA, DAVID IGNACIO MOLINA VELASQUEZ, JOHN JAIRO GARCIA PENA, GLORIA CECILIA CARDONA RIOS, ELIZA KRATC GIL, MARCOS VEGA SENA, OMAR AUGUSTO AMADOR SANCHEZ, JHOEEN SNEYDER ROJAS DIAZ, MARIA VICTORIA RESTREPO TOBON, ANGEL AUGUSTO VIZCAYA CASTILLO, DIEGO LEON CARVAJAL SERNA"
ESTUDIOS DE FENOMENOS PSICOSOCIALES,Innovaciones generadas en la Gestión Empresarial,Organizacional,"Gestión organizacional para los centros de operación en Colombia, Nicaragua y Costa Rica, en la creación de plataforma educativa digital para el fortalecimiento de los procesos de pastoral en la prevención de comportamiento suicida de líderes religiosos de América Latina.",Colombia,2020,No restringido,UNIVERSIDAD CATOLICA LUIS AMIGO,"JOHN JAIRO GARCIA PENA, JHOEEN SNEYDER ROJAS DIAZ, GLORIA CECILIA CARDONA RIOS, ELIZA KRATC GIL, DIEGO LEON CARVAJAL SERNA, OMAR AUGUSTO AMADOR SANCHEZ, MARCOS FIDEL VEGA SENA, SANDRA ISABEL MEJIA ZAPATA"
ESTUDIOS DE FENOMENOS PSICOSOCIALES,Innovaciones generadas en la Gestión Empresarial,Empresarial,"Estrategia organizacional con programas de formación orientado al cumplimiento de las políticas púbicas en salud mental, en La Unión, Antioquia.",Colombia,2020,No restringido,UNIVERSIDAD CATOLICA LUIS AMIGO,"JOHN JAIRO GARCIA PENA, GLORIA CECILIA CARDONA RIOS, ELIZA KRATC GIL, OMAR AUGUSTO AMADOR SANCHEZ, SANDRA ISABEL MEJIA ZAPATA, JHOEEN SNEYDER ROJAS DIAZ, MARCOS FIDEL VEGA SENA"
ESTUDIOS DE FENOMENOS PSICOSOCIALES,Innovaciones generadas en la Gestión Empresarial,Empresarial,Programa de Formación y Capacitación para la Prevención del Comportamiento Suicida.,Colombia,2020,No restringido,UNIVERSIDAD CATOLICA LUIS AMIGO,"JOHN JAIRO GARCIA PENA, GLORIA CECILIA CARDONA RIOS, ELIZA KRATC GIL, ANGEL AUGUSTO VIZCAYA CASTILLO, DIEGO LEON CARVAJAL SERNA, OMAR AUGUSTO AMADOR SANCHEZ, MARCOS FIDEL VEGA SENA, SANDRA ISABEL MEJIA ZAPATA, JHOEEN SNEYDER ROJAS DIAZ"
ESTUDIOS DE FENOMENOS PSICOSOCIALES,Innovaciones generadas en la Gestión Empresarial,Empresarial,"Estrategia organizacional con programas de formación orientado al cumplimiento de las políticas púbicas en salud mental, en Envigado, Antioquia.",Colombia,2020,No restringido,UNIVERSIDAD CATOLICA LUIS AMIGO,"JOHN JAIRO GARCIA PENA, GLORIA CECILIA CARDONA RIOS, ELIZA KRATC GIL, ANGEL AUGUSTO VIZCAYA CASTILLO, DIEGO LEON CARVAJAL SERNA, OMAR AUGUSTO AMADOR SANCHEZ, MARCOS FIDEL VEGA SENA, SANDRA ISABEL MEJIA ZAPATA, JHOEEN SNEYDER ROJAS DIAZ"
ESTUDIOS DE FENOMENOS PSICOSOCIALES,Innovaciones generadas en la Gestión Empresarial,Empresarial,"Creación de una estrategia organizacional con programas de formación orientado al cumplimiento de las políticas púbicas en salud mental, que tenga impacto en el conocimiento aplicado a la comunidad del municipio para la prevención de la conducta suicida",Colombia,2020,No restringido,UNIVERSIDAD CATOLICA LUIS AMIGO,"JOHN JAIRO GARCIA PENA, GLORIA CECILIA CARDONA RIOS, ELIZA KRATC GIL, ANGEL AUGUSTO VIZCAYA CASTILLO, MARCOS FIDEL VEGA SENA, SANDRA ISABEL MEJIA ZAPATA, JHOEEN SNEYDER ROJAS DIAZ"
ESTUDIOS DE FENOMENOS PSICOSOCIALES,Innovaciones generadas en la Gestión Empresarial,Organizacional,Programa de formación y capacitación para la prevención del comportamiento suicida fase 2 Andes,Colombia,2019,No restringido,UNIVERSIDAD CATOLICA LUIS AMIGO,"SANDRA ISABEL MEJIA ZAPATA, DAVID IGNACIO MOLINA VELASQUEZ, ANGEL AUGUSTO VIZCAYA CASTILLO, JOHN JAIRO GARCIA PENA, GLORIA CECILIA CARDONA RIOS, MARCOS VEGA SENA, ELIZA KRATC GIL, OMAR AUGUSTO AMADOR SANCHEZ, DIEGO LEON CARVAJAL SERNA, MARIA VICTORIA RESTREPO TOBON, JHOEEN SNEYDER ROJAS DIAZ, ANA LUCIA CEBALLOS DUQUE"
ESTUDIOS DE FENOMENOS PSICOSOCIALES,Innovaciones generadas en la Gestión Empresarial,Organizacional,Programa de formación y capacitación para la prevención del comportamiento suicida fase 2  Rionegro,Colombia,2019,No restringido,UNIVERSIDAD CATOLICA LUIS AMIGO,"SANDRA ISABEL MEJIA ZAPATA, ANGEL AUGUSTO VIZCAYA CASTILLO, JOHN JAIRO GARCIA PENA, ANA LUCIA CEBALLOS DUQUE, GLORIA CECILIA CARDONA RIOS, ELIZA KRATC GIL, MARCOS VEGA SENA, JHOEEN SNEYDER ROJAS DIAZ, DIEGO LEON CARVAJAL SERNA, MARIA VICTORIA RESTREPO TOBON, DAVID IGNACIO MOLINA VELASQUEZ, OMAR AUGUSTO AMADOR SANCHEZ"
ESTUDIOS DE FENOMENOS PSICOSOCIALES,Innovaciones generadas en la Gestión Empresarial,Organizacional,Programa de formación y capacitación para la prevención del comportamiento suicida fase 2 La Unión ruta de atención,Colombia,2019,No restringido,UNIVERSIDAD CATOLICA LUIS AMIGO,"DAVID IGNACIO MOLINA VELASQUEZ, SANDRA ISABEL MEJIA ZAPATA, ANGEL AUGUSTO VIZCAYA CASTILLO, JOHN JAIRO GARCIA PENA, GLORIA CECILIA CARDONA RIOS, ELIZA KRATC GIL, MARCOS VEGA SENA, JHOEEN SNEYDER ROJAS DIAZ, DIEGO LEON CARVAJAL SERNA, MARIA VICTORIA RESTREPO TOBON, OMAR AUGUSTO AMADOR SANCHEZ, ANA LUCIA CEBALLOS DUQUE"
ESTUDIOS DE FENOMENOS PSICOSOCIALES,Innovaciones generadas en la Gestión Empresarial,Organizacional,Programa de formación y capacitación para la prevención del comportamiento suicida fase 2 La Unión protocolo Autopsia Psicológica,Colombia,2019,No restringido,UNIVERSIDAD CATOLICA LUIS AMIGO,"SANDRA ISABEL MEJIA ZAPATA, GLORIA CECILIA CARDONA RIOS, ELIZA KRATC GIL, DIEGO LEON CARVAJAL SERNA, ANGEL AUGUSTO VIZCAYA CASTILLO, DAVID IGNACIO MOLINA VELASQUEZ, MARIA VICTORIA RESTREPO TOBON, MARCOS VEGA SENA, OMAR AUGUSTO AMADOR SANCHEZ, JHOEEN SNEYDER ROJAS DIAZ, JOHN JAIRO GARCIA PENA, ANA LUCIA CEBALLOS DUQUE"
ESTUDIOS DE FENOMENOS PSICOSOCIALES,Innovaciones generadas en la Gestión Empresarial,Organizacional,"Formación y Capacitación prevención del Comportamiento Suicida, consistente en una innovación organizacional en la construcción de Ruta de atención de la conducta suicida.",Colombia,2019,Restringido,UNIVERSIDAD CATOLICA LUIS AMIGO,"JOHN JAIRO GARCIA PENA, GLORIA CECILIA CARDONA RIOS, OMAR AUGUSTO AMADOR SANCHEZ, SANDRA ISABEL MEJIA ZAPATA, JHOEEN SNEYDER ROJAS DIAZ, MARCOS FIDEL VEGA SENA, ELIZA KRATC GIL, ANGEL AUGUSTO VIZCAYA CASTILLO, DIEGO LEON CARVAJAL SERNA"
ESTUDIOS DE FENOMENOS PSICOSOCIALES,Innovaciones generadas en la Gestión Empresarial,Organizacional,Programa de formación y capacitación para la prevención del comportamiento suicida fase 2 Ministerio Verdad y Vida,Colombia,2019,No restringido,UNIVERSIDAD CATOLICA LUIS AMIGO,"SANDRA ISABEL MEJIA ZAPATA, DAVID IGNACIO MOLINA VELASQUEZ, ANGEL AUGUSTO VIZCAYA CASTILLO, JOHN JAIRO GARCIA PENA, GLORIA CECILIA CARDONA RIOS, ELIZA KRATC GIL, MARCOS VEGA SENA, OMAR AUGUSTO AMADOR SANCHEZ, JHOEEN SNEYDER ROJAS DIAZ, MARIA VICTORIA RESTREPO TOBON, DIEGO LEON CARVAJAL SERNA, ANA LUCIA CEBALLOS DUQUE"
ESTUDIOS DE FENOMENOS PSICOSOCIALES,Innovaciones generadas en la Gestión Empresarial,Organizacional,Programa de formación y capacitación para la prevención del comportamiento suicida Rionegro,Colombia,2018,No restringido,UNIVERSIDAD CATOLICA LUIS AMIGO,"SANDRA ISABEL MEJIA ZAPATA, ANA LUCIA CEBALLOS DUQUE, ANGEL AUGUSTO VIZCAYA CASTILLO, DIEGO LEON CARVAJAL SERNA, ELIZA KRATC GIL, GLORIA CECILIA CARDONA RIOS, JHOEEN SNEYDER ROJAS DIAZ, JOHN JAIRO GARCIA PENA, MARCOS VEGA SENA, OMAR AUGUSTO AMADOR SANCHEZ"
ESTUDIOS DE FENOMENOS PSICOSOCIALES,Innovaciones generadas en la Gestión Empresarial,Organizacional,Programa de formación y capacitación para la prevención del comportamiento suicida la Unión,Colombia,2018,No restringido,UNIVERSIDAD CATOLICA LUIS AMIGO,"SANDRA ISABEL MEJIA ZAPATA, ANA LUCIA CEBALLOS DUQUE, ANGEL AUGUSTO VIZCAYA CASTILLO, DIEGO LEON CARVAJAL SERNA, ELIZA KRATC GIL, GLORIA CECILIA CARDONA RIOS, JHOEEN SNEYDER ROJAS DIAZ, JOHN JAIRO GARCIA PENA, MARCOS VEGA SENA, OMAR AUGUSTO AMADOR SANCHEZ"
ESTUDIOS DE FENOMENOS PSICOSOCIALES,Innovaciones generadas en la Gestión Empresarial,Organizacional,"Programa de Formación y Capacitación para la Prevención del Comportamiento Suicida en Andes, Antioquia",Colombia,2018,No restringido,UNIVERSIDAD CATOLICA LUIS AMIGO,"GLORIA CECILIA CARDONA RIOS, JOHN JAIRO GARCIA PENA, ELIZA KRATC GIL, JHOEEN SNEYDER ROJAS DIAZ, SANDRA ISABEL MEJIA ZAPATA, OMAR AUGUSTO AMADOR SANCHEZ, MARCOS FIDEL VEGA SENA, ANA LUCIA CEBALLOS DUQUE, ANGEL AUGUSTO VIZCAYA CASTILLO, DIEGO LEON CARVAJAL SERNA"
ESTUDIOS DE FENOMENOS PSICOSOCIALES,Innovaciones generadas en la Gestión Empresarial,Organizacional,Programa de formación y capacitación para la prevención del comportamiento suicida Andes,Colombia,2018,Restringido,UNIVERSIDAD CATOLICA LUIS AMIGO,"SANDRA ISABEL MEJIA ZAPATA, ANA LUCIA CEBALLOS DUQUE, ANGEL AUGUSTO VIZCAYA CASTILLO, DIEGO LEON CARVAJAL SERNA, ELIZA KRATC GIL, GLORIA CECILIA CARDONA RIOS, JHOEEN SNEYDER ROJAS DIAZ, JOHN JAIRO GARCIA PENA, MARCOS VEGA SENA, OMAR AUGUSTO AMADOR SANCHEZ"
NEUROCIENCIAS BASICAS Y APLICADAS,Innovaciones generadas en la Gestión Empresarial,Organizacional,"Programa de entrenamiento de la cognición social, la memoria de trabajo y el rendimiento académico para jóvenes infractores de la ley con trastorno antisocial de la personalidad (TAP)",Colombia,2020,Restringido,VERA ABOGADOS ASOCIADOS S.A.,"VICTOR DANIEL GIL VERA, CATALINA QUINTERO LOPEZ"
NEUROCIENCIAS BASICAS Y APLICADAS,Innovaciones generadas en la Gestión Empresarial,Organizacional,"Programa de seguimiento, monitoreo y control a los casos críticos de violencia de género CORPURED",Colombia,2019,Restringido,UNIVERSIDAD CATOLICA LUIS AMIGO,"JORMARIS MARTINEZ GOMEZ, JUAN DIEGO BETANCUR ARIAS"
NEUROCIENCIAS BASICAS Y APLICADAS,Innovaciones generadas en la Gestión Empresarial,Organizacional,Programa de tamizaje de niveles de violencia sexual para mujeres jóvenes y adultas,Colombia,2019,Restringido,UNIVERSIDAD CATOLICA LUIS AMIGO,"JORMARIS MARTINEZ GOMEZ, JUAN DIEGO BETANCUR ARIAS"
NEUROCIENCIAS BASICAS Y APLICADAS,Innovaciones generadas en la Gestión Empresarial,Organizacional,Planeación Estratégica para el direccionamiento y el desarrollo de la empresa Bendirespuestos,Colombia,2019,Restringido,UNIVERSIDAD CATOLICA LUIS AMIGO,"LUIS FERNANDO QUINTERO ARANGO, JUAN DIEGO BETANCUR ARIAS"
NEUROCIENCIAS BASICAS Y APLICADAS,Innovaciones generadas en la Gestión Empresarial,Organizacional,Generación de contenidos Virtuales en el ámbito empresarial,Colombia,2019,Restringido,UNIVERSIDAD CATOLICA LUIS AMIGO,"LUIS FERNANDO QUINTERO ARANGO, JUAN DIEGO BETANCUR ARIAS"
NEUROCIENCIAS BASICAS Y APLICADAS,Innovaciones generadas en la Gestión Empresarial,Organizacional,Creación de una Política en Salario Emocional,Colombia,2019,Restringido,UNIVERSIDAD CATOLICA LUIS AMIGO,"LUIS FERNANDO QUINTERO ARANGO, JUAN DIEGO BETANCUR ARIAS"
NEUROCIENCIAS BASICAS Y APLICADAS,Innovaciones generadas en la Gestión Empresarial,Organizacional,Programa de permanencia laboral y bienestar en el trabajo,Colombia,2019,Restringido,UNIVERSIDAD CATOLICA LUIS AMIGO,"LUIS FERNANDO QUINTERO ARANGO, JUAN DIEGO BETANCUR ARIAS"
NEUROCIENCIAS BASICAS Y APLICADAS,Innovaciones generadas en la Gestión Empresarial,Organizacional,Sistema experto para la detección de la violencia machista - sexual en mujeres CORPURED,Colombia,2019,Restringido,UNIVERSIDAD CATOLICA LUIS AMIGO,"JORMARIS MARTINEZ GOMEZ, JUAN DIEGO BETANCUR ARIAS"
NEUROCIENCIAS BASICAS Y APLICADAS,Innovaciones generadas en la Gestión Empresarial,Organizacional,Programa de prevención para la violencia de género (feminicidio),Colombia,2019,Restringido,UNIVERSIDAD CATOLICA LUIS AMIGO,"JORMARIS MARTINEZ GOMEZ, JUAN DIEGO BETANCUR ARIAS"
NEUROCIENCIAS BASICAS Y APLICADAS,Innovaciones generadas en la Gestión Empresarial,Organizacional,Sistema experto para la detección de la violencia machista - sexual en mujeres- JAC Pioneros,Colombia,2019,Restringido,UNIVERSIDAD CATOLICA LUIS AMIGO,"JORMARIS MARTINEZ GOMEZ, JUAN DIEGO BETANCUR ARIAS"
NEUROCIENCIAS BASICAS Y APLICADAS,Innovaciones generadas en la Gestión Empresarial,Organizacional,Sistema experto para la detección de la violencia machista - sexual en mujeres ASOCOMUNAL 9,Colombia,2019,Restringido,UNIVERSIDAD CATOLICA LUIS AMIGO,"JUAN DIEGO BETANCUR ARIAS, JORMARIS MARTINEZ GOMEZ"
NEUROCIENCIAS BASICAS Y APLICADAS,Innovaciones generadas en la Gestión Empresarial,Organizacional,"Programa de seguimiento, monitoreo y control a los casos críticos de violencia de género ASOCOMUNAL 9",Colombia,2019,Restringido,UNIVERSIDAD CATOLICA LUIS AMIGO,"JORMARIS MARTINEZ GOMEZ, JUAN DIEGO BETANCUR ARIAS"
NEUROCIENCIAS BASICAS Y APLICADAS,Innovaciones generadas en la Gestión Empresarial,Organizacional,Estándarización y Validación de Intrumento para evaluar Employee Engagement en Hospital San Vicente Antioquia,Colombia,2019,Restringido,UNIVERSIDAD CATOLICA LUIS AMIGO,"CLAUDIA MARCELA ARANA MEDINA, LUCILA CARDENAS NINO, JUAN DIEGO BETANCUR ARIAS"
NEUROCIENCIAS BASICAS Y APLICADAS,Innovaciones generadas en la Gestión Empresarial,Organizacional,"Diseño, Construcción y validación de un instrumento para medir engagement organzacional en la empresa CONFE S.A",Colombia,2019,No restringido,UNIVERSIDAD DE SAN BUENAVENTURA - SEDE MEDELLÍN,"JUAN DIEGO BETANCUR ARIAS, CLAUDIA MARCELA ARANA MEDINA, LUCILA CARDENAS NINO"
NEUROCIENCIAS BASICAS Y APLICADAS,Innovaciones generadas en la Gestión Empresarial,Organizacional,Validación de instrumento de medición del employee engagement en la empresa Inversiones PEKIN,Colombia,2019,Restringido,UNIVERSIDAD DE SAN BUENAVENTURA - SEDE MEDELLÍN,"CLAUDIA MARCELA ARANA MEDINA, JUAN DIEGO BETANCUR ARIAS, LUCILA CARDENAS NINO"
NEUROCIENCIAS BASICAS Y APLICADAS,Innovaciones generadas en la Gestión Empresarial,Organizacional,Formación y desarrollo en Employee engagement con empleados pertenecientes a la empresa INVERSIONES MAX FASHION SAS.,Colombia,2019,Restringido,UNIVERSIDAD DE SAN BUENAVENTURA - SEDE MEDELLÍN,"CLAUDIA MARCELA ARANA MEDINA, JUAN DIEGO BETANCUR ARIAS, LUCILA CARDENAS NINO"
NEUROCIENCIAS BASICAS Y APLICADAS,Innovaciones generadas en la Gestión Empresarial,Organizacional,Programa de formación y capacitación para la prevención del comportamiento suicida-Fase 2 en municipio de Rionegro,Colombia,2019,No restringido,UNIVERSIDAD CATOLICA LUIS AMIGO,"OMAR AUGUSTO AMADOR SANCHEZ, MARCOS FIDEL VEGA SENA, ELIZA KRATC GIL, SANDRA ISABEL MEJIA ZAPATA, JHOEEN SNEYDER ROJAS DIAZ, DIEGO LEON CARVAJAL SERNA, ANA LUCIA CEBALLOS DUQUE, GLORIA CECILIA CARDONA RIOS, ANGEL AUGUSTO VIZCAYA CASTILLO, JOHN JAIRO GARCIA PENA, MARIA VICTORIA RESTREPO TOBON, DAVID IGNACIO MOLINA VELASQUEZ"
NEUROCIENCIAS BASICAS Y APLICADAS,Innovaciones generadas en la Gestión Empresarial,Organizacional,Programa de tamizaje de niveles de violencia sexual para mujeres jóvenes y adultas JAC Pioneros de Miraflores,Colombia,2019,Restringido,UNIVERSIDAD CATOLICA LUIS AMIGO,"JORMARIS MARTINEZ GOMEZ, JUAN DIEGO BETANCUR ARIAS"
NEUROCIENCIAS BASICAS Y APLICADAS,Innovaciones generadas en la Gestión Empresarial,Organizacional,Programa de tamizaje de niveles de violencia sexual para mujeres jóvenes y adultas ASOCOMUNAL 9,Colombia,2019,Restringido,UNIVERSIDAD CATOLICA LUIS AMIGO,"JORMARIS MARTINEZ GOMEZ, JUAN DIEGO BETANCUR ARIAS"
NEUROCIENCIAS BASICAS Y APLICADAS,Innovaciones generadas en la Gestión Empresarial,Organizacional,"Programa de seguimiento, monitoreo y control a los casos críticos de violencia de género JAC Pioneros de Miraflores",Colombia,2019,Restringido,UNIVERSIDAD CATOLICA LUIS AMIGO,"JUAN DIEGO BETANCUR ARIAS, JORMARIS MARTINEZ GOMEZ"
NEUROCIENCIAS BASICAS Y APLICADAS,Innovaciones generadas en la Gestión Empresarial,Organizacional,Programa de detección de conductas psicosociales del feminicida (900897579-6),Colombia,2018,Restringido,UNIVERSIDAD CATOLICA LUIS AMIGO,"RODRIGO ORLANDO OSORIO MONTOYA, JUAN DIEGO BETANCUR ARIAS, JORMARIS MARTINEZ GOMEZ"
NEUROCIENCIAS BASICAS Y APLICADAS,Innovaciones generadas en la Gestión Empresarial,Organizacional,Innovación en las políticas de gestión para el proceso de talento humano NIT 900319156-6,Colombia,2018,Restringido,UNIVERSIDAD CATOLICA LUIS AMIGO,"JUAN DIEGO BETANCUR ARIAS, LUIS FERNANDO QUINTERO ARANGO, ISABEL CRISTINA PUERTA LOPERA"
NEUROCIENCIAS BASICAS Y APLICADAS,Innovaciones generadas en la Gestión Empresarial,Organizacional,Programa de prevención de la violencia letal en contra de la mujer y sus sanciones legales (900.897.579-6),Colombia,2018,Restringido,UNIVERSIDAD CATOLICA LUIS AMIGO,"RODRIGO ORLANDO OSORIO MONTOYA, JUAN DIEGO BETANCUR ARIAS, JORMARIS MARTINEZ GOMEZ"
NEUROCIENCIAS BASICAS Y APLICADAS,Innovaciones generadas en la Gestión Empresarial,Organizacional,Programa de prevención para la violencia de género (feminicidio) (900.897.579-6),Colombia,2018,Restringido,UNIVERSIDAD CATOLICA LUIS AMIGO,"JUAN DIEGO BETANCUR ARIAS, RODRIGO ORLANDO OSORIO MONTOYA, JORMARIS MARTINEZ GOMEZ"
NEUROCIENCIAS BASICAS Y APLICADAS,Innovaciones generadas en la Gestión Empresarial,Organizacional,Programa de detección temprana en conductas psicojurídicas que pudieron desencadenar en violencia letal hacia la mujer  (900.897.579-6),Colombia,2018,Restringido,UNIVERSIDAD CATOLICA LUIS AMIGO,"JUAN DIEGO BETANCUR ARIAS, RODRIGO ORLANDO OSORIO MONTOYA, JORMARIS MARTINEZ GOMEZ"
NEUROCIENCIAS BASICAS Y APLICADAS,Innovaciones generadas en la Gestión Empresarial,Organizacional,Programa de capacitación en convivencia de género  (900.897.579-6),Colombia,2018,Restringido,UNIVERSIDAD CATOLICA LUIS AMIGO,"RODRIGO ORLANDO OSORIO MONTOYA, JUAN DIEGO BETANCUR ARIAS, JORMARIS MARTINEZ GOMEZ"
NEUROCIENCIAS BASICAS Y APLICADAS,Innovaciones generadas en la Gestión Empresarial,Organizacional,Innovación generada en la gestión organizacional consistente con una política de salario emocional NIT 900448293-1,Colombia,2018,Restringido,UNIVERSIDAD CATOLICA LUIS AMIGO,"JUAN DIEGO BETANCUR ARIAS, LUIS FERNANDO QUINTERO ARANGO"
NEUROCIENCIAS BASICAS Y APLICADAS,Innovaciones generadas en la Gestión Empresarial,Organizacional,"Innovación generada en la gestión empresarial consistente en las estrategias para la competencia, satisfacción e inclusión social en la contratación y permanencia organizacional NIT 900448293-1",Colombia,2018,Restringido,UNIVERSIDAD CATOLICA LUIS AMIGO,"LUIS FERNANDO QUINTERO ARANGO, JUAN DIEGO BETANCUR ARIAS"
NEUROCIENCIAS BASICAS Y APLICADAS,Innovaciones generadas en la Gestión Empresarial,Organizacional,"Innovación generada en la gestión empresarial consistente en el área de gestión de lo humano, a través de la creación de una estrategia organizacional basada en la humanización NIT 900448293-1",Colombia,2018,Restringido,UNIVERSIDAD CATOLICA LUIS AMIGO,"LUIS FERNANDO QUINTERO ARANGO, JUAN DIEGO BETANCUR ARIAS, ISABEL C PUERTA"
NEUROCIENCIAS BASICAS Y APLICADAS,Innovaciones generadas en la Gestión Empresarial,Organizacional,Innovación consistente en la generación de estrategias para el fortalecimiento de la planeación estratégica NIT 900448293-1,Colombia,2018,Restringido,UNIVERSIDAD CATOLICA LUIS AMIGO,"LUIS FERNANDO QUINTERO ARANGO, JUAN DIEGO BETANCUR ARIAS, ISABEL CRISTINA PUERTA LOPERA"
NEUROCIENCIAS BASICAS Y APLICADAS,Innovaciones generadas en la Gestión Empresarial,Organizacional,Innovación generada para la creación de estrategias que permitan la permanencia y retención de los colaboradores - NIT 900319156-6,Colombia,2018,Restringido,UNIVERSIDAD CATOLICA LUIS AMIGO,"JUAN DIEGO BETANCUR ARIAS, LUIS FERNANDO QUINTERO ARANGO, ISABEL CRISTINA PUERTA LOPERA"
NEUROCIENCIAS BASICAS Y APLICADAS,Innovaciones generadas en la Gestión Empresarial,Organizacional,Innovación e implementación de las políticas de seguridad en el trabajo y salud ocupacional NIT 900319156-6,Colombia,2018,Restringido,UNIVERSIDAD CATOLICA LUIS AMIGO,"JUAN DIEGO BETANCUR ARIAS, LUIS FERNANDO QUINTERO ARANGO, ISABEL CRISTINA PUERTA LOPERA"
NEUROCIENCIAS BASICAS Y APLICADAS,Innovaciones generadas en la Gestión Empresarial,Organizacional,Diseño de un software empresarial para el manejo documental de todo el proceso de licitaciones publicas. NIT 900319156-6,Colombia,2018,Restringido,UNIVERSIDAD CATOLICA LUIS AMIGO,"JUAN DIEGO BETANCUR ARIAS, LUIS FERNANDO QUINTERO ARANGO, ISABEL C PUERTA"
NEUROCIENCIAS BASICAS Y APLICADAS,Innovaciones generadas en la Gestión Empresarial,Organizacional,Programa de conocimiento acerca de las conductas antijurídicas en contra de la mujer (900897579-6),Colombia,2018,Restringido,UNIVERSIDAD CATOLICA LUIS AMIGO,"JUAN DIEGO BETANCUR ARIAS, RODRIGO ORLANDO OSORIO MONTOYA, JORMARIS MARTINEZ GOMEZ"
NEUROCIENCIAS BASICAS Y APLICADAS,Innovaciones generadas en la Gestión Empresarial,Organizacional,DISEÑO DE UN PROTOCOLO DE PLANEACIÓN ESTRATÉGICA PARA FOMENTAR LA GESTIÓN ADMINISTRATIVA QUE IMPULSE EL CAMBIO DEL MODELO DE NEGOCIO DE LA EMPRESA POLIOLEFINAS INDUSTRIALES S.C.I LTDA (NIT 805.001.199-1),Colombia,2017,Restringido,UNIVERSIDAD CATOLICA LUIS AMIGO,"JUAN DIEGO BETANCUR ARIAS, JOHN ARBELAEZ OCHOA, HUMBERTO SERNA GOMEZ"
NEUROCIENCIAS BASICAS Y APLICADAS,Innovaciones generadas en la Gestión Empresarial,Organizacional,"Protocolo para impulsar la gestión administrativa que reactive la fábrica de extrusión de la empresa POLIOLEFINAS INDUSTRIALES S C I LTDA., con sede en la ciudad de Candelaria - Valle(NIT 805001199-1)",Colombia,2016,Restringido,UNIVERSIDAD CATOLICA LUIS AMIGO,"JUAN DIEGO BETANCUR ARIAS, JOHN ARBELAEZ OCHOA, HUMBERTO SERNA GOMEZ"
NEUROCIENCIAS BASICAS Y APLICADAS,Innovaciones generadas en la Gestión Empresarial,Organizacional,"DISEÑO DE UN PROTOCOLO DE PLANEACIÓN ESTRATÉGICA PARA IMPULSAR LA GESTIÓN ADMINISTRATIVA QUE PERMITA LA INTERNACIONALIZACIÓN DE LA EMPRESA POLIOLEFINAS INDUSTRIALES S C I LTDA., con sede en la ciudad de Candelaria - Valle (NIT 805001199-1)",Colombia,2016,Restringido,UNIVERSIDAD CATOLICA LUIS AMIGO,"JUAN DIEGO BETANCUR ARIAS, JOHN ARBELAEZ OCHOA, HUMBERTO SERNA GOMEZ"
NEUROCIENCIAS BASICAS Y APLICADAS,Innovaciones generadas en la Gestión Empresarial,Organizacional,Implementación de un Protocolo para impulsar la gestión administrativa que consolide el trabajo en equipo en la empresa POLÍMEROS COLOMBIANOS S.A.S. con sede en la ciudad de Cali - Colombia (NIT 900911796-8).,Colombia,2016,Restringido,UNIVERSIDAD CATOLICA LUIS AMIGO,"JUAN DIEGO BETANCUR ARIAS, JOHN ARBELAEZ OCHOA, HUMBERTO SERNA GOMEZ"
NEUROCIENCIAS BASICAS Y APLICADAS,Innovaciones generadas en la Gestión Empresarial,Organizacional,"Implementación de un Protocolo para impulsar la gestión administrativa basada en competencias organizacionales para la Empresa Polímeros Colombianos S.A.S con sede en la ciudad de Cali, Colombia  (NIT 900911796-8).",Colombia,2016,Restringido,UNIVERSIDAD CATOLICA LUIS AMIGO,"JUAN DIEGO BETANCUR ARIAS, JOHN ARBELAEZ OCHOA, HUMBERTO SERNA GOMEZ"
NEUROCIENCIAS BASICAS Y APLICADAS,Innovaciones generadas en la Gestión Empresarial,Organizacional,"Implementación de un Protocolo para impulsar la gestión administrativa que consolide el servicio al cliente de la empresa POLIOLEFINAS INDUSTRIALES S C I LTDA., con sede en la ciudad de Candelaria - Valle (NIT 805001199-1)",Colombia,2016,Restringido,UNIVERSIDAD CATOLICA LUIS AMIGO,"JUAN DIEGO BETANCUR ARIAS, JOHN ARBELAEZ OCHOA, HUMBERTO SERNA GOMEZ"
NEUROCIENCIAS BASICAS Y APLICADAS,Innovaciones generadas en la Gestión Empresarial,Organizacional,Implementación de un Protocolo para impulsar la gestión administrativa que consolide el salario emocional de la empresa POLÍMEROS COLOMBIANOS S.A.S. con sede en la ciudad de Cali- Valle (NIT 900911796-8).,Colombia,2016,Restringido,UNIVERSIDAD CATOLICA LUIS AMIGO,"JUAN DIEGO BETANCUR ARIAS, JOHN ARBELAEZ OCHOA, HUMBERTO SERNA GOMEZ"
NEUROCIENCIAS BASICAS Y APLICADAS,Innovaciones generadas en la Gestión Empresarial,Organizacional,"Implementación de un Protocolo para impulsar la gestión administrativa que consolide el servicio al cliente de la empresa COOPERATIVA MULTIACTIVA DE INDUSTRIALES DEL PLÁSTICO LTDA. - PLASTICOOP con sede en la ciudad de Puerto Tejada, Cauca (NIT 900.044.241-2)",Colombia,2016,Restringido,UNIVERSIDAD CATOLICA LUIS AMIGO,"JUAN DIEGO BETANCUR ARIAS, JOHN ARBELAEZ OCHOA, HUMBERTO SERNA GOMEZ"
NEUROCIENCIAS BASICAS Y APLICADAS,Innovaciones generadas en la Gestión Empresarial,Organizacional,Implementación de un Protocolo para impulsar la gestión administrativa que consolide el salario emocional de la empresa COOPERATIVA MULTIACTIVA DE INDUSTRIALES DEL PLÁSTICO LTDA. - PLASTICOOP con sede en la ciudad de Candelaria - Valle(NIT 900.044.241-2),Colombia,2016,Restringido,UNIVERSIDAD CATOLICA LUIS AMIGO,"JUAN DIEGO BETANCUR ARIAS, JOHN ARBELAEZ OCHOA, HUMBERTO SERNA GOMEZ"
NEUROCIENCIAS BASICAS Y APLICADAS,Innovaciones generadas en la Gestión Empresarial,Organizacional,Implementación de un protocolo para el fortalecimiento del trabajo en equipo en la empresa COOPERATIVA MULTIACTIVA DE INDUSTRIALES DEL PLÁSTICO LTDA. - PLASTICOOP con sede en la ciudad de Puerto Tejada - Cauca(NIT 900.044.241-2),Colombia,2016,Restringido,UNIVERSIDAD CATOLICA LUIS AMIGO,"JUAN DIEGO BETANCUR ARIAS, JOHN ARBELAEZ OCHOA, HUMBERTO SERNA GOMEZ"
GESNE,Innovaciones generadas en la Gestión Empresarial,Organizacional,"La innovación en los procesos administrativos y gerenciales para la toma de decisiones en COFTAH C.A y el fortalecimiento del sistema de control interno de la empresa,",Venezuela,2020,Restringido,"COFTAH, C.A.",YAMARU DEL VALLE CHIRINOS ARAQUE
GESNE,Innovaciones generadas en la Gestión Empresarial,Empresarial,"Desarrollo de un aplicativo a través de macros Excel, el cual le permite a los programas académicos de pregrado y posgrados de la Universidad Católica Luis Amigó, hacer seguimiento de sus graduados",Colombia,2019,Restringido,UNIVERSIDAD CATOLICA LUIS AMIGO,"LAURA ELENA ZAPATA JIMENEZ, VICTORIA BLAQUISED RIVERA, OSCAR MAURICIO OLARTE MEJIA"
GORAS,Innovaciones generadas en la Gestión Empresarial,Organizacional,"identificar como mejorar desde el análisis, diseño e implementación de una política de salario emocional, que permita mejorar la calidad de vida de todos los colaboradores de la compañía",Colombia,2020,Restringido,UNIVERSIDAD CATOLICA LUIS AMIGO,LUIS FERNANDO QUINTERO ARANGO
GORAS,Innovaciones generadas en la Gestión Empresarial,Organizacional,"análisis y diagnóstico acerca de la cultura organizacional de la empresa, la importancia radico en poder identificar fortalezas y debilidades de la compañía con respecto a los temas relacionados con el clima organizaciona",Colombia,2020,Restringido,UNIVERSIDAD CATOLICA LUIS AMIGO,LUIS FERNANDO QUINTERO ARANGO
GORAS,Innovaciones generadas en la Gestión Empresarial,Organizacional,"Diseño organizacional y la formalización de los procesos( estratégicos, operativos y de apoyo) para la empresa Súper Camperos de la ciudad de Medellín,",Colombia,2020,No restringido,UNIVERSIDAD CATOLICA LUIS AMIGO,"JOSE ANTONIO LOPEZ GIRALDO, JAIME ALBERTO BELTRAN RIOS"
GORAS,Innovaciones generadas en la Gestión Empresarial,Organizacional,Diseño de la estructura organizacional y los procesos principales para la empresa Transmibandas S.A.S,Colombia,2020,No restringido,UNIVERSIDAD CATOLICA LUIS AMIGO,"JAIME ALBERTO BELTRAN RIOS, JOSE ANTONIO LOPEZ GIRALDO"
GORAS,Innovaciones generadas en la Gestión Empresarial,Organizacional,Plan de estrategias para mejorar el posicionamiento de la Liga de Atletismo de Antioquia entre sus clientes de las escuelas deportivas,Colombia,2020,No restringido,UNIVERSIDAD CATOLICA LUIS AMIGO,"JAIME ALBERTO BELTRAN RIOS, JOSE ANTONIO LOPEZ GIRALDO"
GORAS,Innovaciones generadas en la Gestión Empresarial,Organizacional,Modelo de gestiòn del talento humano con los principales subprocesos para la empresa Divisas el Tesoro S.A.S,Colombia,2020,No restringido,UNIVERSIDAD CATOLICA LUIS AMIGO,"JOSE ANTONIO LOPEZ GIRALDO, JAIME ALBERTO BELTRAN RIOS"
GORAS,Innovaciones generadas en la Gestión Empresarial,Organizacional,"diseño y desarrollo de un diagnóstico de sostenibilidad para pequeñas empresas, basado en estándares internacionales, para la evaluación de impacto de los procesos de la organización",Colombia,2020,No restringido,CUIDAMOS COLOMBIA S.A.S.,"UBEIMAR AURELIO OSORIO ATEHORTUA, MONICA ELIANA ARISTIZABAL VELASQUEZ, JORMARIS MARTINEZ GOMEZ, LUIS FERNANDO QUINTERO ARANGO"
GORAS,Innovaciones generadas en la Gestión Empresarial,Organizacional,"Realización del desarrollo de un modelo empresarial, para la prestación de servicios de consultoría en sostenibilidad, el cual incluye una prueba piloto",Colombia,2020,No restringido,CUIDAMOS COLOMBIA S.A.S.,"UBEIMAR AURELIO OSORIO ATEHORTUA, MONICA ELIANA ARISTIZABAL VELASQUEZ, JORMARIS MARTINEZ GOMEZ, LUIS FERNANDO QUINTERO ARANGO"
GORAS,Innovaciones generadas en la Gestión Empresarial,Organizacional,Identificación y actualización de competencias docentes para los programas de formación centro de estudios especializados CESDE,Colombia,2020,No restringido,UNIVERSIDAD CATOLICA LUIS AMIGO,"JOSE ANTONIO LOPEZ GIRALDO, JAIME ALBERTO BELTRAN RIOS"
GORAS,Innovaciones generadas en la Gestión Empresarial,Organizacional,La Aplicación del sistema de gestión en el estilo liderazgo transformador para mejorar el clima organizacional y la satisfacción laboral de la empresa A & B CONSTRUCCIONES S.A.S,Colombia,2020,Restringido,A & B Construcciones SAS,YAMARU DEL VALLE CHIRINOS ARAQUE
GORAS,Innovaciones generadas en la Gestión Empresarial,Organizacional,Modelo Integrado de Planeación y Gestión MIPG,Colombia,2020,Restringido,UNIVERSIDAD CATOLICA LUIS AMIGO,MONICA ELIANA ARISTIZABAL VELASQUEZ
GORAS,Innovaciones generadas en la Gestión Empresarial,Organizacional,Innovación generada en el proceso de creación de un sitio tecnológico SERVI COLOMBIANA DE AUTOPARTES SAS BENDIREPUESTOS NIT 900904715-2,Colombia,2019,Restringido,UNIVERSIDAD CATOLICA LUIS AMIGO,"JUAN DIEGO BETANCUR ARIAS, LUIS FERNANDO QUINTERO ARANGO"
GORAS,Innovaciones generadas en la Gestión Empresarial,Organizacional,Innovación generada en la creación de la planeación estratégica  SERVI COLOMBIANA DE AUTOPARTES SAS BENDIREPUESTOS NIT 900904715-2,Colombia,2019,Restringido,UNIVERSIDAD CATOLICA LUIS AMIGO,"JUAN DIEGO BETANCUR ARIAS, LUIS FERNANDO QUINTERO ARANGO"
GORAS,Innovaciones generadas en la Gestión Empresarial,Organizacional,Innovación generada modelo de salario emocional SERVI COLOMBIANA DE AUTOPARTES SAS BENDIREPUESTOS NIT  900904715-2,Colombia,2019,Restringido,UNIVERSIDAD CATOLICA LUIS AMIGO,"JUAN DIEGO BETANCUR ARIAS, LUIS FERNANDO QUINTERO ARANGO"
GORAS,Innovaciones generadas en la Gestión Empresarial,Organizacional,Innovación generada permanencia de los colaboradores SERVI COLOMBIANA DE AUTOPARTES SAS BENDIREPUESTOS NIT 900904715-2,Colombia,2019,Restringido,UNIVERSIDAD CATOLICA LUIS AMIGO,"JUAN DIEGO BETANCUR ARIAS, LUIS FERNANDO QUINTERO ARANGO"
GORAS,Innovaciones generadas en la Gestión Empresarial,Organizacional,"desarrollo de una herramienta de gestión administrativa que permite a través de la caracterización interna y externa de la empresa identificar el grado de vulnerabilidad de la empresa frente a sus potencialidades, limitaciones, desafíos y riesgos",Colombia,2019,Restringido,UNIVERSIDAD CATOLICA LUIS AMIGO,"LUIS FERNANDO QUINTERO ARANGO, MAURICIO ALEJANDRO BEDOYA JIMENEZ, JORMARIS MARTINEZ GOMEZ, JUAN DIEGO LOPEZ MEDINA"
GORAS,Innovaciones generadas en la Gestión Empresarial,Organizacional,implementación de la planeación estratégica con el fin que se logre un direccionamiento estratégico permitiendo a la compañía contar con una ruta empresarial clara y orientada al logro de los objetivos y la creación de valor compartido,Colombia,2019,Restringido,UNIVERSIDAD CATOLICA LUIS AMIGO,"MAURICIO ALEJANDRO BEDOYA JIMENEZ, JORMARIS MARTINEZ GOMEZ, LUIS FERNANDO QUINTERO ARANGO, JUAN DIEGO LOPEZ MEDINA"
GORAS,Innovaciones generadas en la Gestión Empresarial,Organizacional,Sistema experto para la detección de la violencia machista - sexual en mujeres CORPURED,Colombia,2019,Restringido,UNIVERSIDAD CATOLICA LUIS AMIGO,"JORMARIS MARTINEZ GOMEZ, JUAN DIEGO BETANCUR ARIAS"
GORAS,Innovaciones generadas en la Gestión Empresarial,Organizacional,"Programa de seguimiento, monitoreo y control a los casos críticos de violencia de género CORPURED",Colombia,2019,Restringido,UNIVERSIDAD CATOLICA LUIS AMIGO,"JUAN DIEGO BETANCUR ARIAS, JORMARIS MARTINEZ GOMEZ"
GORAS,Innovaciones generadas en la Gestión Empresarial,Organizacional,Programa de tamizaje de niveles de violencia sexual para mujeres jóvenes y adultas CORPURED,Colombia,2019,Restringido,UNIVERSIDAD CATOLICA LUIS AMIGO,"JUAN DIEGO BETANCUR ARIAS, JORMARIS MARTINEZ GOMEZ"
GORAS,Innovaciones generadas en la Gestión Empresarial,Organizacional,Programa de prevención para la violencia de género (feminicidio) CORPURED,Colombia,2019,Restringido,UNIVERSIDAD CATOLICA LUIS AMIGO,"JORMARIS MARTINEZ GOMEZ, JUAN DIEGO BETANCUR ARIAS"
GORAS,Innovaciones generadas en la Gestión Empresarial,Organizacional,Sistema experto para la detección de la violencia machista - sexual en mujeres ASOCOMUNAL 9,Colombia,2019,Restringido,UNIVERSIDAD CATOLICA LUIS AMIGO,"JUAN DIEGO BETANCUR ARIAS, JORMARIS MARTINEZ GOMEZ"
GORAS,Innovaciones generadas en la Gestión Empresarial,Organizacional,"Programa de seguimiento, monitoreo y control a los casos críticos de violencia de género ASOCOMUNAL 9",Colombia,2019,Restringido,UNIVERSIDAD CATOLICA LUIS AMIGO,"JUAN DIEGO BETANCUR ARIAS, JORMARIS MARTINEZ GOMEZ"
GORAS,Innovaciones generadas en la Gestión Empresarial,Organizacional,Programa de tamizaje de niveles de violencia sexual para mujeres jóvenes y adultas ASOCOMUNAL 9,Colombia,2019,Restringido,UNIVERSIDAD CATOLICA LUIS AMIGO,"JUAN DIEGO BETANCUR ARIAS, JORMARIS MARTINEZ GOMEZ"
GORAS,Innovaciones generadas en la Gestión Empresarial,Organizacional,Sistema experto para la detección de la violencia machista - sexual en mujeres JAC Pioneros de Miraflores,Colombia,2019,Restringido,UNIVERSIDAD CATOLICA LUIS AMIGO,"JUAN DIEGO BETANCUR ARIAS, JORMARIS MARTINEZ GOMEZ"
GORAS,Innovaciones generadas en la Gestión Empresarial,Organizacional,"Programa de seguimiento, monitoreo y control a los casos críticos de violencia de género JAC Pioneros",Colombia,2019,Restringido,UNIVERSIDAD CATOLICA LUIS AMIGO,"JUAN DIEGO BETANCUR ARIAS, JORMARIS MARTINEZ GOMEZ"
GORAS,Innovaciones generadas en la Gestión Empresarial,Organizacional,Programa de tamizaje de niveles de violencia sexual para mujeres jóvenes y adultas JAC Pioneros de Miraflores,Colombia,2019,Restringido,UNIVERSIDAD CATOLICA LUIS AMIGO,"JUAN DIEGO BETANCUR ARIAS, JORMARIS MARTINEZ GOMEZ"
GORAS,Innovaciones generadas en la Gestión Empresarial,Organizacional,"IMPLEMENTACIÓN DE ESTRATEGIAS PARA EL RELACIONAMIENTO EFECTIVO CON LOS NIÑOS, FUNDACIÓN FUNDAPAMPURI",Colombia,2019,Restringido,UNIVERSIDAD CATOLICA LUIS AMIGO,"SINDY YULIANA GALLEGO TAVERA, ANA LUCILA POLO SALCEDO"
GORAS,Innovaciones generadas en la Gestión Empresarial,Organizacional,Realización de la Implementación del código ética en la fundación FUNDAPAMPURÍ,Colombia,2019,Restringido,UNIVERSIDAD CATOLICA LUIS AMIGO,SINDY YULIANA GALLEGO TAVERA
GORAS,Innovaciones generadas en la Gestión Empresarial,Organizacional,PROTOCOLOS PARA LA CARACTERIZACIÓN DE NORMATIVAS DE PRÁCTICAS DE CONVIVENCIA CIUDADANA Y RESPETO A COMUNIDADES LGTBI.,Colombia,2019,Restringido,UNIVERSIDAD CATOLICA LUIS AMIGO,"SINDY YULIANA GALLEGO TAVERA, ANA LUCILA POLO SALCEDO"
GORAS,Innovaciones generadas en la Gestión Empresarial,Organizacional,TÉCNICAS DE REGULACIÓN EMOCIONAL CON COMUNIDADES LGTBI,Colombia,2019,Restringido,UNIVERSIDAD CATOLICA LUIS AMIGO,"SINDY YULIANA GALLEGO TAVERA, ANA LUCILA POLO SALCEDO"
GORAS,Innovaciones generadas en la Gestión Empresarial,Organizacional,CREACIÓN Y LA IMPLEMENTACIÓN DE ESTRATEGIAS DE AFRONTAMIENTO A COMUNIDADES LGTBI EN LA EMPRESA AUTOSERVICIOS GUATAPURÍ,Colombia,2019,Restringido,UNIVERSIDAD CATOLICA LUIS AMIGO,SINDY YULIANA GALLEGO TAVERA
GORAS,Innovaciones generadas en la Gestión Empresarial,Organizacional,Realización del proceso de direccionamiento estratégico para la compañía CILIBERTI,Colombia,2019,No restringido,UNIVERSIDAD CATOLICA LUIS AMIGO,"JAMES ALBERTO MARULANDA PATINO, CLARA HILDA RAMIREZ AGUDELO"
GORAS,Innovaciones generadas en la Gestión Empresarial,Organizacional,Realización del proceso de Evaluación Organizacional para la compañía CILIBERTI,Colombia,2019,Restringido,UNIVERSIDAD CATOLICA LUIS AMIGO,"CLARA HILDA RAMIREZ AGUDELO, JAMES ALBERTO MARULANDA PATINO"
GORAS,Innovaciones generadas en la Gestión Empresarial,Organizacional,Diseño y aplicación de una nueva estructura académico administrativa que soporte los procesos de mejoramiento continuo hacia la calidad de la institución,Colombia,2019,Restringido,Corporacion Tecnologica Catolica De Occidente - Tecoc -,"JORMARIS MARTINEZ GOMEZ, LUIS FERNANDO QUINTERO ARANGO, UBEIMAR AURELIO OSORIO ATEHORTUA, MONICA ELIANA ARISTIZABAL VELASQUEZ"
GORAS,Innovaciones generadas en la Gestión Empresarial,Organizacional,"Propuesta de la definición, diseño y aplicación del proyecto educativo institucional, que soporta los procesos misionales y guía el desarrollo institucional,",Colombia,2019,Restringido,Corporacion Tecnologica Catolica De Occidente - Tecoc -,"MONICA ELIANA ARISTIZABAL VELASQUEZ, JORMARIS MARTINEZ GOMEZ, UBEIMAR AURELIO OSORIO ATEHORTUA, LUIS FERNANDO QUINTERO ARANGO"
GORAS,Innovaciones generadas en la Gestión Empresarial,Organizacional,estrategia de valor compartido orientada a la comunidad perteneciente a la Vereda el Porvenir,Colombia,2019,Restringido,UNIVERSIDAD CATOLICA LUIS AMIGO,"MAURICIO ALEJANDRO BEDOYA JIMENEZ, LUIS FERNANDO QUINTERO ARANGO, JORMARIS MARTINEZ GOMEZ, JUAN DIEGO LOPEZ MEDINA"
GORAS,Innovaciones generadas en la Gestión Empresarial,Organizacional,Desarrollo y aplicación del modelo de autoevaluación y calidad de la institución en referencia durante el año 2019 - TECOC,Colombia,2019,Restringido,Corporacion Tecnologica Catolica De Occidente - Tecoc -,"UBEIMAR AURELIO OSORIO ATEHORTUA, MONICA ELIANA ARISTIZABAL VELASQUEZ, LUIS FERNANDO QUINTERO ARANGO, JORMARIS MARTINEZ GOMEZ"
GORAS,Innovaciones generadas en la Gestión Empresarial,Organizacional,Innovación e implementación de las políticas de seguridad en el trabajo y salud ocupacional NIT 900319156-6,Colombia,2018,Restringido,UNIVERSIDAD CATOLICA LUIS AMIGO,"JUAN DIEGO BETANCUR ARIAS, LUIS FERNANDO QUINTERO ARANGO, RODRIGO ORLANDO OSORIO MONTOYA, ISABEL CRISTINA PUERTA LOPERA"
GORAS,Innovaciones generadas en la Gestión Empresarial,Organizacional,Innovación en el Diseño de un software empresarial para el manejo documental de todo el proceso de licitaciones publicas. NIT 900319156-6,Colombia,2018,Restringido,UNIVERSIDAD CATOLICA LUIS AMIGO,"LUIS FERNANDO QUINTERO ARANGO, JUAN DIEGO BETANCUR ARIAS, ISABEL CRISTINA PUERTA LOPERA, RODRIGO ORLANDO OSORIO MONTOYA"
GORAS,Innovaciones generadas en la Gestión Empresarial,Organizacional,Innovación en las políticas de gestión para el proceso de talento humano NIT  900319156-6,Colombia,2018,Restringido,UNIVERSIDAD CATOLICA LUIS AMIGO,"LUIS FERNANDO QUINTERO ARANGO, JUAN DIEGO BETANCUR ARIAS, RODRIGO ORLANDO OSORIO MONTOYA, ISABEL CRISTINA PUERTA LOPERA"
GORAS,Innovaciones generadas en la Gestión Empresarial,Organizacional,Innovación generada para la creación de estrategias que permitan la permanencia y retención de los colaboradores - NIT 900319156-6,Colombia,2018,Restringido,UNIVERSIDAD CATOLICA LUIS AMIGO,"JUAN DIEGO BETANCUR ARIAS, LUIS FERNANDO QUINTERO ARANGO, ISABEL CRISTINA PUERTA LOPERA, RODRIGO ORLANDO OSORIO MONTOYA"
GORAS,Innovaciones generadas en la Gestión Empresarial,Organizacional,Innovación consistente en la generación de estrategias para el fortalecimiento de la planeación estratégica NIT 900448293-1,Colombia,2018,Restringido,UNIVERSIDAD CATOLICA LUIS AMIGO,"JUAN DIEGO BETANCUR ARIAS, LUIS FERNANDO QUINTERO ARANGO, RODRIGO ORLANDO OSORIO MONTOYA, ISABEL CRISTINA PUERTA LOPERA"
GORAS,Innovaciones generadas en la Gestión Empresarial,Organizacional,"Innovación generada en la gestión empresarial consistente en las estrategias para la competencia, satisfacción e inclusión social en la contratación y permanencia organizacional NIT 900448293-1",Colombia,2018,Restringido,UNIVERSIDAD CATOLICA LUIS AMIGO,"LUIS FERNANDO QUINTERO ARANGO, RODRIGO ORLANDO OSORIO MONTOYA, JUAN DIEGO BETANCUR ARIAS, ISABEL CRISTINA PUERTA LOPERA"
GORAS,Innovaciones generadas en la Gestión Empresarial,Organizacional,"Innovación generada en la gestión empresarial consistente en el área de gestión de lo humano, a través de la creación de una estrategia organizacional basada en la humanización NIT 900448293-1",Colombia,2018,Restringido,UNIVERSIDAD CATOLICA LUIS AMIGO,"LUIS FERNANDO QUINTERO ARANGO, JUAN DIEGO BETANCUR ARIAS, RODRIGO ORLANDO OSORIO MONTOYA, ISABEL CRISTINA PUERTA LOPERA"
GORAS,Innovaciones generadas en la Gestión Empresarial,Organizacional,"Innovación en la Implementación de un software empresarial que permita el manejo riguroso de: lo administrativo, contable, legal, nómina y ventas NIT 900448293-1",Colombia,2018,Restringido,UNIVERSIDAD CATOLICA LUIS AMIGO,"JUAN DIEGO BETANCUR ARIAS, LUIS FERNANDO QUINTERO ARANGO, RODRIGO ORLANDO OSORIO MONTOYA, ISABEL CRISTINA PUERTA LOPERA"
GORAS,Innovaciones generadas en la Gestión Empresarial,Organizacional,Diseño de la estructura del área de compras y sus respectivos procesos para la empresa Inversiones Duque Aristizabal,Colombia,2018,No restringido,UNIVERSIDAD CATOLICA LUIS AMIGO,"JOSE ANTONIO LOPEZ GIRALDO, JAIME ALBERTO BELTRAN RIOS"
GORAS,Innovaciones generadas en la Gestión Empresarial,Organizacional,Innovación generada en la gestión empresarial consistente en la realización del desarrollo de un aplicativo en Visual Basic para Aplicaciones en Microsoft Excel para la optimización del proceso de gestión de información de proyección social y extensión del Programa Administración de Empresas. NIT 89,Colombia,2018,Restringido,UNIVERSIDAD CATOLICA LUIS AMIGO,"SANDRA MILENA MALAVERA PINEDA, UBEIMAR AURELIO OSORIO ATEHORTUA"
GORAS,Innovaciones generadas en la Gestión Empresarial,Organizacional,"Aplicativo en Visual Basic para Aplicaciones en Microsoft Excel para la optimización del proceso de gestión de información de proyección social y extensión del Programa Administración de Empresas,",Colombia,2018,Restringido,UNIVERSIDAD CATOLICA LUIS AMIGO,"UBEIMAR AURELIO OSORIO ATEHORTUA, SANDRA MILENA MALAVERA PINEDA"
GORAS,Innovaciones generadas en la Gestión Empresarial,Organizacional,"Innovación en la adaptación del sistema contable-financiero de la empresa INVERSIONES MARÍN ROLDAN S.A.S., al protocolo exigido para la aplicación de las Normas Internacionales de Información Financiera (NIIF)",Colombia,2018,Restringido,"INVERSIONES MARÍN ROLDAN, S.A.S",YAMARU DEL VALLE CHIRINOS ARAQUE
GORAS,Innovaciones generadas en la Gestión Empresarial,Organizacional,Programa de detección temprana en conductas psicojurídicas que pudieron desencadenar en violencia letal hacia la mujer (900.897.579-6),Colombia,2018,Restringido,UNIVERSIDAD CATOLICA LUIS AMIGO,"JORMARIS MARTINEZ GOMEZ, JUAN DIEGO BETANCUR ARIAS, RODRIGO ORLANDO OSORIO MONTOYA"
GORAS,Innovaciones generadas en la Gestión Empresarial,Organizacional,Programa de capacitación en convivencia de género (900.897.579-6),Colombia,2018,Restringido,UNIVERSIDAD CATOLICA LUIS AMIGO,"JORMARIS MARTINEZ GOMEZ, JUAN DIEGO BETANCUR ARIAS, RODRIGO ORLANDO OSORIO MONTOYA"
GORAS,Innovaciones generadas en la Gestión Empresarial,Organizacional,Programa de prevención de la violencia letal en contra de la mujer y sus sanciones legales (900.897.579-6),Colombia,2018,Restringido,UNIVERSIDAD CATOLICA LUIS AMIGO,"JORMARIS MARTINEZ GOMEZ, JUAN DIEGO BETANCUR ARIAS, RODRIGO ORLANDO OSORIO MONTOYA"
GORAS,Innovaciones generadas en la Gestión Empresarial,Organizacional,Programa de prevención para la violencia de género (feminicidio) (900.897.579-6),Colombia,2018,Restringido,UNIVERSIDAD CATOLICA LUIS AMIGO,"JORMARIS MARTINEZ GOMEZ, JUAN DIEGO BETANCUR ARIAS, RODRIGO ORLANDO OSORIO MONTOYA"
GORAS,Innovaciones generadas en la Gestión Empresarial,Organizacional,Programa de detección de conductas psicosociales del feminicida (900897579-6),Colombia,2018,Restringido,UNIVERSIDAD CATOLICA LUIS AMIGO,"JORMARIS MARTINEZ GOMEZ, JUAN DIEGO BETANCUR ARIAS, RODRIGO ORLANDO OSORIO MONTOYA"
GORAS,Innovaciones generadas en la Gestión Empresarial,Organizacional,Programa de conocimiento acerca de las conductas antijurídicas en contra de la mujer (900897579-6),Colombia,2018,Restringido,UNIVERSIDAD CATOLICA LUIS AMIGO,"JUAN DIEGO BETANCUR ARIAS, JORMARIS MARTINEZ GOMEZ, RODRIGO ORLANDO OSORIO MONTOYA"
GORAS,Innovaciones generadas en la Gestión Empresarial,Organizacional,Creación del sistema de gestión de seguridad y salud en el trabajo para la empresa COMERCIALIZADORA DE SOLUCIONES INFORMÁTICAS CSI S.A.S,Colombia,2018,No restringido,UNIVERSIDAD CATOLICA LUIS AMIGO,"JOSE ANTONIO LOPEZ GIRALDO, JAIME ALBERTO BELTRAN RIOS"
GORAS,Innovaciones generadas en la Gestión Empresarial,Organizacional,Diseño de la estructura organizacional y los procesos principales para la empresa CAMPER CROSS REPUESTOS S.A.S,Colombia,2018,No restringido,UNIVERSIDAD CATOLICA LUIS AMIGO,"JOSE ANTONIO LOPEZ GIRALDO, JAIME ALBERTO BELTRAN RIOS"
GORAS,Innovaciones generadas en la Gestión Empresarial,Organizacional,Modelo de gestión del conocimiento para la Universidad Católica Luis Amigó,Colombia,2018,No restringido,UNIVERSIDAD CATOLICA LUIS AMIGO,"JOSE ANTONIO LOPEZ GIRALDO, JAIME ALBERTO BELTRAN RIOS"
GORAS,Innovaciones generadas en la Gestión Empresarial,Organizacional,Innovación generada en la gestión empresarial consistente en la realización del diseño de un software para la optimización del proceso de producción de informes de avalúos. NIT 811036833-6. Radicado No. 53211,Colombia,2018,Restringido,UNIVERSIDAD CATOLICA LUIS AMIGO,UBEIMAR AURELIO OSORIO ATEHORTUA
GORAS,Innovaciones generadas en la Gestión Empresarial,Organizacional,Certificado Construcción del proceso de evaluación de desempeño - Inversiones JAIBU,Colombia,2018,Restringido,UNIVERSIDAD CATOLICA LUIS AMIGO,JAMES ALBERTO MARULANDA PATINO
GORAS,Innovaciones generadas en la Gestión Empresarial,Organizacional,Innovación generada en la gestión empresarial consistente en la construcción del proceso de selección y sus formatos de aplicación,Colombia,2018,Restringido,UNIVERSIDAD CATOLICA LUIS AMIGO,JAMES ALBERTO MARULANDA PATINO
GORAS,Innovaciones generadas en la Gestión Empresarial,Organizacional,Innovación generada en la gestión empresarial consistente en la construcción de los perfiles de cargos.,Colombia,2018,Restringido,UNIVERSIDAD CATOLICA LUIS AMIGO,JAMES ALBERTO MARULANDA PATINO
GORAS,Innovaciones generadas en la Gestión Empresarial,Organizacional,Innovación generada en la gestión empresarial consistente en la construcción de la estructura organizacional.,Colombia,2018,Restringido,UNIVERSIDAD CATOLICA LUIS AMIGO,JAMES ALBERTO MARULANDA PATINO
GORAS,Innovaciones generadas en la Gestión Empresarial,Organizacional,Certificado construcción del proceso de selección - Inversiones JAIBU,Colombia,2018,Restringido,UNIVERSIDAD CATOLICA LUIS AMIGO,JAMES ALBERTO MARULANDA PATINO
GORAS,Innovaciones generadas en la Gestión Empresarial,Organizacional,Innovación generada en la gestión empresarial consistente en la realización del rediseño al procedimiento de la entrevista de retiro. NIT 900141480-1. Radicado No. 53211,Colombia,2018,Restringido,UNIVERSIDAD CATOLICA LUIS AMIGO,UBEIMAR AURELIO OSORIO ATEHORTUA
GORAS,Innovaciones generadas en la Gestión Empresarial,Organizacional,Innovación generada en la gestión empresarial consistente en la realización del Diseño Organizacional para la empresa PARATODO YA. S.A.S. NIT 900-964-418-6. Radicado No. 53211,Colombia,2018,Restringido,PARATODO YA S.A.S.,UBEIMAR AURELIO OSORIO ATEHORTUA
GORAS,Innovaciones generadas en la Gestión Empresarial,Organizacional,"Innovación generada en la gestión empresarial consistente en la realización del diseño del modelo de gestión por procesos en el Inder, Guarne. NIT 811007013-1. Radicado No. 53211",Colombia,2018,Restringido,"INSTITUTO PARA EL DESARROLLO Y PRÁCTICA DEL DEPORTE, LA RECREACIÓN Y EL APR",UBEIMAR AURELIO OSORIO ATEHORTUA
GORAS,Innovaciones generadas en la Gestión Empresarial,Organizacional,"Innovación en la Adaptación al sistema contable y financiero de la empresa Oscar Goez Construcciones S.A.S, al protocolo exigido para la aplicación de las Normas Internacionales de Información Financiera (NIIF)",Colombia,2018,Restringido,"OSCAR GOEZ CONSTRUCCIONES, S.A.S",YAMARU DEL VALLE CHIRINOS ARAQUE
GORAS,Innovaciones generadas en la Gestión Empresarial,Organizacional,Realización diagnóstico orgnizacional - inversiones JAIBU,Colombia,2018,Restringido,UNIVERSIDAD CATOLICA LUIS AMIGO,JAMES ALBERTO MARULANDA PATINO
GORAS,Innovaciones generadas en la Gestión Empresarial,Organizacional,Estruración y desarrollo de la planeación estratégica,Colombia,2017,Restringido,Fundacion Universitaria Seminario Biblico De Colombia,MONICA ELIANA ARISTIZABAL VELASQUEZ
GORAS,Innovaciones generadas en la Gestión Empresarial,Organizacional,Creación del modelo de formación para el fortalecimiento de la cultura de servicio al cliente en la empresa Tax Coopebombas,Colombia,2017,No restringido,UNIVERSIDAD CATOLICA LUIS AMIGO,"JAIME ALBERTO BELTRAN RIOS, JOSE ANTONIO LOPEZ GIRALDO"
GORAS,Innovaciones generadas en la Gestión Empresarial,Organizacional,"Innovación en el diseño, creación e implementación de la planeación estratégica de MANUFACTURAS PULI. NIT  71634426-3",Colombia,2017,No restringido,UNIVERSIDAD CATOLICA LUIS AMIGO,"LUIS FERNANDO QUINTERO ARANGO, JAMES ALBERTO MARULANDA PATINO"
GORAS,Innovaciones generadas en la Gestión Empresarial,Organizacional,Plan de mercadeo de la empresa Inversiones JABA LTDA,Colombia,2017,No restringido,UNIVERSIDAD CATOLICA LUIS AMIGO,"JOSE ANTONIO LOPEZ GIRALDO, JAIME ALBERTO BELTRAN RIOS"
GORAS,Innovaciones generadas en la Gestión Empresarial,Organizacional,Innovación generado en el diagnóstico sobre el clima organizacional en la empresa Industria calidad y moda. NIT 900918498-1,Colombia,2017,Restringido,UNIVERSIDAD CATOLICA LUIS AMIGO,"JAMES ALBERTO MARULANDA PATINO, LUIS FERNANDO QUINTERO ARANGO"
GORAS,Innovaciones generadas en la Gestión Empresarial,Organizacional,Diseño y actualización de la planeación estratégica de la empresa Manufactura PULI,Colombia,2017,Restringido,UNIVERSIDAD CATOLICA LUIS AMIGO,"LUIS FERNANDO QUINTERO ARANGO, JAMES ALBERTO MARULANDA PATINO"
GORAS,Innovaciones generadas en la Gestión Empresarial,Organizacional,Plan de mejoramiento de procesos servicio al usuario y entrega de resultados para la empresa CediMed S.A.S,Colombia,2017,No restringido,UNIVERSIDAD CATOLICA LUIS AMIGO,"JOSE ANTONIO LOPEZ GIRALDO, JAIME ALBERTO BELTRAN RIOS"
GORAS,Innovaciones generadas en la Gestión Empresarial,Organizacional,Generación y aplicación del modelo de autoevaluación y calidad de la institución en referencia durante el año 2017.,Colombia,2017,Restringido,Fundacion Universitaria Seminario Biblico De Colombia,MONICA ELIANA ARISTIZABAL VELASQUEZ
JURIDICAS Y SOCIALES,Innovaciones generadas en la Gestión Empresarial,Organizacional,Programa de capacitación en convivencia de género,Colombia,2018,Restringido,UNIVERSIDAD CATOLICA LUIS AMIGO,"RODRIGO ORLANDO OSORIO MONTOYA, JUAN DIEGO BETANCUR ARIAS, ISABEL CRISTINA PUERTA LOPERA"
JURIDICAS Y SOCIALES,Innovaciones generadas en la Gestión Empresarial,Organizacional,Programa de detección temprana en conductas psicojurídicas que pudieron desencadenar en violencia letal hacia la mujer,Colombia,2018,Restringido,UNIVERSIDAD CATOLICA LUIS AMIGO,"RODRIGO ORLANDO OSORIO MONTOYA, JUAN DIEGO BETANCUR ARIAS, ISABEL CRISTINA PUERTA LOPERA"
JURIDICAS Y SOCIALES,Innovaciones generadas en la Gestión Empresarial,Organizacional,Programa de detección de conductas psicosociales del feminicida,Colombia,2018,Restringido,UNIVERSIDAD CATOLICA LUIS AMIGO,"RODRIGO ORLANDO OSORIO MONTOYA, JUAN DIEGO BETANCUR ARIAS, ISABEL CRISTINA PUERTA LOPERA"
JURIDICAS Y SOCIALES,Innovaciones generadas en la Gestión Empresarial,Organizacional,Programa de prevención de la violencia letal en contra de la mujer y sus sanciones legales,Colombia,2018,Restringido,UNIVERSIDAD CATOLICA LUIS AMIGO,"RODRIGO ORLANDO OSORIO MONTOYA, JUAN DIEGO BETANCUR ARIAS, ISABEL CRISTINA PUERTA LOPERA"
JURIDICAS Y SOCIALES,Innovaciones generadas en la Gestión Empresarial,Organizacional,Programa de conocimiento acerca de las conductas antijurídicas en contra de la mujer,Colombia,2018,Restringido,UNIVERSIDAD CATOLICA LUIS AMIGO,"RODRIGO ORLANDO OSORIO MONTOYA, JUAN DIEGO BETANCUR ARIAS, ISABEL CRISTINA PUERTA LOPERA"
JURIDICAS Y SOCIALES,Innovaciones generadas en la Gestión Empresarial,Organizacional,Programa de prevención para la violencia de género (feminicidio),Colombia,2018,Restringido,UNIVERSIDAD CATOLICA LUIS AMIGO,"JUAN DIEGO BETANCUR ARIAS, RODRIGO ORLANDO OSORIO MONTOYA, ISABEL CRISTINA PUERTA LOPERA"
SISCO,Innovaciones generadas en la Gestión Empresarial,Organizacional,Implementación de un modelo matemático aplicado a la geotecnia,Colombia,2019,Restringido,UNIVERSIDAD CATOLICA LUIS AMIGO,SHIRLENE PATRICIA VEGA ROYERO
