grupo,categoria,Tipo_producto,Titulo,Pais,Ano,ISBN,Editorial,Autores,id
CONTAS,Libros publicados,Libro resultado de investigación,"Utilidad de la Aplicación de la Gerencia del Valor en las Empresas Sociales del Estado (E.S.E.) del Área Metropolitana de Medellín: Caso Hospital Venancio Díaz Díaz y Hospital Marco Fidel Suárez""",Colombia,2017,978-958-56260-7-2,FONDO EDITORIAL UNISABANETA,"FARLEY SARY ROJAS RESTREPO, JORGE IVAN JIMENEZ SANCHEZ",1
CONTAS,Libros publicados,Libro resultado de investigación,Elementos De Planificación Contable,Colombia,2011,978-958-8366-35-7,Ediciones UNAULA,"ELKIN HORACIO QUIROS LIZARAZO, HERNAN CARLOS BUSTAMANTE GARCIA",2
CONTAS,Libros publicados,Libro resultado de investigación,Proceso de consolidación de Capital Social en la ciudad de Medellín en el marco de los enfoques de desarrollo humano y responsabilidad social,Colombia,2009,978-958-8399-12-6,Municipio De Medellin,"ELKIN HORACIO QUIROS LIZARAZO, OLGA LUCIA ARBOLEDA ALVAREZ, ALFREDO MANUEL GHISO COTOS, EDISON FRANCISCO VIVEROS CHAVARRIA",3
CONTAS,Libros publicados,Libro resultado de investigación,"Responsabilidad Social, Organizaciones Y Contabilidad",Colombia,2007,978-958-98047-5-9,Fondo Editorial Fundacion Universitaria Luis Amigo,"ELKIN HORACIO QUIROS LIZARAZO, HERNAN CARLOS BUSTAMANTE GARCIA",4
FILOSOFIA Y TEOLOGIA CRITICA,Libros publicados,Libro resultado de investigación,"La crucifixión en la literatura latinoamericana contemporánea: Hugo Mujica, Raúl Zurita und Pablo Montoya.",Alemania,2021,978-3-946426-19-6 ,Missionshilfe Verlag,JUAN ESTEBAN LONDONO BETANCUR,5
FILOSOFIA Y TEOLOGIA CRITICA,Libros publicados,Libro resultado de investigación,"Kreuzesdeutungen in der gegenwärtigen Literatur Lateinamerikas: Hugo Mujica, Raúl Zurita und Pablo Montoya.",Alemania,2021,2196-4696,Missionshilfe Verlag,JUAN ESTEBAN LONDONO BETANCUR,6
FILOSOFIA Y TEOLOGIA CRITICA,Libros publicados,Libro resultado de investigación,Wittgenstein hipertextual,Colombia,2019,978-958-8943-50-3,Fondo Editorial Universidad Católica Luis Amigó,DAVID ESTEBAN ZULUAGA MESA,7
FILOSOFIA Y TEOLOGIA CRITICA,Libros publicados,Libro resultado de investigación,"Perspectivas del arte en Hölderlin, Novalis y Wackenroder",Colombia,2019,978-958-8943-47-3,Fondo Editorial Universidad Católica Luis Amigó,"ANDRES ALFREDO CASTRILLON CASTRILLON, PALOMA MARIN ESCOBAR, JHOANA ANDREA GUTIERREZ CADAVID, CARLOS GALLEGO ARROYAV GALLEGO ARROYAV",8
FILOSOFIA Y TEOLOGIA CRITICA,Libros publicados,Libro resultado de investigación,Pasividad mística: una perspectiva epistemológica,Colombia,2016,978-958-8943-07-7,Fondo Editorial Funlam,LINA MARCELA DE LA MILAGROSA CADAVID RAMIREZ,9
FILOSOFIA Y TEOLOGIA CRITICA,Libros publicados,Libro resultado de investigación,Teología del deporte,Colombia,2015,978-958-8399-91-1,Fondo Editorial Funlam,JONATHAN ANDRES RUA PENAGOS,10
FILOSOFIA Y TEOLOGIA CRITICA,Libros publicados,Libro resultado de investigación,La Consumación de la Verdad en la Solidaridad: el Neopragmatismo de Richard Rorty,Colombia,2014,978-958-8399-71-3,Fondo Editorial Funlam,JESUS DAVID GIRADO SIERRA,11
FILOSOFIA Y TEOLOGIA CRITICA,Libros publicados,Libro resultado de investigación,"Estudios sobre historia y filosofía de la ciencia: Kuhn, Feyerabend, Lakatos, Fleck y Koyré",Colombia,2014,978-958-8399-70-6,Funlam,LINA MARCELA DE LA MILAGROSA CADAVID RAMIREZ,12
FILOSOFIA Y TEOLOGIA CRITICA,Libros publicados,Libro resultado de investigación,Ludwig Wittgenstein: De La Esencia A La Contingencia,Colombia,2013,978-958-8399-65-2,Fondo Editorial Funlam,DAVID ESTEBAN ZULUAGA MESA,13
FILOSOFIA Y TEOLOGIA CRITICA,Libros publicados,Libro resultado de investigación,Organización Y Conocimiento,Colombia,2011,978-958-8399-45-4,Fondo Editorial Funlam,"DAVID ESTEBAN ZULUAGA MESA, CARLOS ANDRES ARISTIZABAL BOTERO, CARLOS MARIO DURANGO YEPES, EDWIN ANDRES SEPULVEDA CARDONA, ELKIN HORACIO QUIROS LIZARAZO, JOSE ENRIQUE ARIAS PEREZ, JUAN ANDRES CARDENAS DORIA, MARIO LEON RESTREPO MUNERA",14
FILOSOFIA Y TEOLOGIA CRITICA,Libros publicados,Libro resultado de investigación,Caracterización De Estrategias Investigativas Caso Aplicado A Grupos De Investigación De La Upb Y La Unalmed,Colombia,2008,978-958-696-698-6,U.P.B.,"BAYRON LEON OSORIO HERRERA, LUIS HERNANDO ALZATE RAMIREZ",15
URBANITAS,Libros publicados,Libro resultado de investigación,"Consumo, estilos de vida y clases medias en Medellín",Colombia,2021,978-958-764-997-0,Editorial Universidad Pontificia Bolivariana,JIMENA ISAZA ALVAREZ,16
URBANITAS,Libros publicados,Libro resultado de investigación,El suicidio. Una mirada integral e integradora,Colombia,2020,978-958-8943-61-9,Fondo Editorial Fundacion Universitaria Luis Amigo,"JHOEEN SNEYDER ROJAS DIAZ, MARCOS VEGA SENA, MARIA VICTORIA RESTREPO TOBON, DAVID IGNACIO MOLINA VELASQUEZ, OMAR AUGUSTO AMADOR SANCHEZ, SANDRA ISABEL MEJIA ZAPATA, JOHN JAIRO GARCIA PENA, GLORIA CECILIA CARDONA RIOS, ELIZA KRATC GIL, DIEGO LEON CARVAJAL SERNA, ANGEL AUGUSTO VIZCAYA CASTILLO",17
URBANITAS,Libros publicados,Libro resultado de investigación,El secuestro. Un retorno al tiempo primitivo,Colombia,2019,978-958-52376-5-0,Fondo Editorial Corporación Universitaria Remington,"FERNANDO AQUILES DE LA SANTISI ARANGO NAVARRO, DELIO DAVID ARANGO NAVARRO",18
URBANITAS,Libros publicados,Libro resultado de investigación,POPaganda. El fracaso institucional y el triunfo de nadie,Colombia,2019,978-958-8943-52-7,Fondo Editorial Universidad Católica Luis Amigó,JUAN DIEGO LOPEZ MEDINA,19
URBANITAS,Libros publicados,Libro resultado de investigación,Hacia el reto de marcas sostenibles,Colombia,2019,978-958-8943-51-0,Fondo Editorial Luis Amigó,"RAFAEL MAURICIO PARIS RESTREPO, JUAN DIEGO LOPEZ MEDINA",20
URBANITAS,Libros publicados,Libro resultado de investigación,"""Campañas De Prevención De Violencia De Género En Colombia Y España: Un Análisis desde la Psicología Social y la Publicidad Social""",Colombia,2018,978-958-5468-08-5,Universidad de Manizales,"FLORENTINO MORENO MARTIN, JAIME ALBERTO CARMONA PARRA, DIEGO ENRIQUE OCAMPO LOAIZA, ANCIZAR VARGAS LEON, SARA VICTORIA ALVARADO SALGADO",21
URBANITAS,Libros publicados,Libro resultado de investigación,"Ciudad Botero. Espacios, oficios y representaciones. Descripción bibliográfica.",Colombia,2016,978-958-8743-90-5,Fondo Editorial Itm,"FERNANDO AQUILES DE LA SANTISI ARANGO NAVARRO, KATHYA JEMIO ARNEZ, JULIANA LOPEZ LOPEZ",22
URBANITAS,Libros publicados,Libro resultado de investigación,Manual de gestión de marca para PYMES,Colombia,2015,978-958-8922-17-1,Sello Editorial Universidad De Medellin,"RAFAEL VARGAS CANO, LUIS RODRIGO VIANA RUIZ, CARLOS ARANGO LOPERA, LUISA FERNANDA MONTALVO ARROYAVE, RAFAEL MAURICIO PARIS RESTREPO",24
URBANITAS,Libros publicados,Libro resultado de investigación,De la caverna al umbral,Colombia,2015,978-958-8399-98-0,Fondo Editorial Fundacion Universitaria Luis Amigo,"RAFAEL MAURICIO PARIS RESTREPO, GLORIA MARIA LOPEZ ARBOLEDA",25
URBANITAS,Libros publicados,Libro resultado de investigación,eBooks interactivos. Diseño y producción,Colombia,2015,978-958-8399-83-6,Fondo Editorial Funlam,"EDWIN ANDRES SEPULVEDA CARDONA, CARLOS SUAREZ QUICENO",26
URBANITAS,Libros publicados,Libro resultado de investigación,eBooks interactivos - Versión interactiva,Colombia,2015,978-958-8399-82-9,Fondo Editorial Luis Amigó,"EDWIN ANDRES SEPULVEDA CARDONA, CARLOS SUAREZ QUICENO",27
URBANITAS,Libros publicados,Libro resultado de investigación,Televisión enlatada. Características ideológicas de los seriados de televisión estadounidense emitidos en Colombia entre 1955 y 1990,Colombia,2014,978-958-8399-75-1,Fondo Editorial Fundacion Universitaria Luis Amigo,"FERNANDO AQUILES DE LA SANTISI ARANGO NAVARRO, MARIA CRISTINA LOAIZA PINEDA, ANCIZAR VARGAS LEON",28
URBANITAS,Libros publicados,Libro resultado de investigación,Personitas De Colores. Narrativas Icónicas Sobre Valores Y Derechos Fundamentales De Niños Y Niñas Antioqueños Entre Los 5 Y Los 14 Años,Colombia,2012,978-958-57670-0-3,Periódico El Mundo SA,"LIGIA INES ZULUAGA ARIA, NELIDA MARIA MONTOYA RAMIREZ",29
URBANITAS,Libros publicados,Libro resultado de investigación,"Medellín, ciudad fragmentada. Modernidad, comunicación y cultura en la contemporaneidad",Colombia,2008,978-958-44-3868-3,Fondo Editorial Luis Amigó,PAOLO ANTONIO VILLALBA STORTI,30
FARMACODEPENDENCIA Y OTRAS ADICCIONES,Libros publicados,Libro resultado de investigación,El suicidio. Una mirada integral e integradora,Colombia,2020,978-958-8943-61-9 ,Fondo Editorial Universidad Católica Luis Amigó,"MARIA VICTORIA RESTREPO TOBON, ANGEL AUGUSTO VIZCAYA CASTILLO, ELIZA KRATC GIL, JHOEEN SNEYDER ROJAS DIAZ, SANDRA ISABEL MEJIA ZAPATA, GLORIA CECILIA CARDONA RIOS, DAVID IGNACIO MOLINA VELASQUEZ, OMAR AUGUSTO AMADOR SANCHEZ, ANA LUCIA CEBALLOS DUQUE, JOHN JAIRO GARCIA PENA, MARCOS VEGA SENA, DIEGO LEON CARVAJAL SERNA",32
FARMACODEPENDENCIA Y OTRAS ADICCIONES,Libros publicados,Libro resultado de investigación,Problemáticas psicosociales en el ámbito universitario y programas de prevención,Colombia,2017,978-958-8943-28-2 ,Fondo Editorial Universidad Católica Luis Amigó,"GUSTAVO ADOLFO CALDERON VALLEJO, GUILLERMO ALONSO CASTANO, CAROLINA MONTOYA MONTOYA",35
FARMACODEPENDENCIA Y OTRAS ADICCIONES,Libros publicados,Libro resultado de investigación,Las representaciones sociales de los profesionales que intervienen las adicciones no químicas en el Valle de Aburrá,Colombia,2016,978-958-8943-06-0,Fondo Editorial Luis Amigó,GUSTAVO ADOLFO CALDERON VALLEJO,36
FARMACODEPENDENCIA Y OTRAS ADICCIONES,Libros publicados,Libro resultado de investigación,CONSUMO DE DROGAS Y LUDOPATÍA EN EL MUNICIPIO DE ENVIGADO,Colombia,2015,978-958-8399-78-2,Fondo Editorial Fundacion Universitaria Luis Amigo,"GUILLERMO ALONSO CASTANO PEREZ, CESAR AUGUSTO JARAMILLO",37
FARMACODEPENDENCIA Y OTRAS ADICCIONES,Libros publicados,Libro resultado de investigación,"Barras Bravas En El Futbol, Consumo De Drogas Y Comportamientos Violentos. El Caso De La Ciudad De Medellin.",Colombia,2014,978-958-8399-72-0,Fondo Editorial Fundacion Universitaria Luis Amigo,"GUILLERMO ALONSO CASTANO PEREZ, SANDRA MILENA RESTREPO ESCOBAR, NICOLAS IGNACIO URIBE ARAMBURO",38
FARMACODEPENDENCIA Y OTRAS ADICCIONES,Libros publicados,Libro resultado de investigación,Adolescencia Sexo Y Consumo De Drogas,Colombia,2013,978-958-8399-61-4,Fondo Editorial Funlam,"GUILLERMO ALONSO CASTANO PEREZ, EDUARDO ARANGO, SANTIAGO MORALES MESA, MARIA CAROLINA MONTOYA MONTOYA, ALEXANDER RODRIGUEZ BUSTAMANTE",39
FARMACODEPENDENCIA Y OTRAS ADICCIONES,Libros publicados,Libro resultado de investigación,"Fundamentos De Medicina: Adicciones, Aspectos Clínicos Y Psicosociales, Tratamiento Y Prevencion",Colombia,2013,978-958-8843-01-8,Fondo Editorial Cib Medellin,"CESAR AUGUSTO JARAMILLO JARAMILLO, ELVIA VELASQUEZ DE PABON",40
FARMACODEPENDENCIA Y OTRAS ADICCIONES,Libros publicados,Libro resultado de investigación,"Prevalencia De Consum,Riesgode Adicción A Sustancia Psicoactivas Y Aficción Ajuegos De Azar En Estudiante Universitarios Del Valle De Aburrá 2009",Colombia,2012,978-958-8674-13-1,Impresos Begon Limitada,"GUILLERMO ALONSO CASTANO PEREZ, GUSTAVO ADOLFO CALDERON VALLEJO, ANGELA MARIA CARDONA SEGURA, CAROLINA MONTOYA MONTOYA, ANGELA MARIA PARRA BASTIDAS, JAIME EDUARDO ORDONEZ MOLINA",41
FARMACODEPENDENCIA Y OTRAS ADICCIONES,Libros publicados,Libro resultado de investigación,La Ludopatía: Una Dependencia No Química De Cuidado,Colombia,2010,978-958-8399-24-9,Fondo Editorial Fundacion Universitaria Luis Amigo,"GUILLERMO ALONSO CASTANO PEREZ, GUSTAVO ADOLFO CALDERON VALLEJO, ADELAIDA STORTI",43
FARMACODEPENDENCIA Y OTRAS ADICCIONES,Libros publicados,Libro resultado de investigación,Desplazados Por La Violencia En Colombia. La Visibilizacion De Los Mas Vulnerables. Sistematización Y Evaluación De Una Experiencia De Intervención Con Familias Desplazadas Por La Violencia En La Ciudad De Medellín.,Colombia,2007,978-958-98047-6-6,Fondo Editorial Fundacion Universitaria Luis Amigo,GUILLERMO ALONSO CASTANO PEREZ,45
FARMACODEPENDENCIA Y OTRAS ADICCIONES,Libros publicados,Libro resultado de investigación,La Seducción Publicitaria Para El Consumo De Licor En Medellín,Colombia,2007,978-958-98047-7-3,Fondo Editorial Fundacion Universitaria Luis Amigo,"GUSTAVO ADOLFO CALDERON VALLEJO, VICTOR  VILLA MEJIA, GUILLERMO ALONSO CASTANO PEREZ",46
FARMACODEPENDENCIA Y OTRAS ADICCIONES,Libros publicados,Libro resultado de investigación,Investigacion Sobre Prevencion De Las Drogodependencias En Colombia Estado Del Arte,Colombia,2006,978-958-97685-9-4,Fondo Editorial Fundacion Universitaria Luis Amigo,"GUSTAVO ADOLFO CALDERON VALLEJO, GUILLERMO ALONSO CASTANO PEREZ, ANGELA MARIA PARRA",48
FARMACODEPENDENCIA Y OTRAS ADICCIONES,Libros publicados,Libro resultado de investigación,Problemas tecnológicos en las Unidades de Producción en Medellín y el área Metropolitana,Colombia,2001,958-96746-,Universidad del Valle,"GUSTAVO ADOLFO CALDERON VALLEJO, MIRIAM MEJIA GARCES, CARLOS ROMAN MALDONADO",50
FARMACODEPENDENCIA Y OTRAS ADICCIONES,Libros publicados,Libro resultado de investigación,Socialización Familiar De Las Prácticas Y Valores De Convivencia En Medellín Desde Los Años Ochenta,Colombia,2001,958-96832-9-0,Departamento De Publicaciones Fundacion Universitaria Luis Amigo,GUSTAVO ADOLFO CALDERON VALLEJO,51
FARMACODEPENDENCIA Y OTRAS ADICCIONES,Libros publicados,Libro resultado de investigación,La organización interna de la familia en Medellín y su Area Metropolitana 1997,Colombia,2000,9683266,Fundación Universitaria Luis Amigó,"GUSTAVO ADOLFO CALDERON VALLEJO, PATRICIA ELENA RAMIREZ ARBOLEDA",52
AYELEN,Libros publicados,Libro resultado de investigación,"ciberbullying,salud y afrontamiento en estudiantes: el caso de dos universidades",Colombia,2019,978-958-8943-49-7,Fondo Editorial Universidad Católica Luis Amigó,"BENILDA LAYNE BERNAL, PEDRO ALVAREZ MASSI, JOSE FERNANDO LUQUE MANRIQUE",53
AYELEN,Libros publicados,Libro resultado de investigación,Adolescencia y familia La transformación de la familia colombiana y su incidencia en los adolescentes,Colombia,2018,978-958-760-116-9,Editorial Universidad Cooperativa De Colombia,"NORMAN DARIO MORENO CARMONA, VIVIANA CARMENZA AVILA NAVARRETE, PAULJAVIER BEDOYA PASTRANA",54
AYELEN,Libros publicados,Libro resultado de investigación,"Narrando paz ando - Iniciativas exitosas de paz en Cundianamarca, Boyacá y Antioquia 2005-2013",Colombia,2018,9789587835526,Universidad Nacional de Colombia,"MARIELA INES SANCHEZ CARDONA, SANDRA LUZ CASTRO LESMES",55
AYELEN,Libros publicados,Libro resultado de investigación,El Suicidio: Cuatro Perspectivas,Colombia,2015,978-958-8399-86-7,Fondo Editorial Funlam,BENILDA LAYNE BERNAL,56
AYELEN,Libros publicados,Libro resultado de investigación,"Saberes, actores y escenarios de la Licenciatura en Pedagogía Reeducativa (1984 a 2008)",Colombia,2008,,Impulso Gráfico,NOHORA PATRICIA ARIZA HERNANDEZ,57
AYELEN,Libros publicados,Libro resultado de investigación,De Los Maestros Su Semilla,Colombia,2006,958-33-8897-1,Digiprint Editores,MARITZA LAYNE BERNAL,58
AYELEN,Libros publicados,Libro resultado de investigación,Habitantes de la Calle en Bogotá-Representaciones sociales sobre espacio público y ciudadanía,Colombia,2005,,Editorial Departamento De Publicaciones Fundacion Universitaria Luis Amigo,"SANDRA LUZ CASTRO LESMES, WILSON MELLIZO, MAGDA  MORALES SANCHEZ",59
CALIDAD DE VIDA,Libros publicados,Libro resultado de investigación,Adolescencia y familia. La transformación de la familia colombiana y su incidencia en los adolescentes,Colombia,2018,978-958-760-116-9,Editorial Universidad Cooperativa De Colombia,"PAULJAVIER BEDOYA PASTRANA, NORMAN DARIO MORENO CARMONA, VIVIANA CARMENZA AVILA NAVARRETE",60
CALIDAD DE VIDA,Libros publicados,Libro resultado de investigación,CONSTRUCCIÓN DE IDENTIDADES Y PARTICIPACIÓN COMUNITARIA. Un enfoque sociopolítico en la formación universitaria,Venezuela,2016,978-980-427-010-9,Universidad Nacional Experimental Rafael María Baralt - Fondo Editorial UNERMB,ESTELIO JOSE ANGULO,61
CALIDAD DE VIDA,Libros publicados,Libro resultado de investigación,CONSTRUCCION DE IDENTIDADES SOCIOPOLÍTICAS Y PARTICIPACIÓN COMUNITARIA DEL DOCENTE INTEGRAL EN FORMACIÓN,Venezuela,2016,978-980-6792-64-7,Universidad Nacional Experimental Rafael María Baralt - Fondo Editorial UNERMB,ESTELIO JOSE ANGULO,62
CALIDAD DE VIDA,Libros publicados,Libro resultado de investigación,Adolfo Pacheco Juglar De Los Montes De María,Colombia,2014,978-958-46-5289-8,Pretelt Patron,ALBIO MARTINEZ SIMANCA,63
CALIDAD DE VIDA,Libros publicados,Libro resultado de investigación,La Costa Abajo. Un Pedazo Del Caribe Colombiano. Cultura De Los Afrodescendientes Cordobeses Costaneros.,Colombia,2011,978-958-44-9297-5,Fondo Editorial Universidad De Cordoba,MERY RAQUEL CARDONA OVIEDO,64
CALIDAD DE VIDA,Libros publicados,Libro resultado de investigación,Estrategias Pedagógicas Basadas En La Comprensión. Las Manifestaciones De Liderazgo En El Ámbito De La Inteligencia Emocional,Colombia,2011,978-958-9244-47-0,Maestría en Educación SUE CARIBE,JOAQUIN JOSE ROJANO DE LA HOZ,66
CALIDAD DE VIDA,Libros publicados,Libro resultado de investigación,Estudiantes Y Cambios Generacionaloes En La Sociedad Colombiana,Colombia,2011,978-958-44-8712-4,Albio Martinez,ALBIO MARTINEZ SIMANCA,67
CALIDAD DE VIDA,Libros publicados,Libro resultado de investigación,"José Felix Fuenmayor ""Entre La Tradición Y La Vanguardia"" Autor: Albio Martinez Simanca",Colombia,2011,978-958-98917-4-2,Observatorio Del Caribe Colombiano,ALBIO MARTINEZ SIMANCA,68
CALIDAD DE VIDA,Libros publicados,Libro resultado de investigación,Psicologia Forense: Estudio De La Mente Criminal.,Colombia,2010,978-958-741-051-8,Ediciones Uninorte,GUSTAVO ANTONIO BRUNAL GONZALEZ,69
CALIDAD DE VIDA,Libros publicados,Libro resultado de investigación,Las familias afrodescendientes. Raíces de África en el Caribe. Una mirada etnográfica en el departamento de Córdoba - Colombia.,Colombia,2010,978-958-8399-19-5,FONDO EDITORIAL FUNDACIÓN UNIVERSITARIA LUIS AMIGÓ,FRANCISCO WILLIAM MERCADO MERCADO,72
CALIDAD DE VIDA,Libros publicados,Libro resultado de investigación,Fundamnetos Conceptuales Y Metodològicos Para La Construcciòn De Cultura Ambiental,Colombia,2010,978-958-44-0272-1,Ed Panamericana Formas E Impresos Sa Bogota,"VICTOR TERAN REALES, JOAQUIN ROJANO DE LA HOZ, MERI CARDONA OVIEDO, FRANCISCO MERCADO MERCADO",73
CALIDAD DE VIDA,Libros publicados,Libro resultado de investigación,Medios y Tecnologías: Espacios alternativos para enseñar y aprender,Colombia,2010,978-958-44-6371-5,Fondo Editorial Universidad De Cordoba,"GLENIS BIBIANA ALVAREZ QUIROZ, MARTHA CECILIA ROMERO MORENO, MANUEL CARO PINERES",74
CALIDAD DE VIDA,Libros publicados,Libro resultado de investigación,Plan Estratégico Departamental De Ciencia Tecnología E Innovación De Córdoba,Colombia,2009,978-958-57519-7-2,Observatorio Del Caribe Colombiano,VICTOR TERAN REALES,76
CALIDAD DE VIDA,Libros publicados,Libro resultado de investigación,Incorporacion De La Dimension Ambiental A Los Procesos Culturales Asociados Al Rescate Y Valoracion Del Patrimonio Cultural,Colombia,2008,978-958-8399-03-4,LOIS ANGEL ASOCIADOS,VICTOR TERAN REALES,80
CALIDAD DE VIDA,Libros publicados,Libro resultado de investigación,Proyecto De Cultura Ambiental Caec,Colombia,2008,978-958-44-0267-7,Ed Panamericana Formas E Impresos Sa Bogota,VICTOR TERAN REALES,81
CALIDAD DE VIDA,Libros publicados,Libro resultado de investigación,Territorios Y Territorialidades En La Calendaria,Colombia,2008,9789584402875,DESARROLLAMOS SOLUCIONES LTDA,VICTOR TERAN REALES,82
CALIDAD DE VIDA,Libros publicados,Libro resultado de investigación,Apartadences,Colombia,2007,978-95844-2643-7,Alto Vuelo Comunicaciones,"MERY RAQUEL CARDONA OVIEDO, VICTOR TERAN REALES",87
CALIDAD DE VIDA,Libros publicados,Libro resultado de investigación,Dinamicas De Las Familias Desplazadas Por La Violencia Social En Monteria,Colombia,2005,958-97524-6-2,Departamento de publicaciones FUNLAM,AMAURY DE JESUS ROMERO BALLESTEROS,93
CALIDAD DE VIDA,Libros publicados,Libro resultado de investigación,ESTILOS DE APRENDIZAJE DE LOS ESTUDIANTES DE LOS PRIMEROS SEMSTRES DE LA CORPORACIÒN UNIVERSITARIA DEL SINU.,Colombia,2003,,CORPORACION UNIVERSITARIA DEL SINU,LUZ BRUNAL DE PETRO,99
CALIDAD DE VIDA,Libros publicados,Libro resultado de investigación,Laboratorio Internacional de Ciencias Sociales - De la violencia a la no violencia,Colombia,2003,,UNIVERSIDAD DE SAN BUENAVENTURA,"FABIAN EDUARDO MARTINEZ GIRALDO, FRAY ARTURO CALLE RESTREPO, JOSE VITALINO ECHEVERRI H, DIEGO ALEJANDRO MUNOZ, FEDERICO BURGOS ACEVEDO, CARLOS DARIO PATINO, LUZ AMANDA ZAPATA D, FRANCISCO ARIAS",100
CALIDAD DE VIDA,Libros publicados,Libro resultado de investigación,Investigación En El Aula,Colombia,2000,958-95580-9-7,Universidad de la Guajira,JOAQUIN JOSE ROJANO DE LA HOZ,101
CALIDAD DE VIDA,Libros publicados,Libro resultado de investigación,Los Travestis Iconoclastas de Género,Colombia,1995,,Fondo editorial por la paz,"FABIAN EDUARDO MARTINEZ GIRALDO, BLANCA VALLE ZAPATA, NOELBA CORREA RUIZ",102
ESTUDIOS DE FENOMENOS PSICOSOCIALES,Libros publicados,Libro resultado de investigación,"Juventud, violencia y paz : experiencias investigativas en barriadas populares de Cali y Medellín",Colombia,2020,978-958-5473-98-0,Sello Editorial Universidad de Medellín,"ANYERSON STITHS GOMEZ TABARES, CESAR NUNEZ, ELIZABETH GOMEZ ETAYO, ILVAR JOSUE CARANTON SANCHEZ, JUAN DAVID GIRALDO ROJAS, NORA MARGARITA VARGAS ZULUAGA, RODRIGO JESUS OCAMPO GIRALDO, LILIANA GALLO CONSUEGRA, ANGELA PATRICIA ARANGO VASQUEZ",103
ESTUDIOS DE FENOMENOS PSICOSOCIALES,Libros publicados,Libro resultado de investigación,El suicidio. Una mirada integral e integradora,Colombia,2020,978-958-8943-61-9,Fondo Editorial Universidad Católica Luis Amigó,"DAVID IGNACIO MOLINA VELASQUEZ, SANDRA ISABEL MEJIA ZAPATA, ANGEL AUGUSTO VIZCAYA CASTILLO, JOHN JAIRO GARCIA PENA, ELIZA KRATC GIL, MARCOS VEGA SENA, OMAR AUGUSTO AMADOR SANCHEZ, JHOEEN SNEYDER ROJAS DIAZ, DIEGO LEON CARVAJAL SERNA, MARIA VICTORIA RESTREPO TOBON, ANA LUCIA CEBALLOS DUQUE, GLORIA CECILIA CARDONA RIOS",104
ESTUDIOS DE FENOMENOS PSICOSOCIALES,Libros publicados,Libro resultado de investigación,El lugar de la subjetividad de las madres en los procesos psicopedagógicos de niños con necesidades educativas especiales,Colombia,2019,978-958-8943-46-6,Fondo Editorial Universidad Católica Luis Amigó,"DIEGO LEON AGUDELO CORDOBA, MAGDA VICTORIA DIAZ ALZATE",105
ESTUDIOS DE FENOMENOS PSICOSOCIALES,Libros publicados,Libro resultado de investigación,"Locura y sociedad. Alienismo tardío, psicopatología e higiene mental en la modernidad colombiana, 1870-1968.",Colombia,2018,978-958-56893-8-1,Fondo Editorial Institución Universitaria de Envigado,JAIRO GUTIERREZ AVENDANO,106
ESTUDIOS DE FENOMENOS PSICOSOCIALES,Libros publicados,Libro resultado de investigación,Habitar la educación. Vinculaciones y desvinculaciones entre los niveles escolares,Colombia,2018,978-958-8943-40-4,Fondo Editorial Universidad Católica Luis Amigó,CAROLINA VALDES HENAO,107
ESTUDIOS DE FENOMENOS PSICOSOCIALES,Libros publicados,Libro resultado de investigación,Sentidos de ley y prácticas de justicia en el ámbito de la convivencia escolar. Dos referentes: Medellín (Colombia) y Santiago de Chile.,Colombia,2017,978-958.8943-26-8,Fondo Editorial Universidad Católica Luis Amigó.,JOHN JAIRO GARCIA PENA,108
ESTUDIOS DE FENOMENOS PSICOSOCIALES,Libros publicados,Libro resultado de investigación,Propuesta efectiva de ruta de atención intersectorial a las violencias sexuales,Colombia,2016,978-958-8943-23-7,Fondo Editorial Funlam,JOHN JAIRO GARCIA PENA,109
ESTUDIOS DE FENOMENOS PSICOSOCIALES,Libros publicados,Libro resultado de investigación,"Hablame de Vos. Diagnóstico Situacional de los derechos de la niñez y la adoelcencia en el Municipio de La Estrella, Antioquia",Colombia,2015,978-958-89430-2-2,Fondo Editorial Luis Amigó,"NICOLASA MARIA DURAN PALACIO, NORMAN DARIO MORENO CARMONA, EDISON FRANCISCO VIVEROS CHAVARRIA",110
ESTUDIOS DE FENOMENOS PSICOSOCIALES,Libros publicados,Libro resultado de investigación,La Carrera De Las Niñas Enlos Grupos Guerrilleros Y Paramilitares De Colombia. Un Estudio Desde El Punto De Vista Del Agente,Colombia,2012,978-958-8399-42-3,Fondo Editorial Funlam,"JAIME ALBERTO CARMONA PARRA, FLORENTINO MORENO MARTIN, JOHN FELIPE TOBON HOYOS",112
ESTUDIOS DE FENOMENOS PSICOSOCIALES,Libros publicados,Libro resultado de investigación,El Suicidio En La Pubertad Y La Adolescencia. Un Abordaje Desde La Psicologia Social,Colombia,2010,9789588399256,Fondo Editorial Funlam,"JAIME ALBERTO CARMONA PARRA, JUAN CARLOS  JARAMILLO ESTRADA, JOHN FELIPE TOBON HOYOS, YULIANA  AREIZA",115
ESTUDIOS DE FENOMENOS PSICOSOCIALES,Libros publicados,Libro resultado de investigación,Cuerpo anhelado y cuerpo competente. Narrativas identitarias de mujeres con anorexia-bulimia,Colombia,2009,978-958-8399-13-3,Fondo Editorial Fundacion Universitaria Luis Amigo,ANDRES FELIPE MARIN CORTES,116
ESTUDIOS DE FENOMENOS PSICOSOCIALES,Libros publicados,Libro resultado de investigación,"El conflicto vasco: violencia, polarización o¿(re)conciliación?",España,2009,9788495287465,Asociación Española de Neuropsiquiatría,FLORENTINO MORENO MARTIN,117
ESTUDIOS DE FENOMENOS PSICOSOCIALES,Libros publicados,Libro resultado de investigación,Kit Educativo: Universidades Preventivas,Colombia,2008,978-958-8399-01-0,Funlam,"CRISTOBAL OVIDIO MUNOZ ARROYAVE, MARIA ADELAIDA STORTI, CAROLINA MONTOYA MONTOYA, GUSTAVO ADOLFO CALDERON, ANGELA MARIA PARRA, SANTIAGO MORALES MESA",118
ESTUDIOS DE FENOMENOS PSICOSOCIALES,Libros publicados,Libro resultado de investigación,Propuesta Educativa Para El Desarrollo Humano En La Primera Infancia,Colombia,2008,978-958-97645-6-5,UNIVERSIDAD DE SAN BUENAVENTURA,"ANDRES FELIPE MARIN CORTES, JAIR HENANDO ALVAREZ TORRES",119
ESTUDIOS DE FENOMENOS PSICOSOCIALES,Libros publicados,Libro resultado de investigación,El primer año de vida lingüístico,Colombia,2005,958-9768-4-7,Editorial Departamento De Publicaciones Fundacion Universitaria Luis Amigo,FREDDY ALBERTO GUARIN OCAMPO,120
ESTUDIOS DE FENOMENOS PSICOSOCIALES,Libros publicados,Libro resultado de investigación,"Competencias, Saberes Y Herramientas Necesarias Para La Intervención Social Del Psicólogo",Colombia,2005,9589752454,Departamento de publicaciones FUNLAM,"LUZ MARINA ARANGO GOMEZ, MARIA ALEJANDRA RESTREPO CARDENO, CESAR AUGUSTO JARAMILLO JARAMILLO",121
FAMILIA DESARROLLO Y CALIDAD DE VIDA,Libros publicados,Libro resultado de investigación,Familias tejedoras de futuro. Propuesta de investigación-intervención en contextos de posconflicto y paz,Colombia,2021,978-958-8943-73-2,Fondo editorial Universidad Catolica Luis Amigo,"ALEXANDRA MARIA GONZALEZ MORA, ANGELA MARITZA LOPERA JARAMILLO",122
FAMILIA DESARROLLO Y CALIDAD DE VIDA,Libros publicados,Libro resultado de investigación,Intervención psicosocial en crianza contemporánea,Colombia,2021,978-958-8943-63-3,Fondo Editorial Fundacion Universitaria Luis Amigo,"OVIDIO HERRERA RIVERA, LEDY MARYORY BEDOYA CARDONA",123
FAMILIA DESARROLLO Y CALIDAD DE VIDA,Libros publicados,Libro resultado de investigación,"Empatía, conductas prosociales y convivencia escolar: sus nexos y relaciones en niños que han experimentado violencias. Un estudio en Montería y Medellín",Colombia,2020,978-958-764-823-2 ,Editorial Upb,"ALEXANDER RODRIGUEZ BUSTAMANTE, ANA MARIA ROMERO OTALVARO, GLORIA MARIA LOPEZ ARBOLEDA, KELLY SAMADI VASQUEZ GOMEZ, JENNY JOSEFINA VICUNA DE ROJAS, MARTA AIDA PALACIO CORREA, NELSON FERNANDO BALVIN HERRERA, JOHN ALBERT CARDENAS CUADROS, MARIA DEL TRANSITO GIRALDO USME, SANDRA JULIET CLAVIJO ZAPATA, ERIKA PATRICIA RUIZ GONZALEZ, MARTHA NEREIDA MUNOZ ARGEL",124
FAMILIA DESARROLLO Y CALIDAD DE VIDA,Libros publicados,Libro resultado de investigación,Crianza contemporánea: significados y comprensiones desde la voz de las familias,Colombia,2020,978-958-8943-55-8 ,Fondo Editorial Universidad Católica Luis Amigó,"LEDY MARYORY  BEDOYA  CARDONA, MARGARITA MARIA ALVIAR RUIZ, OVIDIO HERRERA RIVERA",125
FAMILIA DESARROLLO Y CALIDAD DE VIDA,Libros publicados,Libro resultado de investigación,"La disciplina del desarrollo familiar colombiano. Un diálogo entre conocimiento científico, intervención y acompañamiento familiar",Colombia,2018,978-958-8943-42-8,Fondo Editorial Universidad Católica Luis Amigó,"EDISON FRANCISCO VIVEROS CHAVARRIA, ALEXANDER RODRIGUEZ BUSTAMANTE, GERMAN DARIO HERRERA SARAY, LUZ MARIA LOPEZ MONTANO",126
FAMILIA DESARROLLO Y CALIDAD DE VIDA,Libros publicados,Libro resultado de investigación,"Hablame de vos. Diagnóstico situacional de los derechos de infancia, niñez y adolescencia en el municipio de La Estrella, Antioquia",Colombia,2015,978-958-8943-02-2,Fundación Universitaria Luis Amigo - Medellín,"EDISON FRANCISCO VIVEROS CHAVARRIA, NICOLASA MARIA DURAN PALACIO, NORMAN DARIO MORENO CARMONA",127
FAMILIA DESARROLLO Y CALIDAD DE VIDA,Libros publicados,Libro resultado de investigación,Alteridad familiar: Una lectura desde Emmanuel Lévinas,Colombia,2015,978-958-8943-00-8,Fundación Universitaria Luis Amigo - Medellín,EDISON FRANCISCO VIVEROS CHAVARRIA,128
FAMILIA DESARROLLO Y CALIDAD DE VIDA,Libros publicados,Libro resultado de investigación,"Frank Lloyd Wright,  Un Relato Imaginario",Colombia,2013,978-958-8590-22-6,Biblioteca Digital Universidad San Buenaventura,JOSE TOMAS CORTES DIAZ,129
FAMILIA DESARROLLO Y CALIDAD DE VIDA,Libros publicados,Libro resultado de investigación,Adolescencia Sexo Y Consumo De Drogas,Colombia,2013,978-958-8399-61-4,Fondo Editorial Funlam,"GUILLERMO ALONSO  CASTANO  PEREZ, MARIA CAROLINA MONTOYA MONTOYA, OLBER EDUARDO ARANGO TOBON, SANTIAGO ALBERTO MORALES MESA, ALEXANDER RODRIGUEZ BUSTAMANTE",130
FAMILIA DESARROLLO Y CALIDAD DE VIDA,Libros publicados,Libro resultado de investigación,El Padre En Familias Con Madre Migrante,Colombia,2011,978-958-8399-39-3,Departamento de publicaciones FUNLAM,EDISON FRANCISCO VIVEROS CHAVARRIA,131
FAMILIA DESARROLLO Y CALIDAD DE VIDA,Libros publicados,Libro resultado de investigación,Consolidación de capital social en Medellín. Un proceso en el marco de los enfoques de desarrollo humano y responsabilidad social,Colombia,2009,978-958-8493-04-6,Municipio De Medellin,"EDISON FRANCISCO VIVEROS CHAVARRIA, OLGA LUCIA  ARBOLEDA ALVAREZ, AFREDO GHISO  COTOS, ELKIN HORACIO  QUIROZ LIZARAZO",132
FAMILIA DESARROLLO Y CALIDAD DE VIDA,Libros publicados,Libro resultado de investigación,Aproximaciones Conceptuales Al Desarrollo Familiar,Colombia,2008,978-958-44-4260-4,Fondo Editorial Fundacion Universitaria Luis Amigo,EDISON FRANCISCO VIVEROS CHAVARRIA,133
FAMILIA DESARROLLO Y CALIDAD DE VIDA,Libros publicados,Libro resultado de investigación,Dinámicas Internas De Las Familias Con Jefatura Femenina Y Menores En Conflicto Con La Ley Penal: Características Interaccionales.,Colombia,2006,9589768563,Fundación Universitaria Luis Amigó,EDISON FRANCISCO VIVEROS CHAVARRIA,134
FAMILIA DESARROLLO Y CALIDAD DE VIDA,Libros publicados,Libro resultado de investigación,Crisis Y Conflictos De Pareja,Colombia,2006,978-958-98047-2-8,Departamento de publicaciones FUNLAM,MARIA VICTORIA ALVAREZ VELEZ,135
FAMILIA DESARROLLO Y CALIDAD DE VIDA,Libros publicados,Libro resultado de investigación,Comprendiendo el mundo de la explotación sexual: Historia de vida de Bermy Grisales Espinoza,Colombia,2001,,Fundación Universitaria Luis Amigó,"ANGELA MARIA RESTREPO SUAZA, MARIA EUMELIA GALEANO MARIN, SANTIAGO ALBERTO MORALES MESA",136
"EDUCACION, INFANCIA Y LENGUAS EXTRANJERAS",Libros publicados,Libro resultado de investigación,"Encuentros de conocimiento y aprendizaje: escenario para la formación en contexto. Sistematización de la experiencia ?SUMA Proyección? ,",Colombia,2020,978-958-53191-4-1,Centro Editorial Universidad Catolica De Manizales,DIANA MARCELA GARCIA MUNOZ,137
"EDUCACION, INFANCIA Y LENGUAS EXTRANJERAS",Libros publicados,Libro resultado de investigación,"Comprensiones sobre los sistemas institucionales de evaluación de aprendizajes Tres casos de Antioquia: Medellín, Oriente y Nordeste",Colombia,2018,978-958-5518-13-1,Centro De Publicaciones Universidad Catolica De Oriente,"JOSE FEDERICO AGUDELO TORRES, FABIAN ALONSO PEREZ RAMIREZ, ELKIN ALONSO RIOS OSORIO, ANDREA CAROLINA PERNETH MONTANEZ",138
"EDUCACION, INFANCIA Y LENGUAS EXTRANJERAS",Libros publicados,Libro resultado de investigación,Experiencias y calidades de la educación en Medellín Prácticas pedagógicas y quehacer educativo en contexto de docentes y directivos docentes postulados al Premio Ciudad de Medellín a la Calidad de la Educación 2010-2013,Colombia,2018,978-958-8474-67-0,Editorial Bonaventuriana,"JOSE WILMAR PINO MONTOYA, EMERSON ECHAVARRIA GONZALEZ, FABER ANDRES PIEDRAHITA LARA, GUILLERMO DE JESUS ECHEVERRI JIMENEZ, LUZ CELINA CALDERON GUTIERREZ, MERCEDES VALLEJO GOMEZ, MICHELLE BETANCUR ZULUAGA, YICEL NAYROBIS GIRALDO GIRALDO, MARIA ALEJANDRA LOPERA RENDON, CARMEN TULIA CANO ALVAREZ, DIEGO LEANDRO GARZON AGUDELO, DAYRO LEON QUINTERO LOPEZ",139
"EDUCACION, INFANCIA Y LENGUAS EXTRANJERAS",Libros publicados,Libro resultado de investigación,De la caverna al umbral: reflexiones estéticas sobre la ciudad pública y privada,Colombia,2015,978-958-8399-98-0,Fondo Editorial Funlam,"GLORIA MARIA LOPEZ ARBOLEDA, RAFAEL MAURICIO PARIS RESTREPO",140
"EDUCACION, INFANCIA Y LENGUAS EXTRANJERAS",Libros publicados,Libro resultado de investigación,CLIC. Implicaciones de la virtualidad globalizada en el sujeto.,Colombia,2015,978-958-8399-87-4,Fondo Editorial Funlam,"GLORIA MARIA LOPEZ ARBOLEDA, ALEXANDER RODRIGUEZ BUSTAMANTE, LILIAM JOHANA MARROQUIN",141
"EDUCACION, INFANCIA Y LENGUAS EXTRANJERAS",Libros publicados,Libro resultado de investigación,"Libro La Escuela Sitiada. Educación, violencia urbana e incidencia de las políticas educativas para hacerle frente. Un análisis comparado entre Colombia, Chile y México. 2014 (en revisión para publicación) Informe técnico de la investigación presentado a UNESCO.",Chile,2014,978-956-317-21,Mago Editores,MARY LUZ MARIN POSADA,142
"EDUCACION, INFANCIA Y LENGUAS EXTRANJERAS",Libros publicados,Libro resultado de investigación,"Migración, Familia Y Desarrollo",Colombia,2011,978-958-8399-14-0,Fondo Editorial Funlam,"ALFREDO GHISO COTOS, CATALINA MARIA TABARES OCHOA, LIBIA ELENA RAMIREZ ROBLEDO, SANTIAGO ALBERTO  MORALES  MESA",143
"EDUCACION, INFANCIA Y LENGUAS EXTRANJERAS",Libros publicados,Libro resultado de investigación,El Compromiso Social Fundador Y  Las  Respuestas Pedagógicas  De Las Facultades De Educación Adscritas A Ascofade,Colombia,2010,978-958-99727-1-7,Ascofade,"LIBIA ELENA RAMIREZ ROBLEDO, CARMEN TULIA CANO ALVAREZ, DIEGO ALEJANDRO MUNOZ  GAVIRIA, JORGE IVAN RIOS, JUAN LEONEL GIRALDO SALAZAR, LIGIA VICTORIA ESCOBAR  LONDONO",144
"EDUCACION, INFANCIA Y LENGUAS EXTRANJERAS",Libros publicados,Libro resultado de investigación,Cambios en la familia: los hilos invisibles de la migración.,Colombia,2009,978-958-8399-33-1,Fondo Editorial Funlam,"SANTIAGO ALBERTO  MORALES  MESA, ALFREDO GHISO COTOS, CATALINA MARIA TABARES OCHOA, LIBIA ELENA RAMIREZ ROBLEDO",145
"EDUCACION, INFANCIA Y LENGUAS EXTRANJERAS",Libros publicados,Libro resultado de investigación,A La Sombra Del Migrante; Un Abordaje Psicosocial A Las Familias De Migrantes En El Lugar De Origen,Colombia,2009,978-958-8399-17-1,Fondo Editorial Funlam,"LIBIA ELENA RAMIREZ ROBLEDO, ALFREDO GHISO COTOS, CATALINA MARIA TABARES OCHOA, SANTIAGO ALBERTO  MORALES  MESA",146
"EDUCACION, INFANCIA Y LENGUAS EXTRANJERAS",Libros publicados,Libro resultado de investigación,"Trayectorias Migratorias, Experiencia Vital Del Migrante Y Su Familia",Colombia,2009,978-958-8399-15-7,Fondo Editorial Funlam,"CATALINA MARIA TABARES OCHOA, ALFREDO GHISO COTOS, LIBIA ELENA RAMIREZ ROBLEDO, SANTIAGO ALBERTO  MORALES  MESA",147
NEUROCIENCIAS BASICAS Y APLICADAS,Libros publicados,Libro resultado de investigación,Factores para el diseño de políticas de salario emocional,Colombia,2021,978-958-8943-64-0,Fondo Editorial Luis Amigó,"LUIS FERNANDO QUINTERO ARANGO, JUAN DIEGO BETANCUR ARIAS",148
NEUROCIENCIAS BASICAS Y APLICADAS,Libros publicados,Libro resultado de investigación,"Juventud, violencia y paz : experiencias investigativas en barriadas populares de Cali y Medellín",Colombia,2020,978-958-5473-98-0,Sello Editorial Universidad de Medellín,"ANYERSON STITHS GOMEZ TABARES, CESAR NUNEZ, ELIZABETH GOMEZ ETAYO, ILVAR JOSUE CARANTON SANCHEZ, JUAN DAVID GIRALDO ROJAS, NORA MARGARITA VARGAS ZULUAGA, RODRIGO JESUS OCAMPO GIRALDO, LILIANA GALLO CONSUEGRA, ANGELA PATRICIA ARANGO VASQUEZ",149
NEUROCIENCIAS BASICAS Y APLICADAS,Libros publicados,Libro resultado de investigación,Adolescencia Sexo Y Consumo De Drogas,Colombia,2013,978-958-8399-61-4,Fondo Editorial Funlam,OLBER EDUARDO ARANGO TOBON,150
NEUROCIENCIAS BASICAS Y APLICADAS,Libros publicados,Libro resultado de investigación,Memorias Del Primer Simposio Nacional E Internacional De Investigaciones En Primera Infancia,Colombia,2012,978-958-8399-50-8,Fondo Editorial Funlam,SANDRA JULIET CLAVIJO ZAPATA,151
GESNE,Libros publicados,Libro resultado de investigación,Objetivos de Desarrollo Sostenible y buenas prácticas de Economía Solidaria en el Oriente Antioqueño,Colombia,2021,978-958-8943-76-3,Fondo Editorial Luis Amigó,"OLGA LUCIA ARBOLEDA ALVAREZ, MARTHA DEL SOCORRO ALZATE CARDENAS, OSWALDO ANTONIO SALGADO CANAVERAL",152
GESNE,Libros publicados,Libro resultado de investigación,"Paz, reforma rural integral y potencial del cooperativismo en Colombia: una mirada desde la academia",Colombia,2020,978-958-5518-43-8 ,Fondo Editorial Universidad Católica de Oriente,"MARTHA DEL SOCORRO ALZATE CARDENAS, HERNANDO EMILIO ZABALA SALAZAR, OLGA LUCIA ARBOLEDA ALVAREZ, CAROLINA RINCON ZAPATA, ALBA LUCIA RESTREPO RUIZ",153
GESNE,Libros publicados,Libro resultado de investigación,Una década de Economía social y solidaria en Colombia,Colombia,2018,978-958-763-300-9,Universidad Minuto De Dios,"OLGA LUCIA ARBOLEDA ALVAREZ, HERNANDO ZABALA",154
GESNE,Libros publicados,Libro resultado de investigación,Panorama de políticas públicas para la economía social y solidaria en Medellín con relación a experiencias de otros países de Europa y América Latina,Colombia,2018,978-958-8943-44-2,Fondo Editorial Universidad Católica Luis Amigó,"HERNANDO EMILIO ZABALA SALAZAR, MARTHA DEL SOCORRO ALZATE CARDENAS, EDUARDO NICOLAS CUETO FUENTES",155
GESNE,Libros publicados,Libro resultado de investigación,Huella cooperativa en Antioquia,Colombia,2017,978-958-8943-43-3,Universidad Católica Luis Amigó,"HERNANDO EMILIO ZABALA SALAZAR, OLGA LUCIA ARBOLEDA ALVAREZ, MARIA DONELLY LEON GANAN, FRANCISCO JAVIER ECHEVERRY CORREA, EDUARDO NICOLAS CUETO FUENTES",156
GESNE,Libros publicados,Libro resultado de investigación,Gestion del factor comunidad en cooperativas con actividad de ahorro y crédito del Departamento de Antioquia,Colombia,2016,978-958-8943-09-1,Fondo Editorial Funlam,"OLGA LUCIA ARBOLEDA ALVAREZ, HERNANDO ZABALA SALAZAR",157
GESNE,Libros publicados,Libro resultado de investigación,Economía agraria y asociatividad cooperativa en Colombia,Colombia,2016,978-958-8943-08-4,Fundación Universitaria Luis Amigó,HERNANDO EMILIO ZABALA SALAZAR,158
GESNE,Libros publicados,Libro resultado de investigación,Marco para el fomento de la economía solidaria en territorios rurales de Colombia,Colombia,2016,978-958-59653-0-0,"Centro de investigación sobre economía pública, social y solidaria de Colombia","HERNANDO EMILIO ZABALA SALAZAR, ALBERTO JOSE GARCIA MULLER, CRESCENCIO ORREGO, JUAN FERNANDO ALVAREZ RODRIGUEZ",159
GESNE,Libros publicados,Libro resultado de investigación,Política Pública de Economía Solidaria en el contexto de Planeación Local y Presupuesto Participativo de Medellín 2008 ¿ 2015: Evaluación de su efectividad,Colombia,2015,978-958-57964-8-5,Editorial Artes y Letras SAS,"OSWALDO ANTONIO SALGADO CANAVERAL, MARTHA DEL SOCORRO ALZATE CARDENAS, OLGA LUCIA ARBOLEDA ALVAREZ",160
GESNE,Libros publicados,Libro resultado de investigación,La nueva agenda del mutualismo colombiano,Colombia,2010,978-958-99475-0-0,Coimpresos,HERNANDO EMILIO ZABALA SALAZAR,161
GESNE,Libros publicados,Libro resultado de investigación,Proceso de consolidación de Capital Social en la ciudad de Medellín en el marco de los enfoques de desarrollo humano y responsabilidad social,Colombia,2009,978-958-8399-12-6,Municipio De Medellin,"OLGA LUCIA ARBOLEDA ALVAREZ, ALFREDO  GHISO COTOS, ELKIN  QUIROS LIZARAZO, EDISON VIVEROS",163
GESNE,Libros publicados,Libro resultado de investigación,"Mutualismo, exclusión y seguridad social en el valle de Aburrá",Colombia,2009,978-958-8399-18-8,Fondo Editorial Funlam,"HERNANDO ZABALA SALAZAR, OLGA LUCIA ARBOLEDA ALVAREZ",164
GESNE,Libros publicados,Libro resultado de investigación,Cooperación y salud una experiencia reciente en el Valle de Aburrá,Colombia,2009,978-958-8399-10-2,Fondo Editorial Funlam,NELSON DARIO CAICEDO RESTREPO,165
GESNE,Libros publicados,Libro resultado de investigación,Francisco Luis Jimenez Sembrador De Una Esperanza 1961 2004,Colombia,2007,978-958-98047-4-2,Fundación Universitaria Luis Amigó,OLGA LUCIA ARBOLEDA ALVAREZ,166
GESNE,Libros publicados,Libro resultado de investigación,Francisco Luis Jiménez: Sembrador De La Esperanza. 1930 - 1960,Colombia,2006,9589768571,Funlam,OLGA LUCIA ARBOLEDA ALVAREZ,167
GESNE,Libros publicados,Libro resultado de investigación,Planeación Estratégica Aplicada A Cooperativas Y Demás Formas Asociativas Y Solidarias,Colombia,2005,9588205603,Editorial Universidad Cooperativa De Colombia,HERNANDO EMILIO ZABALA SALAZAR,168
GESNE,Libros publicados,Libro resultado de investigación,Introducción A La Historia Y Doctrina Del Cooperativismo,Colombia,2005,9583380253,Cooperativa Financiera John F. Kennedy,HERNANDO EMILIO ZABALA SALAZAR,169
GESNE,Libros publicados,Libro resultado de investigación,La Economía Solidaria En Antioquia. Estado Del Arte 1960 - 2003,Colombia,2005,9583369845,Funlam,OLGA LUCIA ARBOLEDA ALVAREZ,170
GESNE,Libros publicados,Libro resultado de investigación,Racionalidad De Prácticas D Eeconomía Solidaria En Medellín En Las Últimas Tres Décadas Del Siglo Xx,Colombia,2004,9589730388,Funlam,"OLGA LUCIA ARBOLEDA ALVAREZ, LUZ DOLLY LOPERA GARCIA",171
GESNE,Libros publicados,Libro resultado de investigación,Investigación estadística y jurídica de los organismos cooperativos con actividad financiera en el departamento de Antioquia,Colombia,2002,,Confecoop Antioquia,HERNANDO EMILIO ZABALA SALAZAR,172
GESNE,Libros publicados,Libro resultado de investigación,Descripción y análisis de variables de economia solidaria en Antioquia: visión de coyuntura,Colombia,2001,96832-4-X,Fundación Universitaria Luis Amigó,LUZ DOLLY LOPERA GARCIA,173
GESNE,Libros publicados,Libro resultado de investigación,Historia de las practicas solidarias en Antioquia 1850-1930,Colombia,1995,,Coomunicipios- Funlam,"OLGA LUCIA ARBOLEDA ALVAREZ, ANTONIO MARIN",174
GORAS,Libros publicados,Libro resultado de investigación,Factores para el diseño de políticas de salario emocional,Colombia,2021,978-958-8943-64-0,Fondo editorial Universidad Católica Luis Amigó,"JUAN DIEGO BETANCUR ARIAS, LUIS FERNANDO QUINTERO ARANGO",175
GORAS,Libros publicados,Libro resultado de investigación,Fundamentación de un Modelo de Gestión del Conocimiento para la Universidad Católica Luis Amigó,Colombia,2018,978-958-8943-41-1,Fondo Editorial Universidad Católica Luis Amigó,"JOSE ANTONIO LOPEZ GIRALDO, JAIME ALBERTO BELTRAN RIOS",176
GORAS,Libros publicados,Libro resultado de investigación,Utilidad de la Aplicación de la Gerencia del Valor en las Empresas Sociales del Estado (E.S.E.) del Área Metropolitana de Medellín: Caso Hospital Venancio Díaz Díaz y Hospital Marco Fidel Suárez,Colombia,2017,978-958-56260-7-2,Fondo Editorial Fundacion Universitaria Luis Amigo,"JORGE IVAN JIMENEZ SANCHEZ, FARLEY SARY ROJAS RESTREPO, DIEGO ALEJANDRO RAMIREZ TAPIAS",177
GORAS,Libros publicados,Libro resultado de investigación,Organización Y Conocimiento,Colombia,2011,978-958-8399-45-4,Fondo Editorial Funlam,CARLOS ANDRES ARISTIZABAL BOTERO,178
GORAS,Libros publicados,Libro resultado de investigación,"Organización y Conocimiento, Editorial FUNLAM. Año 2011 ¿ ISBN 978-958-8399-45-4",Colombia,2011,ISBN 978-958-8399-4,Fondo Editorial Funlam,"MARIO LEON RESTREPO MUNERA, CARLOS ANDRES ARISTIZABAL BOTERO, CARLOS MARIO DURANGO YEPES, JOSE ENRIQUE ARIAS PEREZ",179
GORAS,Libros publicados,Libro resultado de investigación,El mercadeo social una mirada actual en empresas de servicios de la ciudad de medellín,Colombia,2009,9789588399058,Fondo Editorial Fundacion Universitaria Luis Amigo,"MARIO LEON RESTREPO MUNERA, CARLOS ANDRES ARISTIZABAL BOTERO, JOSE ENRIQUE ARIAS PEREZ",181
GORAS,Libros publicados,Libro resultado de investigación,Responsabilidad Social Y Balance Social En Organizaciones Colombianas,Colombia,2008,958-98047-9-9,Sello Editorial Universidad De Medellin,"YOMAR JAVIER SANCHEZ CAICEDO, YAQUELINE ROMAN CASTANO, JUAN GUILLERMO CORREA JARAMILLO, OSCAR MAURICIO OLARTE MEJIA",183
GORAS,Libros publicados,Libro resultado de investigación,"Responsabilidad Social, Retos Y Perspectivas",Colombia,2008,958-8348-29-3,Sello Editorial Universidad De Medellin,"CARLOS ANDRES ARISTIZABAL BOTERO, MARIO LEON RESTREPO MUNERA",184
GORAS,Libros publicados,Libro resultado de investigación,Articulacion De La Media Tecnica Con La Educacion Superior Modelo Tecnico Pedagogico,Colombia,2005,958-97991-4-0,Talleres Tecnológico de Antioquia,"CARLOS ANDRES ARISTIZABAL BOTERO, JOHN HARVEY, MARIA EDILMA SILVA MAYA, RAMIRO ANTONIO GIRALDO ESCOBAR, FABIO ALBERTO VARGAS AGUDELO, TERESA LUNA RAMIREZ, GERMAN SANCHEZ GUTIERREZ",185
JURIDICAS Y SOCIALES,Libros publicados,Libro resultado de investigación,"Formación con perspectiva de género, una tarea pendiente. El caso de los asuntos de alimentos tramitados por el Consultorio Jurídico de la Universidad de Antioquia, Medellín",Colombia,2021,978-958-8943-69-5,Fondo Editorial Fundacion Universitaria Luis Amigo,ELVIGIA CARDONA ZULETA,186
JURIDICAS Y SOCIALES,Libros publicados,Libro resultado de investigación,"Feminicidio. Poder, desigualdad, subordinación e impunidad: no más invisibilidad",Colombia,2017,978-958-8943-30-5,Fondo Editorial Funlam,RODRIGO ORLANDO OSORIO MONTOYA,187
JURIDICAS Y SOCIALES,Libros publicados,Libro resultado de investigación,Los Partidos Políticos En La Constitución De 1991,Colombia,2015,9789588399898,Fondo Editorial Funlam,PAULO BERNARDO ARBOLEDA RAMIREZ,188
JURIDICAS Y SOCIALES,Libros publicados,Libro resultado de investigación,Ambiente Sano Y Vivienda Digna ¿Derechos Confrontados En Medellín?,Colombia,2012,978-958-8399-55-3,Fondo Editorial Funlam,"JORGE EDUARDO VASQUEZ SANTAMARIA, MARIA VICTORIA SANTANA  LONDONO",189
JURIDICAS Y SOCIALES,Libros publicados,Libro resultado de investigación,Aplicabilidad De Las Disposiciones Normativas Del Derecho Urbano En Relación Con El Espacio Y El Territorio En Colombia 2000 - 2007,Colombia,2011,978-958-8399-40-9,Fondo Editorial Fundacion Universitaria Luis Amigo,JORGE EDUARDO VASQUEZ SANTAMARIA,190
JURIDICAS Y SOCIALES,Libros publicados,Libro resultado de investigación,Memorias I Foro Internacional Derecho E Interés Público,Colombia,2009,978-958-8399-09-6,Fondo Editorial Fundacion Universitaria Luis Amigo,"JORGE EDUARDO VASQUEZ SANTAMARIA, ANA MARIA MESA ELNESER, LUCAS CORREA MONTOYA, ACENETH SERNA  RAMIREZ, FRANCISCO JAVIER VASQUEZ VASQUEZ, MARIO ALFONSO ALVAREZ MONTOYA",191
SISCO,Libros publicados,Libro resultado de investigación,Estrategias de mediación tecnológica para promover el aprendizaje autónomo de los estudiantes universitarios,Colombia,2019,978-958-8943-45-9,Fondo Editorial Luis Amigó,MARIO ALEJANDRO LOPEZ OCAMPO,192
SISCO,Libros publicados,Libro resultado de investigación,Ecuaciones Lineal Y Cuadrática,Colombia,2012,978-958-8399-53-9,Fondo Editorial Funlam,GABRIEL JAIME POSADA HERNANDEZ,194
SISCO,Libros publicados,Libro resultado de investigación,Potenciación Y Radicación,Colombia,2012,978-958-8399-56-0,Fondo Editorial Funlam,MAURICIO LOPEZ BONILLA,195
