grupo,categoria,tipo_producto,titulo,Pais,ano,sitio_web,medio_divulgacion,institucion,autores
CONTAS,Participación en comités de evaluación,Otra,Divergencias en el hecho generador del impuesto a la publicidad exterior visual en los municipios del oriente antioqueño¿,Colombia,2019,,Papel,UNIVERSIDAD CATOLICA LUIS AMIGO,CANDY LORENA CHAMORRO GONZALEZ
CONTAS,Participación en comités de evaluación,Otra,Análisis de la reglamentación del impuesto sobre el servicio de alumbrado público en los municipios del Oriente Antioqueño,Colombia,2019,,Papel,UNIVERSIDAD CATOLICA LUIS AMIGO,CANDY LORENA CHAMORRO GONZALEZ
CONTAS,Participación en comités de evaluación,Otra,Evaluación de Ponencias presentadas al Cuarto Encuentro Nacional de Semilleros de Investigación Contable ENSIC. 4.0,Colombia,2018,,Otro,Universidad La Gran Colombia - Sede Bogotá,LILIAM BETANCUR JARAMILLO
CONTAS,Participación en comités de evaluación,Otra,Evaluaciòn de ponencias presentadas al 1er Encuentro de Investigaciòn y Proyecciòn Social de Contaduría Pública - Centro Regional Girardot,Colombia,2017,,Otro,CORPORACIÓN UNIVERSITARIA MINUTO DE DIOS - UNIMINUTO,LILIAM BETANCUR JARAMILLO
CONTAS,Participación en comités de evaluación,Otra,Comité científico evaluador de ponencias presentadas al X Congreso Iberoamericano de Contabilidad de Gestión,España,2016,http://www.uv.es/conadmon2016/inicio.html,Otro,Universitat De Valencia,LILIAM BETANCUR JARAMILLO
CONTAS,Participación en comités de evaluación,Concurso docente,"Jurado Evaluador en el marco del Concurso Docente Público de Méritos 2015: perfil CON3 (Aseguramiento, Auditoria Financiera, NIAs)",Colombia,2016,,Varios,UNIVERSIDAD DEL ATLÁNTICO,LILIAM BETANCUR JARAMILLO
CONTAS,Participación en comités de evaluación,Concurso docente,Jurado Evaluador en el marco del Concurso Docente Público de Méritos 2015: perfil CON6 (Teoría e Investigación Contable y Contabilidad General),Colombia,2016,,Varios,UNIVERSIDAD DEL ATLÁNTICO,LILIAM BETANCUR JARAMILLO
CONTAS,Participación en comités de evaluación,Otra,Evaluación de ponencias presentadas al XXI Congreso Regional del Norte de Estudiantes de Ciencias Contables de Financieras Chachapoyas - Perú,Perú,2014,,CD-ROM/DVD,UNIVERSIDAD CATOLICA LUIS AMIGO,LILIAM BETANCUR JARAMILLO
CONTAS,Participación en comités de evaluación,Otra,Evaluación de Ponencias presentadas al área organizativa del XXIV Congreso Nacional de Estudiantes de Contaduría Pública - Fenecop / Medellín - Colombia,Colombia,2013,http://www.fenecop.org/,Papel,federacion nacional de estudiantes de contaducría pública-FENECOP,LILIAM BETANCUR JARAMILLO
CONTAS,Participación en comités de evaluación,Otra,Jurado Técnico de XXIV Congreso Nacional de Estudiantes de Contaduría Pública,Colombia,2013,http://www.fenecop.org/documentos/viewdownload/6-ponencias-de-los-congresos/45-cnecp-xxiv-2013,Papel,POLITÉCNICO COLOMBIANO JAIME ISAZA CADAVID,ELKIN HORACIO QUIROS LIZARAZO
CONTAS,Participación en comités de evaluación,Otra,Jurado Técnico XX Congreso Nacional de Estudiantes de Contaduría Pública,Colombia,2008,,Papel,UNIVERSIDAD DEL VALLE,ELKIN HORACIO QUIROS LIZARAZO
CONTAS,Participación en comités de evaluación,Otra,Jurado Técnico XVII Congreso Nacional de Estudiantes de Contaduría Pública,Colombia,2003,,Papel,UNIVERSIDAD DEL CAUCA,ELKIN HORACIO QUIROS LIZARAZO
FILOSOFIA Y TEOLOGIA CRITICA,Participación en comités de evaluación,Otra,XVII Jornadas de Reflexión Filosófica,Colombia,2019,,Varios,UNIVERSIDAD CATOLICA LUIS AMIGO,PALOMA MARIN ESCOBAR
FILOSOFIA Y TEOLOGIA CRITICA,Participación en comités de evaluación,Otra,Olimpiadas de Filosofía,Colombia,2019,,Varios,UNIVERSIDAD SAN IGNACIO DE LOYOLA,PALOMA MARIN ESCOBAR
FILOSOFIA Y TEOLOGIA CRITICA,Participación en comités de evaluación,Otra,Jurado en la XII Olimpiadas de Filosofía,Colombia,2017,http://olimpiadasdefil.wixsite.com/colsanignacio,Otro,Colegio San Ignacio De Loyola,DAVID ESTEBAN ZULUAGA MESA
FILOSOFIA Y TEOLOGIA CRITICA,Participación en comités de evaluación,Otra,II Congreso Internacional de Estudiantes de Filosofía,Colombia,2014,,Papel,UNIVERSIDAD DE ANTIOQUIA,PALOMA MARIN ESCOBAR
FILOSOFIA Y TEOLOGIA CRITICA,Participación en comités de evaluación,Otra,Descripción de niveles de desempeño Saber Pro,Colombia,2013,,Otro,Instituto Colombiano para la Evaluación de la Educación,DAVID ESTEBAN ZULUAGA MESA
FILOSOFIA Y TEOLOGIA CRITICA,Participación en comités de evaluación,Acreditación de programas,Coordinadora del proceso de autoevaluación del Programa de Teología -SNIES 11070 con fines de acreditación.,Colombia,2009,,Otro,UNIVERSIDAD CATOLICA LUIS AMIGO,JANNETH MUNOZ RENDON
FILOSOFIA Y TEOLOGIA CRITICA,Participación en comités de evaluación,Evaluación de cursos,"Evaluación de propuestas de formación. ¿El docente facilitador de las competencias religiosas""",Colombia,2008,,Internet,,JANNETH MUNOZ RENDON
URBANITAS,Participación en comités de evaluación,Otra,Identificar la precepción de los ciudadanos de la ciudad de Medellín frente a las campañas de publicidad social en la movilidad vial,Colombia,2019,,Otro,UNIVERSIDAD CATOLICA LUIS AMIGO,JUAN DIEGO LOPEZ MEDINA
URBANITAS,Participación en comités de evaluación,Otra,Trabajos de grado del curso Teorías Cognitivas y del Aprendizaje,Colombia,2019,,Otro,,MARIA CECILIA GONZALEZ CALLEJAS
URBANITAS,Participación en comités de evaluación,Otra,"Jurado Proyectos de investigación Semilleros de investigación, en el marco del Encuentro Nacional de Investigación XVIII",Colombia,2015,,Varios,UNIVERSIDAD CATOLICA LUIS AMIGO,RAFAEL VARGAS CANO
URBANITAS,Participación en comités de evaluación,Otra,"Jurado Proyectos de investigación Semilleros de investigación, en el marco del Encuentro Nacional de Investigación",Colombia,2012,http://www.funlam.edu.co/modules/centroinvestigaciones/category.php?categoryid=23,Papel,UNIVERSIDAD CATOLICA LUIS AMIGO,RAFAEL VARGAS CANO
URBANITAS,Participación en comités de evaluación,Otra,Evaluadora del concurso Medellín la más Educada (Versión 2011),Colombia,2011,,Internet,,NELIDA MARIA MONTOYA RAMIREZ
FARMACODEPENDENCIA Y OTRAS ADICCIONES,Participación en comités de evaluación,Profesor titular,Qué y cómo se enseña y aprende en la familia. Un asunto de interés para la escuela.,Colombia,2020,http://190.15.17.25/latinoamericana/downloads/Latinoamericana14(2)_7.pdf,Internet,UNIVERSIDAD DE CALDAS,ALEXANDER RODRIGUEZ BUSTAMANTE
FARMACODEPENDENCIA Y OTRAS ADICCIONES,Participación en comités de evaluación,Profesor titular,Escuelas familiares. Una experiencia favorecedora para el desarrollo humano.,Colombia,2020,https://revistas.um.es/reifop/article/view/390161,Internet,UNIVERSIDAD DE CALDAS,ALEXANDER RODRIGUEZ BUSTAMANTE
FARMACODEPENDENCIA Y OTRAS ADICCIONES,Participación en comités de evaluación,Otra,FOBIA SOCIAL Y TERAPIA COGNITIVA: UN ESTUDIO DE CASO BASADO EN LA EVIDENCIA,Colombia,2018,,Papel,UNIVERSIDAD DE ANTIOQUIA,LEIDY TATIANA CASTANEDA QUIRAMA
FARMACODEPENDENCIA Y OTRAS ADICCIONES,Participación en comités de evaluación,Profesor titular,¿Respuesta Internacional frente a las drogas: Entre la Represión y la Salud Pública - 29 de octubre de 2010,Colombia,2013,,Papel,UNIVERSIDAD DE ANTIOQUIA,GUILLERMO ALONSO CASTANO PEREZ
FARMACODEPENDENCIA Y OTRAS ADICCIONES,Participación en comités de evaluación,Concurso docente,Respuesta Internacional frente a las Drogas: Entre la Represin y la Salud Publica,Colombia,2013,,Papel,UNIVERSIDAD DE ANTIOQUIA,GUILLERMO ALONSO CASTANO PEREZ
CALIDAD DE VIDA,Participación en comités de evaluación,Otra,Informes finales de los trabajos de investigación,Venezuela,2019,https://www.urbe.edu/estudios/postgrado/postdoctorado/post-estado.html,Internet,URBE,PAULJAVIER BEDOYA PASTRANA
CALIDAD DE VIDA,Participación en comités de evaluación,Otra,"Jornada de Socialización de los Informes finales de los trabajos de investigación postdoctorado: Estado, Políticas públicas y Paz social de la Universidad privada Dr. Rafael Belloso Chacin",Venezuela,2019,,Internet,Universidad Dr. Rafael Belloso Chacín,"MIGUEL EDUARDO NEGRON FUENMAYOR, HUBER YECID CASTRO ESCOBAR"
CALIDAD DE VIDA,Participación en comités de evaluación,Otra,LAS PAUTAS DE CRIANZA: EL SENTIDO DE LAS MADRES COMUNITARIAS DEL CORREGIMIENTO DE MOCONDINO,Colombia,2018,http://vip.ucaldas.edu.co/eleuthera/index.php/78-presentacion/22-presentacion,Internet,UNIVERSIDAD DE CALDAS,VICTOR TERAN REALES
CALIDAD DE VIDA,Participación en comités de evaluación,Otra,Evaluación tesis de especialización para optar el titulo de Especialista en Gestión Educativa,Colombia,2017,,Varios,UNIVERSIDAD CATOLICA LUIS AMIGO,ARGEMIRO JOSE AMAYA BUELVAS
CALIDAD DE VIDA,Participación en comités de evaluación,Otra,Educación Etica y Valores,Colombia,2015,,Papel,,MERY RAQUEL CARDONA OVIEDO
CALIDAD DE VIDA,Participación en comités de evaluación,Otra,"Costumbres ancestrales. I.E. Las Delicias, Tierralta Depto de Córdoba.",Colombia,2013,,Papel,,MERY RAQUEL CARDONA OVIEDO
CALIDAD DE VIDA,Participación en comités de evaluación,Otra,"Soy bioamigable. I.E. Dolores Garrido de Gonzalez,Cereté, Depto de Cordoba.",Colombia,2013,,Papel,,MERY RAQUEL CARDONA OVIEDO
CALIDAD DE VIDA,Participación en comités de evaluación,Otra,"De que manera minimizar los efectos de la erosión I.E.Catalina Gulfo,Valencia,Depto de Cordoba",Colombia,2013,,Papel,,MERY RAQUEL CARDONA OVIEDO
CALIDAD DE VIDA,Participación en comités de evaluación,Otra,"Serpientes del corregimiento de San Rafael del Pirú,Valencia Cordoba y las comunidades humanas",Colombia,2013,,Papel,,MERY RAQUEL CARDONA OVIEDO
CALIDAD DE VIDA,Participación en comités de evaluación,Otra,"Como elaboramos productos medicinales a partir de las frutas. I.E. José Maria Carbonell. Valencia, Depto de Córdoba",Colombia,2013,,Papel,,MERY RAQUEL CARDONA OVIEDO
CALIDAD DE VIDA,Participación en comités de evaluación,Otra,"Fortalecimiento de la conciencia ambiental. I.E. Jose Maria Carbonell.Valencia, Depto de Cordoba",Colombia,2013,,Papel,,MERY RAQUEL CARDONA OVIEDO
CALIDAD DE VIDA,Participación en comités de evaluación,Otra,Manualidades en Fomi. Artística. I.E. Obdulio Mayo Scarpeta,Colombia,2013,,Papel,,MERY RAQUEL CARDONA OVIEDO
CALIDAD DE VIDA,Participación en comités de evaluación,Otra,Plantas Medicinales Ciencias Naturales 5B.1A.4a.I.E Obdulio Mayo Scarpeta,Colombia,2013,,Papel,,MERY RAQUEL CARDONA OVIEDO
CALIDAD DE VIDA,Participación en comités de evaluación,Otra,Psicología social comunitaria. Teatro. I.E. Jose Bernal.Medellin,Colombia,2013,,Papel,,MERY RAQUEL CARDONA OVIEDO
CALIDAD DE VIDA,Participación en comités de evaluación,Otra,Manualidades. Estetica.I.E.Obdulio Mayo Scarpeta,Colombia,2013,,Papel,,MERY RAQUEL CARDONA OVIEDO
CALIDAD DE VIDA,Participación en comités de evaluación,Otra,Estudio descriptivo de las funciones ejecutivas en niños y niñas escolarizados entre 7-11 años.Universidad de la Costa.,Colombia,2013,,Papel,,MERY RAQUEL CARDONA OVIEDO
CALIDAD DE VIDA,Participación en comités de evaluación,Profesor titular,Representaciones sociales del duelo y estrategias de afrontamiento utilizadas por adolescentes escolarizados. FUNLAM,Colombia,2013,www. funlam edu.co,Papel,,MERY RAQUEL CARDONA OVIEDO
CALIDAD DE VIDA,Participación en comités de evaluación,Otra,"La intervención psicosocial desde el teatro, una herramienta para la promoción de la partición juvenil. InstitutoUniversitario de EnvigDO",Colombia,2013,,Papel,,MERY RAQUEL CARDONA OVIEDO
CALIDAD DE VIDA,Participación en comités de evaluación,Otra,Conecuencias en el psiquismo de padres de familia de Montería tras tras el abuso sexual de sus hijo. Unisinu s,Colombia,2013,,Papel,,MERY RAQUEL CARDONA OVIEDO
CALIDAD DE VIDA,Participación en comités de evaluación,Otra,Bulling (Matoneo) es inaceptable. Prevención de posibles casos de bulling en estudiantes Colegio Parroquial El Carmelo de Valledupar,Colombia,2013,,Papel,,MERY RAQUEL CARDONA OVIEDO
CALIDAD DE VIDA,Participación en comités de evaluación,Otra,Dinámica y efectos de las emociones en situación de desplazamiento por el conflicto armando. Surcolombiana,Colombia,2013,,Papel,,MERY RAQUEL CARDONA OVIEDO
CALIDAD DE VIDA,Participación en comités de evaluación,Otra,Y? que hay de tras del estudiante peleador? estudio de caso sobre los jóvenes Bully. Corporación Universitaria Lassalista Medellin.,Colombia,2013,,Papel,,MERY RAQUEL CARDONA OVIEDO
CALIDAD DE VIDA,Participación en comités de evaluación,Otra,Análisis diferencial de los indicadores Psicometricos de la Escala Multidimensional de Trastornos. Universidad de la Costa. Atlántico.,Colombia,2013,,Papel,,MERY RAQUEL CARDONA OVIEDO
CALIDAD DE VIDA,Participación en comités de evaluación,Otra,"Caracterización biofisica y cultural de la Cuchilla de Cispatá, grado 7 liceo Politécnico del Sinú",Colombia,2013,,Papel,,MERY RAQUEL CARDONA OVIEDO
CALIDAD DE VIDA,Participación en comités de evaluación,Otra,Ciencias Sociales para Básica Primaria 5,Colombia,2013,,Papel,,MERY RAQUEL CARDONA OVIEDO
CALIDAD DE VIDA,Participación en comités de evaluación,Profesor titular,XVI ENCUENTRO NACIONAL DE INVESTIGACION,Colombia,2013,,Papel,UNIVERSIDAD CATOLICA LUIS AMIGO,MARIA CLAUDIA DIAZ SOTOMAYOR
CALIDAD DE VIDA,Participación en comités de evaluación,Otra,Puerto Escondido un contexto histórico para desarrollar la cátedra de estudios afrocolombiana.,Colombia,2013,,Papel,Secreataria De Educación Departamental,MERY RAQUEL CARDONA OVIEDO
CALIDAD DE VIDA,Participación en comités de evaluación,Otra,XVI ENCUENTRO NACIONAL Y X INTERNACIONAL DE SEMILLEROS DE INVESTIGACIÓN- RED COLSI,Colombia,2013,,Internet,UNIVERSIDAD DE CORDOBA,LACIDES DE JESUS CANAVERA GUZMAN
CALIDAD DE VIDA,Participación en comités de evaluación,Otra,Proyecto Ambiental Escolar Institución Educativa Vicente Diaz,Colombia,2013,,Papel,,MERY RAQUEL CARDONA OVIEDO
CALIDAD DE VIDA,Participación en comités de evaluación,Otra,Invitación a la revisión de la historia del Bajo Sinú,Colombia,2013,,Papel,Secreataria De Educación Departamental,MERY RAQUEL CARDONA OVIEDO
CALIDAD DE VIDA,Participación en comités de evaluación,Evaluación de cursos,EL IMPACTO DE LA INVESTIGACIÓN Y EVALUACIÓN FORMATIVA EN LA GESTIÓN Y CONSTRUCCIÓN DE CONOCIMIENTO,Colombia,2013,,Papel,,LUZ BRUNAL DE PETRO
CALIDAD DE VIDA,Participación en comités de evaluación,Profesor titular,XIII ENCUENTRO NACIONAL Y VII INTERNACIONAL DE SEMILLEROS DE INVESTIGACION RED COLSI,Colombia,2013,,Internet,UNIVERSIDAD COOPERATIVA DE COLOMBIA,LACIDES DE JESUS CANAVERA GUZMAN
CALIDAD DE VIDA,Participación en comités de evaluación,Otra,Propuesta de investigación. El Deporte y la recreación en la formación integral de los estudiantes de la Universidad del Sinu.,Colombia,2013,,Papel,,MERY RAQUEL CARDONA OVIEDO
CALIDAD DE VIDA,Participación en comités de evaluación,Profesor titular,VIII ENCUENTRO DEPARTAMENTAL DE SEMILLEROS DE INVESTIGACION - EDESI 2013,Colombia,2013,,Papel,UNIVERSIDAD COOPERATIVA DE COLOMBIA,MARIA CLAUDIA DIAZ SOTOMAYOR
CALIDAD DE VIDA,Participación en comités de evaluación,Evaluación de cursos,VIII ENCUENTRO DEPARTAMENTAL DE SEMILLEROS DE INVESTIGACION-EDESI-2013,Colombia,2013,,Papel,UNIVERSIDAD CATOLICA LUIS AMIGO,LUZ BRUNAL DE PETRO
CALIDAD DE VIDA,Participación en comités de evaluación,Otra,obra para ascenso al Escalafón Docente.Educacion Ética y valores para básica primaria,Colombia,2013,,Papel,UNIVERSIDAD CATOLICA LUIS AMIGO,MERY RAQUEL CARDONA OVIEDO
CALIDAD DE VIDA,Participación en comités de evaluación,Evaluación de cursos,PRIMERA FERIA DEL EMPRENDIMIENTO JUVENIL,Colombia,2012,,Papel,COLEGIO NACIONAL JOSÉ MARÍA CORDOBA,LACIDES DE JESUS CANAVERA GUZMAN
CALIDAD DE VIDA,Participación en comités de evaluación,Otra,Primer Foro Municipal de Experiencias Significativas,Colombia,2012,,Papel,Alcaldía De Montería,MERY RAQUEL CARDONA OVIEDO
CALIDAD DE VIDA,Participación en comités de evaluación,Profesor titular,PARTICIPACION EN LA COORDINACIÒN DEL PROYECTO DE CERO A SIEMPRE GOBERNACION DE CÒRDOBA,Colombia,2012,,Papel,,REINALDO VALENTIN GONZALEZ GONZALEZ
CALIDAD DE VIDA,Participación en comités de evaluación,Profesor titular,PARTICIPACION EN EL PRIMER CONGRESO DE NEURO CIENCIA CORDOBA NOV:2012,Colombia,2012,,Internet,,REINALDO VALENTIN GONZALEZ GONZALEZ
CALIDAD DE VIDA,Participación en comités de evaluación,Profesor titular,REFLEXIONES PEDAGÓGICAS EN EL AULA. Entre avatares y afanes. Luces en un camino didáctico,Colombia,2012,,Papel,UNIVERSIDAD DEL ATLÁNTICO,VICTOR TERAN REALES
CALIDAD DE VIDA,Participación en comités de evaluación,Evaluación de cursos,HERRAMIENTAS DE AUTOR BASADAS EN EL MODELO OCW Vs HERRAMIENTAS DE AUTOR BASADAS EN EL MODELO OCW +,Colombia,2012,,Papel,,LUZ BRUNAL DE PETRO
CALIDAD DE VIDA,Participación en comités de evaluación,Evaluación de cursos,EL REPORTERO,Colombia,2012,,Papel,,LUZ BRUNAL DE PETRO
CALIDAD DE VIDA,Participación en comités de evaluación,Evaluación de cursos,AMBIENTE VIRTUAL DE APRENDIZAJE EN LA COMPRENSIÓN USO Y APLICACION RACIONAL DE LA TECNOLOGIA QUE DESARROLLE COMPETENCAS EN ROBOTICA EDUCATIVA EN EL GRADO 10 DE LA I.E JOSE MARIA CÓRDOBA,Colombia,2012,,Papel,,LUZ BRUNAL DE PETRO
CALIDAD DE VIDA,Participación en comités de evaluación,Evaluación de cursos,MACROPROYECTO -DESARROLLO DE HABILIDADES PARA APLICAR FUNCIONES COGNITIVAS EN LA RESOLUCIÓN DE TAREAS ESCOLARES MEDIADAS POR RECURSOS AUDIOVISUALES EN NIÑOS DE PREESCOLAR,Colombia,2012,,Papel,,LUZ BRUNAL DE PETRO
CALIDAD DE VIDA,Participación en comités de evaluación,Evaluación de cursos,SELECCION DISEÑO E INTEGRACION DE OBJETOS DIGITALES Y ENTORNOS VIRTUALES EN EL DESARROLLO DE PROCESOS,Colombia,2012,,Papel,,LUZ BRUNAL DE PETRO
CALIDAD DE VIDA,Participación en comités de evaluación,Evaluación de cursos,LA FOTOGRAIA COMO HERRAIENTA DE MEDICION PARA DESARROLLAR EL PENSAMIENTO CRITICO EN NIÑOS DE 8-10 AÑOS DE LA I.E RANCHO GRANDE,Colombia,2012,,Papel,,LUZ BRUNAL DE PETRO
CALIDAD DE VIDA,Participación en comités de evaluación,Evaluación de cursos,AMBIENTE VIRTUAL DE APRENDIZAJE BASADO EN UN SISTEMA DE COMPETENCIAS PARA LA INSERCIÓN A LA ROBÓTICA EDUCATIVA,Colombia,2012,,Papel,,LUZ BRUNAL DE PETRO
CALIDAD DE VIDA,Participación en comités de evaluación,Evaluación de cursos,ESTRATEGIAS DIDÁCTICAS PARA LA ASIMILACIÓN DE TEORIAS MATEMATICAS EN EL DEPORTE ESCOLAR,Colombia,2012,,Papel,UNIVERSIDAD CATOLICA LUIS AMIGO,LUZ BRUNAL DE PETRO
CALIDAD DE VIDA,Participación en comités de evaluación,Profesor titular,. Evaluador del libro tituladoJueguemos con las ciencias de la autora:Alexandra Berastigue Soto,Colombia,2012,,Papel,UNIVERSIDAD CATOLICA LUIS AMIGO,REINALDO VALENTIN GONZALEZ GONZALEZ
CALIDAD DE VIDA,Participación en comités de evaluación,Otra,"Soy Científico, Soy Cientíica Natural 5.",Colombia,2012,,Papel,,MERY RAQUEL CARDONA OVIEDO
CALIDAD DE VIDA,Participación en comités de evaluación,Otra,Nichos. Ciencias Naturales para Educación Básica,Colombia,2012,,Papel,Secreataria De Educación Departamental,MERY RAQUEL CARDONA OVIEDO
CALIDAD DE VIDA,Participación en comités de evaluación,Otra,"Evaluacion de libros . titulado:La Luidica, en el Proceso comunicativo de la autora:Mariela Fanny Puello, Alcacer.",Colombia,2012,,Papel,UNIVERSIDAD CATOLICA LUIS AMIGO,REINALDO VALENTIN GONZALEZ GONZALEZ
CALIDAD DE VIDA,Participación en comités de evaluación,Otra,Escuela de Valores,Colombia,2012,www funlam@edu.co,Papel,,MERY RAQUEL CARDONA OVIEDO
CALIDAD DE VIDA,Participación en comités de evaluación,Profesor titular,participacionn en evento cientifico NODO CORDOBA,Colombia,2012,,Papel,UNIVERSIDAD CATOLICA LUIS AMIGO,REINALDO VALENTIN GONZALEZ GONZALEZ
CALIDAD DE VIDA,Participación en comités de evaluación,Evaluación de cursos,ENCUENTRO NACIONAL DE SEMILLEROS DE INVESTIGACION . RED COLSI,Colombia,2011,,Internet,CORPORACIÓN UNIVERSITARIA DEL CARIBE - CECAR,LACIDES DE JESUS CANAVERA GUZMAN
CALIDAD DE VIDA,Participación en comités de evaluación,Otra,"Obra,ascenso escalafon docente nacional. ""Ser Social""",Colombia,2010,,Papel,UNIVERSIDAD CATOLICA LUIS AMIGO,MERY RAQUEL CARDONA OVIEDO
CALIDAD DE VIDA,Participación en comités de evaluación,Otra,Proyecto Situaciòn del conflicto armado en Colombia y alternativas de soluciòn.,Colombia,2010,,Papel,Alcaldía De Montería,MERY RAQUEL CARDONA OVIEDO
CALIDAD DE VIDA,Participación en comités de evaluación,Otra,APRENDO JUGANDO ASPECTOS RELACIONADOS CON LA CULTURA AMERICANA,Colombia,2010,,Papel,Antonia Santos,LUZ BRUNAL DE PETRO
CALIDAD DE VIDA,Participación en comités de evaluación,Otra,LA EXPRESION ESCRITA COMO ASPECTO FUNDAMENTAL DE LAS COMPETENCIAS,Colombia,2010,,Papel,LICEO MONTERIA S.A.S.,LUZ BRUNAL DE PETRO
CALIDAD DE VIDA,Participación en comités de evaluación,Otra,Construccion de un Diccionario de Americanismos,Colombia,2010,,Papel,Camilo Torres,LUZ BRUNAL DE PETRO
CALIDAD DE VIDA,Participación en comités de evaluación,Otra,LA ECOLITERATURA:REALIDAD Y SENTIMIENTO,Colombia,2010,,Papel,ANTONIO NARIÑO,LUZ BRUNAL DE PETRO
CALIDAD DE VIDA,Participación en comités de evaluación,Otra,Proyecto Ondas Memoria Històrica del Barrio Alfonso Lòpez,Colombia,2010,,Papel,Alcaldía De Montería,MERY RAQUEL CARDONA OVIEDO
CALIDAD DE VIDA,Participación en comités de evaluación,Otra,"Influencia del ingreso econòmico de las unidades familiares del Barrio Colina Real en el rendimiento acadèmico de los estudiantes de la I.E. Robinson Pitalùa, sede Laureano Mestra.",Colombia,2010,,Papel,Alcaldía De Montería,MERY RAQUEL CARDONA OVIEDO
CALIDAD DE VIDA,Participación en comités de evaluación,Otra,Cortometraje las idas y vueltas con la gallina muerta,Colombia,2010,,Papel,Alcaldía De Montería,MERY RAQUEL CARDONA OVIEDO
CALIDAD DE VIDA,Participación en comités de evaluación,Otra,Proyecto Historia y preservaciòn de la cultura regional en Aguas Negras,Colombia,2010,,Papel,Alcaldía De Montería,MERY RAQUEL CARDONA OVIEDO
CALIDAD DE VIDA,Participación en comités de evaluación,Otra,GALERIA DE LOS SUPERHEROES Y VILLANOS DEL BICENTENARIO,Colombia,2010,,Papel,Santa Rosa de Lima,LUZ BRUNAL DE PETRO
CALIDAD DE VIDA,Participación en comités de evaluación,Otra,Proyecto Equipos e instrumentos ùtiles en el descubrimiento de Amèrica,Colombia,2010,,Papel,Alcaldía De Montería,MERY RAQUEL CARDONA OVIEDO
CALIDAD DE VIDA,Participación en comités de evaluación,Otra,Proyecto Los saberes y las tradiciones de los abuelos,Colombia,2010,,Papel,Alcaldía De Montería,MERY RAQUEL CARDONA OVIEDO
CALIDAD DE VIDA,Participación en comités de evaluación,Otra,Artìculo cientìfico : Calidad de Vida del cuidador familiar del enfermo mental diagnosticado en el Instituto Neurociencias del Caribe Santa Marta 2009,Colombia,2010,,Papel,UNIVERSIDAD DEL MAGDALENA,MERY RAQUEL CARDONA OVIEDO
CALIDAD DE VIDA,Participación en comités de evaluación,Evaluación de cursos,FISICA PARA NIÑOS Y NIÑAS.INICIACION A LA FISICA EN LA ESCUELA,Colombia,2010,,Papel,Secreataria De Educación Departamental,VICTOR TERAN REALES
CALIDAD DE VIDA,Participación en comités de evaluación,Otra,convocatorias de Maestrias en Cordoba,Colombia,2010,Universidad del Sinu.,Internet,,CLARA HELENA GENES BITAR
CALIDAD DE VIDA,Participación en comités de evaluación,Otra,Evaluaciòn propuesta proyecto:Caracterizaciòn socioespacial de la pobreza urbana de Monterìa: Un enfoque de la geografìa Social.,Colombia,2010,,Papel,,MERY RAQUEL CARDONA OVIEDO
CALIDAD DE VIDA,Participación en comités de evaluación,Otra,Redes personales y calidad de vida enmujeres victimizadas por la violencia conyugal.,Colombia,2010,,Papel,Universidad del Sinú - Elías Bechara Zainum,MERY RAQUEL CARDONA OVIEDO
CALIDAD DE VIDA,Participación en comités de evaluación,Otra,PROYECTO DE INVESTIGACION: Aventu Universidad en la U. de Còrdoba,Colombia,2010,www.funlam.edu.co,Internet,,LUZ BRUNAL DE PETRO
CALIDAD DE VIDA,Participación en comités de evaluación,Evaluación de cursos,V ENCUENTRO SEMILLEROS DE INVESTIGACION: CONTRIBUCION DEL DISEÑO CURRICULAR DE LAS ESCUELAS MONTERIANAS EN LA DIVERSIDAD CULTURAL,Colombia,2010,www.funlam.edu.co,Internet,UNIVERSIDAD CATOLICA LUIS AMIGO,LUZ BRUNAL DE PETRO
CALIDAD DE VIDA,Participación en comités de evaluación,Otra,COMITE DEPARTAMENTAL DE CIENCIA Y TECNOLOGIA DE CORDOBA,Colombia,2010,,Papel,COMITE DE CIENCIA Y TECNOLOGIA,VICTOR TERAN REALES
CALIDAD DE VIDA,Participación en comités de evaluación,Profesor titular,Revista codecyt Cordoba,Colombia,2009,,Papel,,CLARA HELENA GENES BITAR
CALIDAD DE VIDA,Participación en comités de evaluación,Otra,Miembro Comité Curricular del programa de Comunicación Social de la UTB,Colombia,2009,http://www.utb.edu.co,Papel,Universidad Tecnológica de Bolívar,MIGUEL EFREN GARCES PRETTEL
CALIDAD DE VIDA,Participación en comités de evaluación,Otra,Foro de Experiencias Significativas,Colombia,2009,,Papel,Secretaría de Educación Municipal de Sahagún - Córdoba,MARIA ELENA CASTILLO HURTADO
CALIDAD DE VIDA,Participación en comités de evaluación,Profesor titular,COMITE DE CAPACITACION DOCENTE DE SAHAGUN,Colombia,2009,,Papel,SECRETARIA DE EDUCACION SAHAGUN,VICTOR TERAN REALES
CALIDAD DE VIDA,Participación en comités de evaluación,Otra,Evaluaciòn de Poster en 1o Encuentro de Semilleros de Investigaciòn Depto de Còrdoba,Colombia,2006,Universidad de Còrdoba,,,MERY RAQUEL CARDONA OVIEDO
CALIDAD DE VIDA,Participación en comités de evaluación,Otra,"Estado actual del desarrollo humano en familias afrodescendientes residentes en los municipios de Moñitos, Puerto Econdido y San Antero, Departamento de Còrdoba . de",Colombia,2006,www.funlam. edu.co,Papel,FUNLAM,MERY RAQUEL CARDONA OVIEDO
CALIDAD DE VIDA,Participación en comités de evaluación,Otra,CONSEJO REGIONAL DE COMPETITIVIDAD DEL DPTO. DE CORDOBA,Colombia,2005,,Papel,,VICTOR TERAN REALES
CALIDAD DE VIDA,Participación en comités de evaluación,Evaluación de cursos,Inquietud infantil Sobre la Alimentación.,Colombia,2005,Universidad del Sinú.,,Universidad del Sinú - Elías Bechara Zainum,LUZ BRUNAL DE PETRO
CALIDAD DE VIDA,Participación en comités de evaluación,Otra,Evaluaciòn proyectos de investigacion Ondas,Colombia,2005,Centro de Convenciones,,,"MERY RAQUEL CARDONA OVIEDO, VICTOR TERAN REALES, ALCIDES MUNOZ PEREZ"
CALIDAD DE VIDA,Participación en comités de evaluación,Evaluación de cursos,PROYECTO DE AULA,Colombia,2005,Universidad Popular del Cesar,,Universidad del Sinú - Elías Bechara Zainum,LUZ BRUNAL DE PETRO
CALIDAD DE VIDA,Participación en comités de evaluación,Evaluación de cursos,PROYECTO DE aULA,Colombia,2005,Universidad   del SINÚ.,,Universidad del Sinú - Elías Bechara Zainum,LUZ BRUNAL DE PETRO
CALIDAD DE VIDA,Participación en comités de evaluación,Otra,CONSEJO DE POLITICA SOCIAL DEL DEPARTAMENTO,Colombia,2004,,Papel,Gobernación De Córdoba,VICTOR TERAN REALES
CALIDAD DE VIDA,Participación en comités de evaluación,Otra,comite de evaluacion de proyectos,Colombia,1999,,,,LUCILA SOTTER MERCADO
ESTUDIOS DE FENOMENOS PSICOSOCIALES,Participación en comités de evaluación,Profesor titular,Revista Colombiana de Ciencias Sociales,Colombia,2019,https://www.funlam.edu.co/revistas/index.php/RCCS/article/view/2893,Internet,UNIVERSIDAD CATOLICA LUIS AMIGO,SANDRA ISABEL MEJIA ZAPATA
ESTUDIOS DE FENOMENOS PSICOSOCIALES,Participación en comités de evaluación,Otra,Miembro Comité Editorial Revista Universidad Católica Luis Amigó,Colombia,2017,http://www.funlam.edu.co/revistas/index.php/RFunlam/index,Internet,UNIVERSIDAD CATOLICA LUIS AMIGO,SONIA NATALIA COGOLLO OSPINA
ESTUDIOS DE FENOMENOS PSICOSOCIALES,Participación en comités de evaluación,Otra,Miembro Comité Académico Funlam Journal of Students' Research,Colombia,2017,http://www.funlam.edu.co/revistas/index.php/JSR/about/editorialTeam,Internet,UNIVERSIDAD CATOLICA LUIS AMIGO,SONIA NATALIA COGOLLO OSPINA
ESTUDIOS DE FENOMENOS PSICOSOCIALES,Participación en comités de evaluación,Otra,EL TERRORISMO COMO FICCIÓN O LA NUEVA FORMA DE CONDUCIR LAS GUERRAS. DE LO VISIBLEL A LO INVISIBLE: CLAVES PARA UNA RELECTURA DEL CONFLICTO COLOMBIANO // FICCIONES SOCIALES CONTEMPORÁNEAS,Colombia,2016,,Papel,,MONICA ALZATE GARCIA
ESTUDIOS DE FENOMENOS PSICOSOCIALES,Participación en comités de evaluación,Otra,Miembro Comité Académico de Funlam Journal of Students' Research,Colombia,2016,http://www.funlam.edu.co/revistas/index.php/JSR,Internet,UNIVERSIDAD CATOLICA LUIS AMIGO,SONIA NATALIA COGOLLO OSPINA
ESTUDIOS DE FENOMENOS PSICOSOCIALES,Participación en comités de evaluación,Otra,Miembro Consejo Editorial Internacional de la revista RazónArte,Ecuador,2016,http://www.razonarte.org/directorio/,Internet,Universidad de los Hemisferios,SONIA NATALIA COGOLLO OSPINA
ESTUDIOS DE FENOMENOS PSICOSOCIALES,Participación en comités de evaluación,Profesor titular,Suicidio en Mujeres gestantes: vivencias y redes de apoyo para las familias que la sobreviven,Colombia,2015,http://aprendeenlinea.udea.edu.co/revistas/index.php/fnsp/article/view/18513/17349,Papel,Revista Facultad Nacional de Salud Pública,"NICOLASA MARIA DURAN PALACIO, MARIA VICTORIA BUILES CORREA"
ESTUDIOS DE FENOMENOS PSICOSOCIALES,Participación en comités de evaluación,Acreditación de programas,Comité curricular del programa de Psicología,Colombia,2015,,Papel,UNIVERSIDAD CATOLICA LUIS AMIGO,SONIA NATALIA COGOLLO OSPINA
ESTUDIOS DE FENOMENOS PSICOSOCIALES,Participación en comités de evaluación,Jefe de cátedra,Jefe de área Investigación y Trabajos de Grado,Colombia,2015,,Papel,UNIVERSIDAD CATOLICA LUIS AMIGO,NICOLASA MARIA DURAN PALACIO
ESTUDIOS DE FENOMENOS PSICOSOCIALES,Participación en comités de evaluación,Otra,Comité Curricular Programa de Psicología,Colombia,2015,,Papel,UNIVERSIDAD CATOLICA LUIS AMIGO,NICOLASA MARIA DURAN PALACIO
ESTUDIOS DE FENOMENOS PSICOSOCIALES,Participación en comités de evaluación,Otra,Revista Virtual Utopía. Instituto tecnológico de Antioquia,Colombia,2014,http://www.tdea.edu.co/index.php?option=com_content&view=article&id=1121:revista-utopia&catid=8:contenido&Itemid=167,Internet,TECNOLOGICO DE ANTIOQUIA INSTITUCION UNIVERSITARIA,NICOLASA MARIA DURAN PALACIO
ESTUDIOS DE FENOMENOS PSICOSOCIALES,Participación en comités de evaluación,Concurso docente,Redes del cuidado: Etica del destino compartido en las madres comunitarias Antioqueñas,Colombia,2013,,Otro,UNIVERSIDAD DE ANTIOQUIA,CARMEN PATRICIA DUQUE SIERRA
ESTUDIOS DE FENOMENOS PSICOSOCIALES,Participación en comités de evaluación,Jefe de cátedra,Línea de Investigación Problemáticas Psicosociales Contemporáneas,Colombia,2013,www.funlam.edu.co,Papel,UNIVERSIDAD CATOLICA LUIS AMIGO,NICOLASA MARIA DURAN PALACIO
ESTUDIOS DE FENOMENOS PSICOSOCIALES,Participación en comités de evaluación,Otra,Comité Maestría Intervenciones Psicosociales,Colombia,2013,,Papel,UNIVERSIDAD CATOLICA LUIS AMIGO,NICOLASA MARIA DURAN PALACIO
ESTUDIOS DE FENOMENOS PSICOSOCIALES,Participación en comités de evaluación,Jefe de cátedra,Diseño del programa de Psicología Virtual para la Funlam,Colombia,2012,,Papel,,LUIS HERNAN SALDARRIAGA RESTREPO
ESTUDIOS DE FENOMENOS PSICOSOCIALES,Participación en comités de evaluación,Otra,"Memorias del Segundo Congreso Internacional de Pedagogía Amigoniana, Valencia España 2012",España,2012,,Papel,UNIVERSIDAD CATOLICA LUIS AMIGO,JAIME ALBERTO CARMONA PARRA
ESTUDIOS DE FENOMENOS PSICOSOCIALES,Participación en comités de evaluación,Otra,Ponencias XXIII Congreso Sociedad Interamericana de Psicología Medellín 2011,Colombia,2011,,Papel,UNIVERSIDAD DE SAN BUENAVENTURA - SEDE MEDELLÍN,JAIME ALBERTO CARMONA PARRA
ESTUDIOS DE FENOMENOS PSICOSOCIALES,Participación en comités de evaluación,Concurso docente,Concurso de Méritos para selección de docentes de carrera Universidad de Antioquia,Colombia,2010,,Papel,UNIVERSIDAD DE ANTIOQUIA,JAIME ALBERTO CARMONA PARRA
ESTUDIOS DE FENOMENOS PSICOSOCIALES,Participación en comités de evaluación,Otra,"Congreso Nacional de Psicología ""Paz y Sociaeda""",Colombia,2006,,Papel,Universidad De San Buenaventura,JAIME ALBERTO CARMONA PARRA
FAMILIA DESARROLLO Y CALIDAD DE VIDA,Participación en comités de evaluación,Otra,"Jurado/comisión evaluadora de trabajos de postgrado, evaluandoo los proyectos",Colombia,2018,,Papel,UNIVERSIDAD CATOLICA LUIS AMIGO,OVIDIO HERRERA RIVERA
FAMILIA DESARROLLO Y CALIDAD DE VIDA,Participación en comités de evaluación,Evaluación de cursos,Acreditación de programas,Colombia,2018,oviherrera2001@yahoo.com,Papel,UNIVERSIDAD CATOLICA LUIS AMIGO,OVIDIO HERRERA RIVERA
FAMILIA DESARROLLO Y CALIDAD DE VIDA,Participación en comités de evaluación,Otra,XI encuentro e experiencias investigativas,Colombia,2016,,Papel,UNIVERSIDAD CATOLICA LUIS AMIGO,OVIDIO HERRERA RIVERA
FAMILIA DESARROLLO Y CALIDAD DE VIDA,Participación en comités de evaluación,Concurso docente,Redes del cuidado: Ética del destino compartido en las madres comunitarias antioqueñas.,Colombia,2013,http://revistalatinoamericanaumanizales.cinde.org.co/wp-content/uploads/2013/10/19-Redes-del-cuidado_a19vol112.pdf,Otro,UNIVERSIDAD DE ANTIOQUIA,ALEXANDER RODRIGUEZ BUSTAMANTE
FAMILIA DESARROLLO Y CALIDAD DE VIDA,Participación en comités de evaluación,Evaluación de cursos,"Evaluador del Premio Medellín, la más EDUCADA, 2011",Colombia,2011,http://www.medellin.gov.co/irj/portal/ciudadanos?NavigationTarget=navurl://92733e7a05ce3d951fb89e30acdb1f27,Papel,Fundacion Proantioquia,ALEXANDER RODRIGUEZ BUSTAMANTE
FAMILIA DESARROLLO Y CALIDAD DE VIDA,Participación en comités de evaluación,Otra,"Participación en Grupo Focal ""Intervención de las problemáticas socio económicas y culturales de los estudiantes de la Fundación Universitaria Luis Amigó""",Colombia,2009,www.funlam.edu.co,Papel,UNIVERSIDAD CATOLICA LUIS AMIGO,ALEXANDER RODRIGUEZ BUSTAMANTE
"EDUCACION, INFANCIA Y LENGUAS EXTRANJERAS",Participación en comités de evaluación,Otra,8° Seminario Internacional de Desarrollo Profesional de los Docentes de Lenguas Extranjeras,Colombia,2021,,Internet,UNIVERSIDAD DE ANTIOQUIA,ERIKA MARCELA RESTREPO BOLIVAR
"EDUCACION, INFANCIA Y LENGUAS EXTRANJERAS",Participación en comités de evaluación,Otra,XVII Encuentro estudiantil. Experiencias investigativas,Colombia,2020,,Internet,UNIVERSIDAD CATOLICA LUIS AMIGO,MONICA MARIA ALVAREZ GALLEGO
"EDUCACION, INFANCIA Y LENGUAS EXTRANJERAS",Participación en comités de evaluación,Acreditación de programas,Reacreditación del programa Licenciatura en Educación Infantil,Colombia,2020,,Otro,UNIVERSIDAD CATOLICA LUIS AMIGO,MONICA MARIA ALVAREZ GALLEGO
"EDUCACION, INFANCIA Y LENGUAS EXTRANJERAS",Participación en comités de evaluación,Otra,"Premio a la Calidad Educativa ""Ser mejor""",Colombia,2020,,Internet,Secretaria de Educación de Medellín,ENID DANIELA VARGAS MESA
"EDUCACION, INFANCIA Y LENGUAS EXTRANJERAS",Participación en comités de evaluación,Otra,XVI Encuentro estudiantil. Experiencias investigativas,Colombia,2020,,Internet,UNIVERSIDAD CATOLICA LUIS AMIGO,MONICA MARIA ALVAREZ GALLEGO
"EDUCACION, INFANCIA Y LENGUAS EXTRANJERAS",Participación en comités de evaluación,Otra,XV Encuentro estudiantil: Experiencias Investigativas.,Colombia,2019,,Internet,UNIVERSIDAD CATOLICA LUIS AMIGO,MONICA MARIA ALVAREZ GALLEGO
"EDUCACION, INFANCIA Y LENGUAS EXTRANJERAS",Participación en comités de evaluación,Otra,XIV Encuentro estudiantil. Experiencias investigativas,Colombia,2019,,Internet,UNIVERSIDAD CATOLICA LUIS AMIGO,MONICA MARIA ALVAREZ GALLEGO
"EDUCACION, INFANCIA Y LENGUAS EXTRANJERAS",Participación en comités de evaluación,Otra,XIII Encuentro estudiantil. Experiencias investigativas,Colombia,2018,,Internet,UNIVERSIDAD CATOLICA LUIS AMIGO,MONICA MARIA ALVAREZ GALLEGO
"EDUCACION, INFANCIA Y LENGUAS EXTRANJERAS",Participación en comités de evaluación,Otra,XIII Encuentro estudiantil de experiencias investigativas licenciatura en lenguas extranjeras con énfasis en inglés,Colombia,2018,https://drive.google.com/open?id=1rDUrK5NYtw16GHzV2XqJ7PQcNHQVifym,Papel,UNIVERSIDAD CATOLICA LUIS AMIGO,BAIRON JARAMILLO VALENCIA
"EDUCACION, INFANCIA Y LENGUAS EXTRANJERAS",Participación en comités de evaluación,Otra,XIII Encuentro estudiantil de experiencias investigativas,Colombia,2018,https://drive.google.com/open?id=1NSHkMIppyFfoil9kgSJr5W0pEl98uIRd,Papel,UNIVERSIDAD CATOLICA LUIS AMIGO,BAIRON JARAMILLO VALENCIA
"EDUCACION, INFANCIA Y LENGUAS EXTRANJERAS",Participación en comités de evaluación,Otra,II Coloquio de investigaciones de estudiantes de posgrado en educación presencial,Colombia,2018,https://drive.google.com/open?id=161aHXWApA63Tucq8DB2zGHo4pgrKnY9s,Papel,UNIVERSIDAD CATOLICA LUIS AMIGO,BAIRON JARAMILLO VALENCIA
"EDUCACION, INFANCIA Y LENGUAS EXTRANJERAS",Participación en comités de evaluación,Otra,Miembro del comité científico del congreso internacional de pedagogía amigoniana: perspectivas y desafíos en el siglo XXI,Colombia,2018,https://www.academia.edu/38448556/Congreso_Internacional_de_Pedagog%C3%ADa_Amigoniana?auto=download,Internet,UNIVERSIDAD CATOLICA LUIS AMIGO,BAIRON JARAMILLO VALENCIA
"EDUCACION, INFANCIA Y LENGUAS EXTRANJERAS",Participación en comités de evaluación,Otra,XII Encuentro Estudiantil: Experiencias Investigativas,Colombia,2018,https://drive.google.com/file/d/1_w1WeWN7FArSYRDkuwlh4Yc2nHbTbZMF/view,Papel,UNIVERSIDAD CATOLICA LUIS AMIGO,BAIRON JARAMILLO VALENCIA
"EDUCACION, INFANCIA Y LENGUAS EXTRANJERAS",Participación en comités de evaluación,Otra,XII Encuentro estudiantil de experiencias investigativas y IX de prácticas pedagógicas significativas,Colombia,2018,https://drive.google.com/open?id=1N4uHgkYOUSWxYtpo6ZQkrxR2lZ17uh11,Papel,UNIVERSIDAD CATOLICA LUIS AMIGO,BAIRON JARAMILLO VALENCIA
"EDUCACION, INFANCIA Y LENGUAS EXTRANJERAS",Participación en comités de evaluación,Otra,XII Encuentro estudiantil. Experiencias investigativas,Colombia,2018,,Internet,UNIVERSIDAD CATOLICA LUIS AMIGO,MONICA MARIA ALVAREZ GALLEGO
"EDUCACION, INFANCIA Y LENGUAS EXTRANJERAS",Participación en comités de evaluación,Otra,Retórica en el discurso del IASB como organismo regulador,Colombia,2016,http://www.funlam.edu.co/revistas/index.php/SHA,Internet,UNIVERSIDAD CATOLICA LUIS AMIGO,JOSE FEDERICO AGUDELO TORRES
"EDUCACION, INFANCIA Y LENGUAS EXTRANJERAS",Participación en comités de evaluación,Profesor titular,Evaluadora XIV Encuentro Regional de Semilleros de Investigación,Colombia,2015,www.redcolsi.org,Varios,Fundación Red Colombiana de Semilleros de Investigación RedColsi,GLORIA MARIA LOPEZ ARBOLEDA
"EDUCACION, INFANCIA Y LENGUAS EXTRANJERAS",Participación en comités de evaluación,Otra,Evaluadora XIII Encuentro Rgional de Semilleros de Investigación,Colombia,2014,www.redcolsi.org.co,Otro,Fundación Red Colombiana de Semilleros de Investigación RedColsi,GLORIA MARIA LOPEZ ARBOLEDA
"EDUCACION, INFANCIA Y LENGUAS EXTRANJERAS",Participación en comités de evaluación,Otra,Diversos artículos académicos en la revista Lámpsakos de la Facultad de Ingenierías de la Fundación Universitaria Luis Amigó,Colombia,2014,http://www.funlam.edu.co/revistas/index.php/lampsakos,Internet,UNIVERSIDAD CATOLICA LUIS AMIGO,JUAN CARLOS MONSALVE GOMEZ
"EDUCACION, INFANCIA Y LENGUAS EXTRANJERAS",Participación en comités de evaluación,Otra,Evaluadora RedColsi Oriente,Colombia,2014,www.redcolsi.org.co,Otro,Fundación Red Colombiana de Semilleros de Investigación RedColsi,GLORIA MARIA LOPEZ ARBOLEDA
"EDUCACION, INFANCIA Y LENGUAS EXTRANJERAS",Participación en comités de evaluación,Profesor titular,Evaluación para ascenso en el escalafón - Docente Edgar Picón Jácome,Colombia,2014,,Otro,UNIVERSIDAD DE ANTIOQUIA,JOSE VICENTE ABAD OLAYA
"EDUCACION, INFANCIA Y LENGUAS EXTRANJERAS",Participación en comités de evaluación,Otra,Proceso de descripción de Niveles de diseño Saber Pro,Colombia,2013,http://www.icfes.gov.co/,Papel,Instituto Colombiano para la Evaluación de la Educación,JOSE WILMAR PINO MONTOYA
"EDUCACION, INFANCIA Y LENGUAS EXTRANJERAS",Participación en comités de evaluación,Otra,EVALUACIÓN DE PONENCIAS PARA SIMPOSIO DE INFANCIA,Colombia,2013,calidad@rediberoamericanadepedagogia.com,Papel,,SONIA RUTH QUINTERO ARRUBLA
"EDUCACION, INFANCIA Y LENGUAS EXTRANJERAS",Participación en comités de evaluación,Concurso docente,Premios a la Calidad de la Educación: Maestros para la Vida 2013,Colombia,2013,/index.php/calidad-de-la-educacion/alianzas-por-la-educacion/premio-a-la-calidad-de-la-educacion,Papel,Fundacion Proantioquia,JOSE WILMAR PINO MONTOYA
"EDUCACION, INFANCIA Y LENGUAS EXTRANJERAS",Participación en comités de evaluación,Otra,Evaluadora XII Encuentro Rgional de Semilleros de Investigación,Colombia,2013,www.redcolsi.org,Papel,Fundación red colombiana de semilleros de Antioquia,GLORIA MARIA LOPEZ ARBOLEDA
"EDUCACION, INFANCIA Y LENGUAS EXTRANJERAS",Participación en comités de evaluación,Profesor titular,Evaluadora par interna de la Maestría en Estudios Psicosociales de la Fundación Universitaria Luis Amigó,Colombia,2011,,Papel,UNIVERSIDAD CATOLICA LUIS AMIGO,ANGELA MARIA RESTREPO JARAMILLO
"EDUCACION, INFANCIA Y LENGUAS EXTRANJERAS",Participación en comités de evaluación,Profesor titular,Par evaluadora interna para acreditación del programa de Psicología de la Funlam,Colombia,2010,,Papel,,ANGELA MARIA RESTREPO JARAMILLO
"EDUCACION, INFANCIA Y LENGUAS EXTRANJERAS",Participación en comités de evaluación,Profesor titular,Evaluadora Premio medellín la más Educada,Colombia,2009,http://www.proantioquia.gov,Internet,Secretaria de Educación del Municipio de Medellín,ANGELA MARIA RESTREPO JARAMILLO
"EDUCACION, INFANCIA Y LENGUAS EXTRANJERAS",Participación en comités de evaluación,Otra,Técnicas educativas de Intervención con familias. Caso de las ciudades Medellin y Pereira. Una reflexión desde la Fundación Universitaria Luis Amigó y la Universidad Catolica popular de Risaralda,Colombia,2008,,Papel,UNIVERSIDAD CATOLICA LUIS AMIGO,ADRIANA MARIA GALLEGO HENAO
"EDUCACION, INFANCIA Y LENGUAS EXTRANJERAS",Participación en comités de evaluación,Otra,Fortalezas y debilidades cognitivas en niños de 7 a 12 años de edad habitantes del barrio Villatina de la Ciudad de Medellín,Colombia,2008,,Papel,,ADRIANA MARIA GALLEGO HENAO
NEUROCIENCIAS BASICAS Y APLICADAS,Participación en comités de evaluación,Profesor titular,Miembro Consejo Editorial Fundación Universitaria Luis Amigó,Colombia,2015,,Papel,,PAULA ANDREA MONTOYA ZULUAGA
NEUROCIENCIAS BASICAS Y APLICADAS,Participación en comités de evaluación,Otra,Miembro consejo editorial - Fondo editorial Luis Amigo,Colombia,2015,,Papel,UNIVERSIDAD CATOLICA LUIS AMIGO,JUAN DIEGO BETANCUR ARIAS
NEUROCIENCIAS BASICAS Y APLICADAS,Participación en comités de evaluación,Acreditación de programas,Documento Maestro Acreditación Licenciatura en educación básica,Colombia,2011,www.tdea.edu.co,Papel,TECNOLOGICO DE ANTIOQUIA INSTITUCION UNIVERSITARIA,PAULA ANDREA MONTOYA ZULUAGA
GESNE,Participación en comités de evaluación,Acreditación de programas,Proceso de Autoevaluación con fines de Alta Calidad para el programa de Negocios Internacionales,Colombia,2020,,Papel,UNIVERSIDAD CATOLICA LUIS AMIGO,MARIA ISABEL GUERRERO MOLINA
GESNE,Participación en comités de evaluación,Otra,Comité Arbitral Nacional Revista Cuaderno de Contabilidad Volumen 21 No 52 del año 2020,Colombia,2020,,Papel,PONTIFICIA UNIVERSIDAD JAVERIANA,MARIA ISABEL GUERRERO MOLINA
GESNE,Participación en comités de evaluación,Otra,Comité Arbitral Nacional Revista Encontexto Edición 11 julio - diciembre de 2019.,Colombia,2019,http://ojs.tdea.edu.co/index.php/encontexto,Varios,TECNOLOGICO DE ANTIOQUIA INSTITUCION UNIVERSITARIA,MARIA ISABEL GUERRERO MOLINA
GESNE,Participación en comités de evaluación,Otra,Economías Globalizadas: Producción y Consumo responsables. Experiencias en América Latina,Colombia,2019,http://palma.sanmateo.edu.co/index.php/catalogo/colecciones/53-economias-globalizadas-produccion-y-consumo-responsable-en-america-latina,Internet,FUNDACION UNIVERSITARIA SAN MATEO EDUCACION SUPERIOR,MARIA ISABEL GUERRERO MOLINA
GESNE,Participación en comités de evaluación,Jefe de cátedra,coordinador área de logística,Colombia,2019,,Papel,UNIVERSIDAD CATOLICA LUIS AMIGO,CAMILO ALBERTO HIGUITA CARDENAS
GESNE,Participación en comités de evaluación,Otra,Documento Maestro Renovación Registro Calificado Programa Administración de Empresas Distancia Universidad Católica Luis Amigó,Colombia,2018,www.funlam.edu.co,Papel,UNIVERSIDAD CATOLICA LUIS AMIGO,MARTHA DEL SOCORRO ALZATE CARDENAS
GESNE,Participación en comités de evaluación,Acreditación de programas,Renovación de Registro Calificado,Colombia,2018,,Papel,UNIVERSIDAD CATOLICA LUIS AMIGO,"NELSON DARIO CAICEDO RESTREPO, MARIA ISABEL GUERRERO MOLINA, NELSON MARIN LATORRE ARIAS, CARLOS EDUARDO SAENZ CASTILLO"
GESNE,Participación en comités de evaluación,Acreditación de programas,Renovación de Registro Calificado,Colombia,2018,,Otro,UNIVERSIDAD CATOLICA LUIS AMIGO,"NELSON DARIO CAICEDO RESTREPO, NELSON MARIN LATORRE ARIAS, MARIA ISABEL GUERRERO MOLINA"
GESNE,Participación en comités de evaluación,Acreditación de programas,Documento Maestro Autoevaluación con fines de Acreditaicón Programa Administración de Empresas Presencial Universidad Católica luis Amigó,Colombia,2018,www.funlam.edu.co,Papel,UNIVERSIDAD CATOLICA LUIS AMIGO,"OLGA LUCIA ARBOLEDA ALVAREZ, MARTHA DEL SOCORRO ALZATE CARDENAS"
GESNE,Participación en comités de evaluación,Acreditación de programas,Renovación de Registro Calificado,Colombia,2018,,Papel,UNIVERSIDAD CATOLICA LUIS AMIGO,"NELSON MARIN LATORRE ARIAS, NELSON DARIO CAICEDO RESTREPO, MARIA ISABEL GUERRERO MOLINA, CARLOS EDUARDO SAENZ CASTILLO"
GESNE,Participación en comités de evaluación,Otra,"Concurso Ideas en Grande de la Gobernacion de Antioquia, evaluador de proyectos de la linea 2 emprendimientos productivos",Colombia,2018,http://antioquia.gov.co/index.php/secretaria-de-participacion-ciudadana-y-desarrollo-social,Papel,Gobernacion de Antioquia - Secretaria de participacion Ciudadana y Desarrol,OSWALDO ANTONIO SALGADO CANAVERAL
GESNE,Participación en comités de evaluación,Otra,Documento Maestro Renovación de Registro Calificado Programa Administración de Empresas Presencial Funlam,Colombia,2017,www.funlam.edu.co,Papel,UNIVERSIDAD CATOLICA LUIS AMIGO,MARTHA DEL SOCORRO ALZATE CARDENAS
GESNE,Participación en comités de evaluación,Acreditación de programas,Autoevaluación con fines de Acreditación,Colombia,2017,www.funlam.edu.co,Papel,UNIVERSIDAD CATOLICA LUIS AMIGO,"OLGA LUCIA ARBOLEDA ALVAREZ, MARTHA DEL SOCORRO ALZATE CARDENAS"
GESNE,Participación en comités de evaluación,Acreditación de programas,Autoevaluación con fines de mejoramiento continuo,Colombia,2016,www.funlam.edu.co,Papel,UNIVERSIDAD CATOLICA LUIS AMIGO,"OLGA LUCIA ARBOLEDA ALVAREZ, MARTHA DEL SOCORRO ALZATE CARDENAS"
GESNE,Participación en comités de evaluación,Otra,La planeación estrategica como herramienta de los emprendedores,Colombia,2016,http://www.cladea2016.org/carta.html,Internet,Asociación Colombiana De Facultades De Administración,OLGA LUCIA ARBOLEDA ALVAREZ
GESNE,Participación en comités de evaluación,Otra,Perspectiva etica de vinculacion causa efecto Corrupcion confianza y economia,Colombia,2016,http://www.cladea2016.org/carta.html,Internet,CONCEJO LATINOAMERICANO DE ESCUELAS DE ADMINISTRACION,OLGA LUCIA ARBOLEDA ALVAREZ
GESNE,Participación en comités de evaluación,Acreditación de programas,Comité de autoevalución con fines de Reacreditación,Colombia,2015,http://www.funlam.edu.co/modules/facultadciencias/category.php?categoryid=14,Papel,UNIVERSIDAD CATOLICA LUIS AMIGO,"MARTHA DEL SOCORRO ALZATE CARDENAS, OLGA LUCIA ARBOLEDA ALVAREZ"
GESNE,Participación en comités de evaluación,Acreditación de programas,Comite de autoevaluación con miras a acreditación del programa de Administración de Empresas,Colombia,2015,http://www.funlam.edu.co/modules/facultadciencias/category.php?categoryid=5,Papel,,OLGA LUCIA ARBOLEDA ALVAREZ
GESNE,Participación en comités de evaluación,Otra,Coordinacion área sociohumanista y de énfasis,Colombia,2015,http://www.funlam.edu.co/modules/facultadciencias/item.php?itemid=49,Papel,UNIVERSIDAD CATOLICA LUIS AMIGO,OLGA LUCIA ARBOLEDA ALVAREZ
GESNE,Participación en comités de evaluación,Otra,Revista Fundación Universitaria Luis Amigó,Colombia,2015,http://www.funlam.edu.co/revistas/index.php/RFunlam/about/editorialTeam,Internet,UNIVERSIDAD CATOLICA LUIS AMIGO,VICTORIA BLAQUISED RIVERA
GESNE,Participación en comités de evaluación,Otra,Jurado Concurso de iniciativas Comunitarias,Colombia,2014,http://antioquia.gov.co/index.php/secretaria-de-participacion-ciudadana-y-desarrollo-social/19997,Papel,Gobernacion de Antioquia - Secretaria de participacion Ciudadana y Desarrol,OSWALDO ANTONIO SALGADO CANAVERAL
GESNE,Participación en comités de evaluación,Acreditación de programas,Comite de autoevaluación con miras a acreditación del programa de Administración de Empresas,Colombia,2011,http://www.funlam.edu.co/modules/facultadciencias/category.php?categoryid=5,Internet,UNIVERSIDAD CATOLICA LUIS AMIGO,"OLGA LUCIA ARBOLEDA ALVAREZ, MARTHA DEL SOCORRO ALZATE CARDENAS"
GESNE,Participación en comités de evaluación,Otra,Coordinacion área sociohumanista y de énfasis,Colombia,2010,,Internet,UNIVERSIDAD CATOLICA LUIS AMIGO,OLGA LUCIA ARBOLEDA ALVAREZ
GESNE,Participación en comités de evaluación,Otra,Proyecto de investigación Solidaridad y seguridad social en Colombia 1910-1946,Colombia,2009,,Internet,UNIVERSIDAD COOPERATIVA DE COLOMBIA,"PIEDA  DEL VALLE MONTOYA, OLGA LUCIA ARBOLEDA ALVAREZ"
GESNE,Participación en comités de evaluación,Otra,"Las organizaciones no gubernamentales, una mirada a su dinámica organizacional en Antioquia. Articulo para al Universidad cooperativa de Colombia. Instituto de Economía social y cooperativismo. Abril 18 de 2008",Colombia,2008,,Papel,UNIVERSIDAD COOPERATIVA DE COLOMBIA,OLGA LUCIA ARBOLEDA ALVAREZ
GORAS,Participación en comités de evaluación,Otra,Diplomatura Planeación Estratégica y Prospectiva,Colombia,2019,,Papel,UNIVERSIDAD CATOLICA LUIS AMIGO,JOSE ANTONIO LOPEZ GIRALDO
GORAS,Participación en comités de evaluación,Otra,"Gestión del Riesgo Administrativo y Financiero, en Empresas del Sector de la Economía Solidaria, énfasis Lavado de activos y Financiación del terrorismo",Colombia,2019,,Papel,UNIVERSIDAD CATOLICA LUIS AMIGO,JOSE ANTONIO LOPEZ GIRALDO
GORAS,Participación en comités de evaluación,Otra,Diplomatura en Gestión del Talento Humano,Colombia,2019,,Papel,UNIVERSIDAD CATOLICA LUIS AMIGO,JOSE ANTONIO LOPEZ GIRALDO
GORAS,Participación en comités de evaluación,Otra,"Diplomatura en Gerencia, Liderazgo y Administración Cooperativa",Colombia,2019,,Papel,UNIVERSIDAD CATOLICA LUIS AMIGO,JOSE ANTONIO LOPEZ GIRALDO
GORAS,Participación en comités de evaluación,Otra,Diplomatura Herramientas de Gestión para la Toma de Decisiones,Colombia,2019,,Papel,UNIVERSIDAD CATOLICA LUIS AMIGO,JOSE ANTONIO LOPEZ GIRALDO
GORAS,Participación en comités de evaluación,Otra,Diplomatura en gestión logística y de la producción para PYMES,Colombia,2019,,Papel,UNIVERSIDAD CATOLICA LUIS AMIGO,JOSE ANTONIO LOPEZ GIRALDO
GORAS,Participación en comités de evaluación,Acreditación de programas,Documento autoevaluación especialización en mercadeo estratégico,Colombia,2018,,Papel,UNIVERSIDAD CATOLICA LUIS AMIGO,JAIME ALBERTO BELTRAN RIOS
GORAS,Participación en comités de evaluación,Otra,Diplomatura en Gestión del Mercadeo y Marca Social,Colombia,2018,,Papel,UNIVERSIDAD CATOLICA LUIS AMIGO,JOSE ANTONIO LOPEZ GIRALDO
GORAS,Participación en comités de evaluación,Otra,Diplomatura en Riesgo Psicosocial,Colombia,2018,,Papel,UNIVERSIDAD CATOLICA LUIS AMIGO,JOSE ANTONIO LOPEZ GIRALDO
GORAS,Participación en comités de evaluación,Otra,Documento de autoevaluación para la renovación de la Maestría en Administración,Colombia,2018,,Papel,UNIVERSIDAD CATOLICA LUIS AMIGO,MAURICIO ALEJANDRO BEDOYA JIMENEZ
GORAS,Participación en comités de evaluación,Otra,Diplomatura en Gestión del Talento Humano,Colombia,2018,,Papel,UNIVERSIDAD CATOLICA LUIS AMIGO,JOSE ANTONIO LOPEZ GIRALDO
GORAS,Participación en comités de evaluación,Otra,Diplomatura Planeación Estratégica y Prospectiva,Colombia,2018,,Papel,UNIVERSIDAD CATOLICA LUIS AMIGO,JOSE ANTONIO LOPEZ GIRALDO
GORAS,Participación en comités de evaluación,Otra,"Diplomatura en Gerencia, Liderazgo y Administración Cooperativa",Colombia,2018,,Papel,UNIVERSIDAD CATOLICA LUIS AMIGO,JOSE ANTONIO LOPEZ GIRALDO
GORAS,Participación en comités de evaluación,Otra,Innovación Social en la Gestión de Organizaciones de Economía Solidaria,Colombia,2018,,Papel,UNIVERSIDAD CATOLICA LUIS AMIGO,JOSE ANTONIO LOPEZ GIRALDO
GORAS,Participación en comités de evaluación,Otra,Herramientas de Gestión para la Toma de Decisiones,Colombia,2018,,Papel,UNIVERSIDAD CATOLICA LUIS AMIGO,JOSE ANTONIO LOPEZ GIRALDO
GORAS,Participación en comités de evaluación,Otra,Documento de autoevaluación para la renovación de la Especialización en finanzas - distancia,Colombia,2018,,Papel,UNIVERSIDAD CATOLICA LUIS AMIGO,MAURICIO ALEJANDRO BEDOYA JIMENEZ
GORAS,Participación en comités de evaluación,Otra,Documento de autoevaluación para la renovación de la Especialización en finanzas - Presencial,Colombia,2018,,Papel,UNIVERSIDAD CATOLICA LUIS AMIGO,MAURICIO ALEJANDRO BEDOYA JIMENEZ
GORAS,Participación en comités de evaluación,Otra,"Gestión del Riesgo Administrativo y Financiero, en Empresas del Sector de la Economía Solidaria, énfasis Lavado de activos y Financiación del terrorismo",Colombia,2018,,Papel,UNIVERSIDAD CATOLICA LUIS AMIGO,JOSE ANTONIO LOPEZ GIRALDO
GORAS,Participación en comités de evaluación,Otra,Diplomatura en Finanzas Básicas,Colombia,2018,,Papel,UNIVERSIDAD CATOLICA LUIS AMIGO,JOSE ANTONIO LOPEZ GIRALDO
GORAS,Participación en comités de evaluación,Acreditación de programas,Renovación registro calificado Institución Universitaria Politécnico GranColombiano,Colombia,2017,,Varios,INSTITUCIÓN UNIVERSITARIA POLITÉCNICO GRANCOLOMBIANO,LUIS FERNANDO QUINTERO ARANGO
GORAS,Participación en comités de evaluación,Otra,Diplomatura en Gerencia del Talento Humano,Colombia,2017,,Papel,UNIVERSIDAD CATOLICA LUIS AMIGO,JOSE ANTONIO LOPEZ GIRALDO
GORAS,Participación en comités de evaluación,Otra,"Diplomatura en Gerencia, Liderazgo y Administración Cooperativa",Colombia,2017,,Papel,UNIVERSIDAD CATOLICA LUIS AMIGO,JOSE ANTONIO LOPEZ GIRALDO
GORAS,Participación en comités de evaluación,Otra,Diplomatura en Gestión de Mercadeo Social y Marca Social,Colombia,2017,,Papel,UNIVERSIDAD CATOLICA LUIS AMIGO,JOSE ANTONIO LOPEZ GIRALDO
GORAS,Participación en comités de evaluación,Otra,Curso Modelos Financieros en Excel,Colombia,2017,,Papel,UNIVERSIDAD CATOLICA LUIS AMIGO,JOSE ANTONIO LOPEZ GIRALDO
GORAS,Participación en comités de evaluación,Otra,Diplomatura en Riesgo Psicosocial,Colombia,2017,,Papel,UNIVERSIDAD CATOLICA LUIS AMIGO,JOSE ANTONIO LOPEZ GIRALDO
GORAS,Participación en comités de evaluación,Otra,Curso Liderazgo Transformacional Gerencia Humana,Colombia,2017,,Papel,UNIVERSIDAD CATOLICA LUIS AMIGO,JOSE ANTONIO LOPEZ GIRALDO
GORAS,Participación en comités de evaluación,Otra,Diplomatura en Finanzas Básicas,Colombia,2017,,Papel,UNIVERSIDAD CATOLICA LUIS AMIGO,JOSE ANTONIO LOPEZ GIRALDO
GORAS,Participación en comités de evaluación,Otra,Innovación Social en la Gestión de Organizaciones de Economía Solidaria,Colombia,2017,,Papel,UNIVERSIDAD CATOLICA LUIS AMIGO,JOSE ANTONIO LOPEZ GIRALDO
GORAS,Participación en comités de evaluación,Otra,Herramientas Gerenciales para la Innovación.,Colombia,2016,,Papel,UNIVERSIDAD CATOLICA LUIS AMIGO,JOSE ANTONIO LOPEZ GIRALDO
GORAS,Participación en comités de evaluación,Otra,Diplomatura en Riesgo Psicosocial,Colombia,2016,,Papel,UNIVERSIDAD CATOLICA LUIS AMIGO,JOSE ANTONIO LOPEZ GIRALDO
GORAS,Participación en comités de evaluación,Acreditación de programas,Diplomado en Desarrollo de Competencias Gerenciales,Colombia,2016,,Papel,UNIVERSIDAD CATOLICA LUIS AMIGO,JAIME ALBERTO BELTRAN RIOS
GORAS,Participación en comités de evaluación,Otra,Diplomatura en Gestión de Mercadeo Social y Marca Social,Colombia,2016,,Papel,UNIVERSIDAD CATOLICA LUIS AMIGO,JOSE ANTONIO LOPEZ GIRALDO
GORAS,Participación en comités de evaluación,Otra,Diplomatura ¿Innovación Social en la Gestión de Organizaciones de Economía Solidaria¿,Colombia,2016,,Papel,UNIVERSIDAD CATOLICA LUIS AMIGO,JOSE ANTONIO LOPEZ GIRALDO
GORAS,Participación en comités de evaluación,Otra,Diplomatura en Gestión del Talento Humano,Colombia,2016,,Papel,UNIVERSIDAD CATOLICA LUIS AMIGO,JOSE ANTONIO LOPEZ GIRALDO
GORAS,Participación en comités de evaluación,Otra,Curso Modelos Financieros en Excel,Colombia,2016,,Papel,UNIVERSIDAD CATOLICA LUIS AMIGO,JOSE ANTONIO LOPEZ GIRALDO
GORAS,Participación en comités de evaluación,Otra,"Diplomatura en Gerencia, Liderazgo y Administración Cooperativa",Colombia,2016,,Papel,UNIVERSIDAD CATOLICA LUIS AMIGO,JOSE ANTONIO LOPEZ GIRALDO
GORAS,Participación en comités de evaluación,Otra,Diplomatura en Gestión de Mercadeo Social y Marca Social,Colombia,2015,,Papel,UNIVERSIDAD CATOLICA LUIS AMIGO,JOSE ANTONIO LOPEZ GIRALDO
GORAS,Participación en comités de evaluación,Otra,Liderazgo Transformacional Gerencia Humana,Colombia,2015,,Papel,UNIVERSIDAD CATOLICA LUIS AMIGO,JOSE ANTONIO LOPEZ GIRALDO
GORAS,Participación en comités de evaluación,Otra,Curso de Modelos Financieros en Excel,Colombia,2015,,Papel,UNIVERSIDAD CATOLICA LUIS AMIGO,JOSE ANTONIO LOPEZ GIRALDO
GORAS,Participación en comités de evaluación,Acreditación de programas,Comité de autoevalución con fines de Reacreditación,Colombia,2015,http://www.funlam.edu.co/modules/facultadciencias/category.php?categoryid=14,Papel,UNIVERSIDAD CATOLICA LUIS AMIGO,"MARTHA DEL SOCORRO ALZATE CARDENAS, OLGA LUCIA ARBOLEDA ALVAREZ"
GORAS,Participación en comités de evaluación,Otra,El Factor de Genero en la Gestión Empresarial,Colombia,2015,,Papel,UNIVERSIDAD CATOLICA LUIS AMIGO,JOSE ANTONIO LOPEZ GIRALDO
GORAS,Participación en comités de evaluación,Otra,Diplomatura en Riesgo Psicosocial,Colombia,2015,,Papel,UNIVERSIDAD CATOLICA LUIS AMIGO,JOSE ANTONIO LOPEZ GIRALDO
GORAS,Participación en comités de evaluación,Otra,Diplomatura en Gestión del Talento Humano,Colombia,2015,,Papel,UNIVERSIDAD CATOLICA LUIS AMIGO,JOSE ANTONIO LOPEZ GIRALDO
GORAS,Participación en comités de evaluación,Acreditación de programas,Comite de autoevaluación con miras a acreditación del programa de Administración de Empresas,Colombia,2011,http://www.funlam.edu.co/modules/facultadciencias/category.php?categoryid=14,Papel,UNIVERSIDAD CATOLICA LUIS AMIGO,"MARTHA DEL SOCORRO ALZATE CARDENAS, OLGA LUCIA ARBOLEDA ALVAREZ"
GORAS,Participación en comités de evaluación,Profesor titular,RELACIÓN CULTURAL EN LA EVOLUCIÓN SOCIOECONÓMICA DE BOYACÁ,Colombia,2011,RELACIÓN CULTURAL EN LA EVOLUCIÓN SOCIOECONOMICA DE BOYACÁ,Papel,Universidad Antonio Nariño - Sede Bogotá - U.A.N.,CARLOS ANDRES ARISTIZABAL BOTERO
GORAS,Participación en comités de evaluación,Profesor titular,"EL DESARROLLO DE LOS SISTEMAS DE ADMINISTRACIÓN DE RIESGOS (SAR) EN EL AMBIENTE INFORMÁTICO, DE LAS EMPRESAS Y/O ENTIDADES PRIVADAS Y PÚBLICAS EN BOGOTA D.C.",Colombia,2011,http://www.uan.edu.co/,Papel,Universidad Antonio Nariño - Sede Bogotá - U.A.N.,CARLOS ANDRES ARISTIZABAL BOTERO
GORAS,Participación en comités de evaluación,Profesor titular,Capital social ¿Factor Comunidad? De las organizaciones de población desplazada de la ciudad de Medellín y su incidencia en las condiciones de vida de las familias vinculadas,Colombia,2009,www.funlam.edu.co,Papel,UNIVERSIDAD CATOLICA LUIS AMIGO,CARLOS ANDRES ARISTIZABAL BOTERO
GORAS,Participación en comités de evaluación,Profesor titular,RECURSOS DE REGALÍAS Y SU IMPACTO EN LA CALIDAD DE VIDA DE LOS HABITANTES DE LOS MUNICIPIOS DE SAN ANTERO Y SAHAGÚN EN EL DEPARTAMENTO DE CÓRDOBA,Colombia,2009,www.funlam.edu.co,Papel,UNIVERSIDAD CATOLICA LUIS AMIGO,CARLOS ANDRES ARISTIZABAL BOTERO
GORAS,Participación en comités de evaluación,Otra,"Impacto de un programa educativo en enfermería en la mejoría de los comportamientos de autocuidado en pacientes con falla cardíaca en una institución hospitalaria de Medellín, 2010",Colombia,2009,,Papel,UNIVERSIDAD DE ANTIOQUIA,CARLOS ANDRES ARISTIZABAL BOTERO
JURIDICAS Y SOCIALES,Participación en comités de evaluación,Otra,XVI Encuentro Regional de la Red de Grupos y Centros de Investigación Jurídica y Sociojurídica - Red Sociojurídica,Colombia,2022,,Otro,UNIVERSIDAD CATOLICA LUIS AMIGO,ELVIGIA CARDONA ZULETA
JURIDICAS Y SOCIALES,Participación en comités de evaluación,Otra,XX Jornadas de Investigación e Innovación,Colombia,2021,https://inclucess.ces.edu.co/investigacion/actividades-eventos/jornadas/dashboard-evaluacion-proyecto,Internet,UNIVERSIDAD CES,ELVIGIA CARDONA ZULETA
JURIDICAS Y SOCIALES,Participación en comités de evaluación,Otra,XV ENCUENTRO NODO ANTIOQUIA de la Red de Grupos y Centros de Investigación Jurídica y Socio Jurídica RED SOCIOJURÍDICA,Colombia,2021,https://www.uniremington.edu.co/,Internet,Universidad Remington,ELVIGIA CARDONA ZULETA
JURIDICAS Y SOCIALES,Participación en comités de evaluación,Otra,XIV ENCUENTRO NODO ANTIOQUIA de la Red de Grupos y Centros de Investigación Jurídica y Socio Jurídica RED SOCIOJURÍDICA,Colombia,2020,https://udemedellin.edu.co,Internet,UNIVERSIDAD DE MEDELLIN,ELVIGIA CARDONA ZULETA
JURIDICAS Y SOCIALES,Participación en comités de evaluación,Otra,Sexto Concurso Internacional de Derechos Humanos,Colombia,2019,https://www.icdhcolombia.org/Concurso/,Varios,UNIVERSIDAD AUTÓNOMA LATINOAMERICANA -UNAULA-,LAURA VICTORIA CARDENAS ROJAS
JURIDICAS Y SOCIALES,Participación en comités de evaluación,Otra,Segunda versión del Concurso Reconocimiento a la incorporación del derecho a la igualdad y la no discriminación en las sentencias judiciales,Colombia,2019,/comision-nacional-de-genero/-/finalizacion-del-concurso-%E2%80%9Creconocimiento-a-la-incorporacion-del-derecho-a-la-igualdad-y-la-no-discriminacion-en-las-sentencias-judiciales%E2%80%9D,Papel,DIRECCION EJECUTIVA SECCIONAL DE ADMINISTRACION JUDICIAL BOGOTA CUNDINAMARCA,ELVIGIA CARDONA ZULETA
JURIDICAS Y SOCIALES,Participación en comités de evaluación,Otra,"Autoevaluación del Pregrado de Derecho, Universidad Católica Luis Amigó",Colombia,2019,,Papel,UNIVERSIDAD CATOLICA LUIS AMIGO,ELVIGIA CARDONA ZULETA
JURIDICAS Y SOCIALES,Participación en comités de evaluación,Otra,VIII Encuentro Nodo Eje Cafetero de Investigación Jurídica y Sociojurídica,Colombia,2016,,Otro,UNIVERSIDAD DE CALDAS,JESUS DAVID LONDONO BEDOYA
JURIDICAS Y SOCIALES,Participación en comités de evaluación,Otra,Revista Summa Iuris. Volumen 4. Número 1. (2016).,Colombia,2016,http://www.funlam.edu.co/revistas/index.php/summaiuris/index,Internet,,JESUS DAVID LONDONO BEDOYA
JURIDICAS Y SOCIALES,Participación en comités de evaluación,Otra,Evaluador de Artículo Jurídico Revista Ambiente Jurídico: La Transición hacia la independencia de la Querella Inofficiosae Dotis,Colombia,2014,,Papel,Centro De Investigaciones Universidad De Manizales,PAULO BERNARDO ARBOLEDA RAMIREZ
JURIDICAS Y SOCIALES,Participación en comités de evaluación,Evaluación de cursos,"VI ENCUENTRO NODAL DE INVESTIGACIÓN JURÍDICA Y SOCIO-JURÍDICA 2014 ¿Normativismo jurídico, activismo judicial y pluralismo jurídico: desafíos contemporáneos de la investigación jurídica y socio-jurídica¿. Nombre de la Ponencia: ¿Relación existente entre la teoría de Maurice Duverger, la legislación",Colombia,2014,,Papel,UNIVERSIDAD COOPERATIVA DE COLOMBIA,PAULO BERNARDO ARBOLEDA RAMIREZ
JURIDICAS Y SOCIALES,Participación en comités de evaluación,Evaluación de cursos,"VI ENCUENTRO NODAL DE INVESTIGACIÓN JURÍDICA Y SOCIO-JURÍDICA 2014 ¿Normativismo jurídico, activismo judicial y pluralismo jurídico: desafíos contemporáneos de la investigación jurídica y socio-jurídica¿. ¿Retos e implicaciones desde el derecho privado y urbanístico colombiano en el contexto del der",Colombia,2014,,Papel,,PAULO BERNARDO ARBOLEDA RAMIREZ
JURIDICAS Y SOCIALES,Participación en comités de evaluación,Otra,"PAR EVALUADOR:VI ENCUENTRO NODAL DE INVESTIGACIÓN JURÍDICA Y SOCIO- JURÍDICA ¿Normativismo jurídico, activismo judicial y pluralismo jurídico: desafíos contemporáneos. Ponencia Evaluada:Presupuesto Participativo en Cartago y Manizales 2014:límite yoportunidad de la democracia",Colombia,2014,,Otro,FUNDACION UNIVERSITARIA DEL AREA ANDINA,MILTON CESAR JIMENEZ RAMIREZ
JURIDICAS Y SOCIALES,Participación en comités de evaluación,Otra,"PAR EVALUADOR: VI ENCUENTRO NODAL DE INVESTIGACIÓN JURÍDICA Y SOCIO- JURÍDICA ¿Normativismo jurídico, activismo judicial y pluralismo jurídico: La vulneración de los derechos fundamentales de los niños, niñas y adolescentes en la actualidad.",Colombia,2014,,Papel,FUNDACION UNIVERSITARIA DEL AREA ANDINA,MILTON CESAR JIMENEZ RAMIREZ
JURIDICAS Y SOCIALES,Participación en comités de evaluación,Evaluación de cursos,"EVALUADOR DE ARTICULO JURIDICO REVISTA AMBIENTE JURIDICO (NUM 14): EPISTEMOLOGÍA Y DERECHO APUNTES PARA UN ESTUDIO CRÍTICO DE LA TEORÍA, LA PRÁCTICA Y LA ENSEÑANZA DEL SABER JURÍDICO",Colombia,2013,,Papel,Universidad De Manizales - Umanizales,MILTON CESAR JIMENEZ RAMIREZ
JURIDICAS Y SOCIALES,Participación en comités de evaluación,Otra,Evaluación de artículo publicable: LAS IMPORTACIONES PARALELAS Y LA LIBRE COMPETENCIA.,Colombia,2010,,Papel,UNIVERSIDAD CATOLICA LUIS AMIGO,ANA MARIA MESA ELNESER
JURIDICAS Y SOCIALES,Participación en comités de evaluación,Otra,Evaluación de artículo publicable: APROXIMACIÓN JURISPRUDENCIAL A LA PREVALENCIA ENTRE EL DERECHO A UN AMBIENTE SANO Y EL DERECHO A LA VIVIENDA DIGNA EN COLOMBIA,Colombia,2010,,Papel,UNIVERSIDAD CATOLICA LUIS AMIGO,JORGE EDUARDO VASQUEZ SANTAMARIA
JURIDICAS Y SOCIALES,Participación en comités de evaluación,Otra,Evaluación de artículo publicable: ACERCAMIENTO AL CONTENIDO Y ALCANCES DEL DERECHO AL AMBIENTE EN LA SOCIEDAD GLOBALIZADA,Colombia,2010,,Papel,UNIVERSIDAD CATOLICA LUIS AMIGO,JORGE EDUARDO VASQUEZ SANTAMARIA
JURIDICAS Y SOCIALES,Participación en comités de evaluación,Otra,Evaluación de proyecto de investigación: Pertienencia e impacto social de la investigación jurídica: El caso del programa de Derecho de la Universidad de Antioquia 1992 - 2009,Colombia,2010,,Papel,UNIVERSIDAD DE ANTIOQUIA,JORGE EDUARDO VASQUEZ SANTAMARIA
JURIDICAS Y SOCIALES,Participación en comités de evaluación,Otra,Evaluación de ponencia: LOS INSTRUMENTOS DE RECUPERACIÓN DE LA PLUSVALÍA EN COLOMBIA Y SU IMPACTO EN EL DESARROLLO DE LAS CIUDADES.,Colombia,2010,,Papel,FUNDACIÓN UNIVERSIDAD DEL NORTE,JORGE EDUARDO VASQUEZ SANTAMARIA
JURIDICAS Y SOCIALES,Participación en comités de evaluación,Otra,Evaluación de ponencia para Red: RENOVACIÓN DE LA PRÁCTICA PEDAGÓGICA JURÍDICA CON LA INSERCIÓN DE LAS TIC: APLICACIÓN DE MODELO B-LEARNING EN LA ENSEÑANZA DEL DERECHO.,Colombia,2010,,Papel,UNIVERSIDAD CATOLICA LUIS AMIGO,ANA MARIA MESA ELNESER
JURIDICAS Y SOCIALES,Participación en comités de evaluación,Otra,Evaluación ponencia: La ciudadanía alternativa en el contexto teórico práctico,Colombia,2010,,Internet,UNIVERSIDAD CATOLICA LUIS AMIGO,ANA MARIA MESA ELNESER
JURIDICAS Y SOCIALES,Participación en comités de evaluación,Otra,Evaluación de ponencia: El Lenguaje jurídico un juego de deconstrucción,Colombia,2010,,Internet,UNIVERSIDAD CATOLICA LUIS AMIGO,ANA MARIA MESA ELNESER
JURIDICAS Y SOCIALES,Participación en comités de evaluación,Otra,"Evaluación ponencia: Políticas públicas y gobierno público en Medellín, estrategias de consolidación del derecho público con perspectiva territorial.",Colombia,2010,,Papel,UNIVERSIDAD CATOLICA LUIS AMIGO,MARIA CLARA SANCHEZ VELEZ
JURIDICAS Y SOCIALES,Participación en comités de evaluación,Otra,Evaluación ponencia ¿Niños y niñas como ciudadanos en ejercicio? Avances sobre un estadio interdisciplinar sobre la familia y la escuela.,Colombia,2010,,Papel,UNIVERSIDAD CATOLICA LUIS AMIGO,MARIA CLARA SANCHEZ VELEZ
JURIDICAS Y SOCIALES,Participación en comités de evaluación,Otra,Evaluador ponencia: Aportes de la formación ciudadana a la construcción de ciudad.,Colombia,2010,,Papel,UNIVERSIDAD CATOLICA LUIS AMIGO,JORGE EDUARDO VASQUEZ SANTAMARIA
JURIDICAS Y SOCIALES,Participación en comités de evaluación,Otra,Evaluador ponencia: El desarrollo urbanístico informal frente al control de las oficinas de planeación y el lesseferismo de las curadurías.,Colombia,2010,,Papel,UNIVERSIDAD CATOLICA LUIS AMIGO,JORGE EDUARDO VASQUEZ SANTAMARIA
JURIDICAS Y SOCIALES,Participación en comités de evaluación,Otra,"Evaluación proyecto de investigación Reforma constitucional y división de poderes, ejecutivo poderoso y constitucion relegada",Colombia,2009,,Papel,Corporación Universitaria de Sabaneta,JORGE EDUARDO VASQUEZ SANTAMARIA
JURIDICAS Y SOCIALES,Participación en comités de evaluación,Otra,"Evaluacion de ponencia publicable Independencia Judicial, Derechos Humanos y Poder Público",Colombia,2009,,Papel,UNIVERSIDAD CATOLICA LUIS AMIGO,MARIA CLARA SANCHEZ VELEZ
JURIDICAS Y SOCIALES,Participación en comités de evaluación,Otra,Evaluación de ponencia publicable Lo Colectivo o la Defensa de la Comunidad a la luz de la Preceptiva Constitución Colombiana.,Colombia,2009,,Papel,UNIVERSIDAD CATOLICA LUIS AMIGO,MARIA CLARA SANCHEZ VELEZ
JURIDICAS Y SOCIALES,Participación en comités de evaluación,Otra,Dirección estratégica y conflicto político en el Aburrá sur. Análisis de tendencias y soluciones,Colombia,2009,,Papel,Corporación Universitaria de Sabaneta,JORGE EDUARDO VASQUEZ SANTAMARIA
JURIDICAS Y SOCIALES,Participación en comités de evaluación,Otra,Conflictos familiares en el municipio de Sabaneta; de los cuales se remitió la correspondiente acta de evaluación.,Colombia,2009,,Papel,Corporación Universitaria de Sabaneta,JORGE EDUARDO VASQUEZ SANTAMARIA
JURIDICAS Y SOCIALES,Participación en comités de evaluación,Otra,El Ahorro voluntario como beneficio de Pensión Anticipada de Vejez,Colombia,2009,,Papel,INSTITUCIÓN UNIVERSITARIA DE ENVIGADO,"CAROLINA RAMIREZ GIL, JORGE EDUARDO VASQUEZ SANTAMARIA"
JURIDICAS Y SOCIALES,Participación en comités de evaluación,Otra,Analisis de las circustancias legales en las que opera el reintegro laboral,Colombia,2009,,Papel,INSTITUCIÓN UNIVERSITARIA DE ENVIGADO,JORGE EDUARDO VASQUEZ SANTAMARIA
JURIDICAS Y SOCIALES,Participación en comités de evaluación,Otra,Evaluación artículo para revista RESPONSABILIDAD CIVIL EXTRACONTRACTUAL DE LOS PORTADORES DE VIH - SIDA,Colombia,2009,,Papel,INSTITUCIÓN UNIVERSITARIA DE ENVIGADO,JORGE EDUARDO VASQUEZ SANTAMARIA
JURIDICAS Y SOCIALES,Participación en comités de evaluación,Otra,Evaluación de la ponencia Experiencia en investigación formativa: Constitución de un Semillero de Investigación en Derecho Romano,Colombia,2008,,,FUNDACIÓN  UNIVERSITARIA TECNOLOGICO COMFENALCO CARTAGENA,JORGE EDUARDO VASQUEZ SANTAMARIA
SISCO,Participación en comités de evaluación,Profesor titular,Torneo Rebotica E-X-Trema - 2015,Colombia,2015,,Varios,UNIVERSIDAD CATOLICA LUIS AMIGO,LINA MARIA MONTOYA SUAREZ
SISCO,Participación en comités de evaluación,Evaluación de cursos,VIII Red Colombiana de Semilleros de lnvesligacion - Nodo Antioquia,Colombia,2014,,Varios,POLITÉCNICO COLOMBIANO JAIME ISAZA CADAVID,LINA MARIA MONTOYA SUAREZ
SISCO,Participación en comités de evaluación,Profesor titular,Red Colombiana de Semilleros de Investigación XIII - Encuentro Regional de InvestigaciónI,Colombia,2014,http://www.fundacionredcolsi.org/,Internet,,WALTER HUGO ARBOLEDA MAZO
SISCO,Participación en comités de evaluación,Otra,Concurso Nacional de robótica First Lego League Colombia 2014,Colombia,2014,http://www.firstlegoleague.co/,Papel,UNIVERSIDAD CATOLICA LUIS AMIGO,WALTER HUGO ARBOLEDA MAZO
SISCO,Participación en comités de evaluación,Profesor titular,"Torneo Nacional FLL: First Lego League en: Fundación Global: arte, ciencia y tecnología - 2013",Colombia,2013,,Varios,,LINA MARIA MONTOYA SUAREZ
SISCO,Participación en comités de evaluación,Otra,Editor Revista Lámpsakos,Colombia,2013,http://www.funlam.edu.co/lampsakos,Papel,,GABRIEL JAIME CORREA HENAO
SISCO,Participación en comités de evaluación,Evaluación de cursos,XII Encuentro Regional de semilleros de investigación,Colombia,2013,,Papel,Fundación Red Colombiana de Semilleros de Investigación RedColsi,LINA MARIA MONTOYA SUAREZ
SISCO,Participación en comités de evaluación,Otra,Revista de ingeniería Lampsakos,Colombia,2013,http://www.funlam.edu.co/lampsakos/,Internet,UNIVERSIDAD CATOLICA LUIS AMIGO,LUIS EDUARDO VAHOS HERNANDEZ
SISCO,Participación en comités de evaluación,Profesor titular,"Diversos artículos académicos en la revista Lámpsakos de la Facultad de Ingenierías de la Fundación Universitaria Luis Amigó en: Fundación Universitaria ""Luis Amigo""",Colombia,2013,,Internet,,LINA MARIA MONTOYA SUAREZ
SISCO,Participación en comités de evaluación,Evaluación de cursos,Concurso de robótica First Lego League,Colombia,2012,http://www.firstlegoleague.co/,Internet,ciencia y tecnología,JUAN CARLOS MONSALVE GOMEZ
SISCO,Participación en comités de evaluación,Concurso docente,"Concurso de Robótica con Sentido Social ""First Lego League",Colombia,2011,http://www.elcolombiano.com/BancoConocimiento/R/robots_locales_con_visa_internacional/robots_locales_con_visa_internacional.asp,Papel,CORPORACIÓN PARQUE EXPLORA,INGRID DURLEY TORRES PARDO
SISCO,Participación en comités de evaluación,Profesor titular,Autoevaluación institucional,Colombia,2009,,Papel,UNIVERSIDAD CATOLICA LUIS AMIGO,EDGAR SERNA M
SISCO,Participación en comités de evaluación,Profesor titular,Reestructuración del pensum de la carrera Ingeniería de Sistemas,Colombia,2009,,Papel,UNIVERSIDAD CATOLICA LUIS AMIGO,EDGAR SERNA M
